estimatedTimeBeijing,actualIntervalMs,anomalyStatus,anomalyNote,source,index,integrityOk,bootSessionId,uptimeMs,windOk,airOk,soilOk,solar1Ok,solar2Ok,airPressureHpa,windVoltage,windSpeedMs,airTemperatureC,airHumidityPercent,soilTemperatureC,soilMoisturePercent,solar1Wm2,solar2Wm2
"=DATE(2026,7,30)+TIME(13,40,0)",,,,current,0,True,3906736965,120788,True,True,True,True,True,1009,0.0,0.0,38.11,55.29,34.1,12.5,19,81,
"=A2+IF(H3=H2,I3-I2,I3)/86400000","=IF(H3=H2,I3-I2,I3)",,,current,1,True,3906736965,421749,True,True,True,True,True,1010,0.0,0.0,37.95,55.0,34.2,13.5,21,86,
"=A3+IF(H4=H3,I4-I3,I4)/86400000","=IF(H4=H3,I4-I3,I4)",,,current,2,True,3906736965,722705,True,True,True,True,True,1010,0.0,0.0,38.39,54.93,34.1,13.5,46,150,
"=A4+IF(H5=H4,I5-I4,I5)/86400000","=IF(H5=H4,I5-I4,I5)",,,current,3,True,3906736965,1023666,True,True,True,True,True,1010,0.0,0.0,38.26,54.84,34.2,13.5,22,90,
"=A5+IF(H6=H5,I6-I5,I6)/86400000","=IF(H6=H5,I6-I5,I6)",,,current,4,True,3906736965,1324627,True,True,True,True,True,1010,0.016,0.429,37.94,54.65,34.1,13.5,13,52,
"=A6+IF(H7=H6,I7-I6,I7)/86400000","=IF(H7=H6,I7-I6,I7)",,,current,5,True,3906736965,1625634,True,True,True,True,True,1009,0.006,0.165,37.29,54.4,34.1,13.5,10,42,
"=A7+IF(H8=H7,I8-I7,I8)/86400000","=IF(H8=H7,I8-I7,I8)",,,current,6,True,3906736965,1926583,True,True,True,True,True,1010,0.0,0.0,37.09,54.21,34.1,13.5,12,46,
"=A8+IF(H9=H8,I9-I8,I9)/86400000","=IF(H9=H8,I9-I8,I9)",,,current,7,True,3906736965,2227538,True,True,True,True,True,1010,0.0,0.0,37.93,54.3,34.1,13.5,40,114,
"=A9+IF(H10=H9,I10-I9,I10)/86400000","=IF(H10=H9,I10-I9,I10)",,,current,8,True,3906736965,2528500,True,True,True,True,True,1009,0.0,0.0,37.5,54.22,34.1,13.5,7,31,
"=A10+IF(H11=H10,I11-I10,I11)/86400000","=IF(H11=H10,I11-I10,I11)",,,current,9,True,3906736965,2829467,True,True,True,True,True,1009,0.0,0.0,36.27,53.89,34.0,13.5,9,38,
"=A11+IF(H12=H11,I12-I11,I12)/86400000","=IF(H12=H11,I12-I11,I12)",,,current,10,True,3906736965,3130462,True,True,True,True,True,1009,0.0,0.0,35.47,53.58,33.9,13.5,9,42,
"=A12+IF(H13=H12,I13-I12,I13)/86400000","=IF(H13=H12,I13-I12,I13)",,,current,11,True,3906736965,3431427,True,True,True,True,True,1009,0.0,0.0,35.04,53.48,33.9,13.4,7,30,
"=A13+IF(H14=H13,I14-I13,I14)/86400000","=IF(H14=H13,I14-I13,I14)",,,current,12,True,3906736965,3732392,True,True,True,True,True,1009,0.0,0.0,34.67,53.37,33.8,13.4,4,18,
"=A14+IF(H15=H14,I15-I14,I15)/86400000","=IF(H15=H14,I15-I14,I15)",,,current,13,True,3906736965,4033359,True,True,True,True,True,1009,0.0,0.0,34.43,53.38,33.7,13.4,5,23,
"=A15+IF(H16=H15,I16-I15,I16)/86400000","=IF(H16=H15,I16-I15,I16)",,,current,14,True,3906736965,4334326,True,True,True,True,True,1009,0.0,0.0,34.34,53.42,33.6,13.3,6,25,
"=A16+IF(H17=H16,I17-I16,I17)/86400000","=IF(H17=H16,I17-I16,I17)",,,current,15,True,3906736965,4635294,True,True,True,True,True,1008,0.0,0.0,34.64,53.57,33.6,13.4,8,32,
"=A17+IF(H18=H17,I18-I17,I18)/86400000","=IF(H18=H17,I18-I17,I18)",,,current,16,True,3906736965,4936265,True,True,True,True,True,1009,0.0,0.0,35.01,53.74,33.5,13.3,13,47,
"=A18+IF(H19=H18,I19-I18,I19)/86400000","=IF(H19=H18,I19-I18,I19)",,,current,17,True,3906736965,5237236,True,True,True,True,True,1009,0.0,0.0,35.36,53.95,33.5,13.3,14,53,
"=A19+IF(H20=H19,I20-I19,I20)/86400000","=IF(H20=H19,I20-I19,I20)",,,current,18,True,3906736965,5538210,True,True,True,True,True,1009,0.0,0.0,35.52,54.02,33.4,13.3,17,64,
"=A20+IF(H21=H20,I21-I20,I21)/86400000","=IF(H21=H20,I21-I20,I21)",,,current,19,True,3906736965,5839188,True,True,True,True,True,1009,0.0,0.0,35.82,54.2,33.4,13.3,20,78,
"=A21+IF(H22=H21,I22-I21,I22)/86400000","=IF(H22=H21,I22-I21,I22)",,,current,20,True,3906736965,6140169,True,True,True,True,True,1009,0.0,0.0,36.88,54.42,33.4,13.3,46,153,
"=A22+IF(H23=H22,I23-I22,I23)/86400000","=IF(H23=H22,I23-I22,I23)",,,current,21,True,3906736965,6441150,True,True,True,True,True,1009,0.0,0.0,37.68,54.72,33.4,13.3,45,160,
"=A23+IF(H24=H23,I24-I23,I24)/86400000","=IF(H24=H23,I24-I23,I24)",,,current,22,True,3906736965,6742161,True,True,True,True,True,1009,0.0,0.0,37.68,54.75,33.4,13.4,31,120,
"=A24+IF(H25=H24,I25-I24,I25)/86400000","=IF(H25=H24,I25-I24,I25)",,,current,23,True,3906736965,7043121,True,True,True,True,True,1009,0.0,0.0,37.9,54.8,33.5,13.4,38,135,
"=A25+IF(H26=H25,I26-I25,I26)/86400000","=IF(H26=H25,I26-I25,I26)",,,current,24,True,3906736965,7344081,True,True,True,True,True,1009,0.0,0.0,38.22,54.76,33.5,13.3,52,170,
"=A26+IF(H27=H26,I27-I26,I27)/86400000","=IF(H27=H26,I27-I26,I27)",,,current,25,True,3906736965,7645042,True,True,True,True,True,1009,0.028,0.758,37.81,54.77,33.5,13.3,15,62,
"=A27+IF(H28=H27,I28-I27,I28)/86400000","=IF(H28=H27,I28-I27,I28)",,,current,26,True,3906736965,7946004,True,True,True,True,True,1009,0.0,0.0,36.65,54.55,33.5,13.3,10,44,
"=A28+IF(H29=H28,I29-I28,I29)/86400000","=IF(H29=H28,I29-I28,I29)",,,current,27,True,3906736965,8246971,True,True,True,True,True,1009,0.016,0.429,35.27,53.97,33.5,13.3,8,33,
"=A29+IF(H30=H29,I30-I29,I30)/86400000","=IF(H30=H29,I30-I29,I30)",,,current,28,True,3906736965,8547939,True,True,True,True,True,1009,0.032,0.857,33.36,53.54,33.4,13.3,4,20,
"=A30+IF(H31=H30,I31-I30,I31)/86400000","=IF(H31=H30,I31-I30,I31)",,,current,29,True,3906736965,8848909,True,True,True,True,True,1009,0.054,1.451,30.37,52.79,33.2,12.8,4,17,
"=A31+IF(H32=H31,I32-I31,I32)/86400000","=IF(H32=H31,I32-I31,I32)",,,current,30,True,3906736965,9149879,True,True,True,True,True,1009,0.023,0.626,28.53,51.89,32.9,15.1,4,19,
"=A32+IF(H33=H32,I33-I32,I33)/86400000","=IF(H33=H32,I33-I32,I33)",,,current,31,True,3906736965,9450853,True,True,True,True,True,1009,0.106,2.868,30.19,52.2,32.7,15.1,4,20,
"=A33+IF(H34=H33,I34-I33,I34)/86400000","=IF(H34=H33,I34-I33,I34)",,,current,32,True,3906736965,9751828,True,True,True,True,True,1009,0.021,0.56,29.43,52.31,32.5,14.6,4,16,
"=A34+IF(H35=H34,I35-I34,I35)/86400000","=IF(H35=H34,I35-I34,I35)",,,current,33,True,3906736965,10052807,True,True,True,True,True,1009,0.0,0.0,28.89,52.26,32.2,14.4,4,17,
"=A35+IF(H36=H35,I36-I35,I36)/86400000","=IF(H36=H35,I36-I35,I36)",,,current,34,True,3906736965,10353783,True,True,True,True,True,1009,0.0,0.0,28.78,52.38,32.0,14.3,4,18,
"=A36+IF(H37=H36,I37-I36,I37)/86400000","=IF(H37=H36,I37-I36,I37)",,,current,35,True,3906736965,10654765,True,True,True,True,True,1009,0.0,0.0,28.7,52.47,31.9,14.3,4,17,
"=A37+IF(H38=H37,I38-I37,I38)/86400000","=IF(H38=H37,I38-I37,I38)",,,current,36,True,3906736965,10955747,True,True,True,True,True,1009,0.0,0.0,28.9,52.62,31.8,14.2,4,15,
"=A38+IF(H39=H38,I39-I38,I39)/86400000","=IF(H39=H38,I39-I38,I39)",,,current,37,True,3906736965,11256729,True,True,True,True,True,1009,0.0,0.0,29.1,52.97,31.8,14.2,4,15,
"=A39+IF(H40=H39,I40-I39,I40)/86400000","=IF(H40=H39,I40-I39,I40)",,,current,38,True,3906736965,11557748,True,True,True,True,True,1009,0.0,0.0,29.17,53.22,31.8,14.1,3,13,
"=A40+IF(H41=H40,I41-I40,I41)/86400000","=IF(H41=H40,I41-I40,I41)",,,current,39,True,3906736965,11858709,True,True,True,True,True,1009,0.0,0.0,29.3,53.46,31.7,14.0,3,12,
"=A41+IF(H42=H41,I42-I41,I42)/86400000","=IF(H42=H41,I42-I41,I42)",,,current,40,True,3906736965,12159670,True,True,True,True,True,1009,0.0,0.0,29.43,53.69,31.7,14.0,2,10,
"=A42+IF(H43=H42,I43-I42,I43)/86400000","=IF(H43=H42,I43-I42,I43)",,,current,41,True,3906736965,12460634,True,True,True,True,True,1009,0.0,0.0,29.59,54.03,31.7,13.9,3,13,
"=A43+IF(H44=H43,I44-I43,I44)/86400000","=IF(H44=H43,I44-I43,I44)",,,current,42,True,3906736965,12761600,True,True,True,True,True,1009,0.0,0.0,29.98,54.37,31.7,13.9,8,35,
"=A44+IF(H45=H44,I45-I44,I45)/86400000","=IF(H45=H44,I45-I44,I45)",,,current,43,True,3906736965,13062568,True,True,True,True,True,1009,0.0,0.0,30.08,54.65,31.7,13.9,5,21,
"=A45+IF(H46=H45,I46-I45,I46)/86400000","=IF(H46=H45,I46-I45,I46)",,,current,44,True,3906736965,13363539,True,True,True,True,True,1009,0.0,0.0,30.36,54.97,31.6,13.9,9,40,
"=A46+IF(H47=H46,I47-I46,I47)/86400000","=IF(H47=H46,I47-I46,I47)",,,current,45,True,3906736965,13664510,True,True,True,True,True,1009,0.0,0.0,30.75,55.35,31.6,13.9,9,38,
"=A47+IF(H48=H47,I48-I47,I48)/86400000","=IF(H48=H47,I48-I47,I48)",,,current,46,True,3906736965,13965482,True,True,True,True,True,1009,0.0,0.0,30.95,55.71,31.6,13.9,10,39,
"=A48+IF(H49=H48,I49-I48,I49)/86400000","=IF(H49=H48,I49-I48,I49)",,,current,47,True,3906736965,14266458,True,True,True,True,True,1009,0.006,0.165,30.96,56.02,31.5,13.9,9,37,
"=A49+IF(H50=H49,I50-I49,I50)/86400000","=IF(H50=H49,I50-I49,I50)",,,current,48,True,3906736965,14567438,True,True,True,True,True,1009,0.0,0.0,31.09,56.31,31.5,13.8,9,36,
"=A50+IF(H51=H50,I51-I50,I51)/86400000","=IF(H51=H50,I51-I50,I51)",,,current,49,True,3906736965,14868416,True,True,True,True,True,1009,0.0,0.0,31.11,56.56,31.5,13.8,8,31,
"=A51+IF(H52=H51,I52-I51,I52)/86400000","=IF(H52=H51,I52-I51,I52)",,,current,50,True,3906736965,15169396,True,True,True,True,True,1009,0.0,0.0,31.09,56.87,31.5,13.8,5,20,
"=A52+IF(H53=H52,I53-I52,I53)/86400000","=IF(H53=H52,I53-I52,I53)",,,current,51,True,3906736965,15470381,True,True,True,True,True,1009,0.111,3.0,30.88,57.04,31.5,13.8,5,20,
"=A53+IF(H54=H53,I54-I53,I54)/86400000","=IF(H54=H53,I54-I53,I54)",,,current,52,True,3906736965,15771369,True,True,True,True,True,1009,0.0,0.0,30.74,57.2,31.5,13.8,4,15,
"=A54+IF(H55=H54,I55-I54,I55)/86400000","=IF(H55=H54,I55-I54,I55)",,,current,53,True,3906736965,16072356,True,True,True,True,True,1009,0.0,0.0,30.6,57.34,31.4,13.7,3,13,
"=A55+IF(H56=H55,I56-I55,I56)/86400000","=IF(H56=H55,I56-I55,I56)",,,current,54,True,3906736965,16373375,True,True,True,True,True,1009,0.0,0.0,30.57,57.59,31.4,13.8,3,12,
"=A56+IF(H57=H56,I57-I56,I57)/86400000","=IF(H57=H56,I57-I56,I57)",,,current,55,True,3906736965,16674338,True,True,True,True,True,1009,0.0,0.0,30.54,57.8,31.3,13.8,3,10,
"=A57+IF(H58=H57,I58-I57,I58)/86400000","=IF(H58=H57,I58-I57,I58)",,,current,56,True,3906736965,16975305,True,True,True,True,True,1009,0.006,0.165,30.42,57.96,31.2,13.8,2,8,
"=A58+IF(H59=H58,I59-I58,I59)/86400000","=IF(H59=H58,I59-I58,I59)",,,current,57,True,3906736965,17276271,True,True,True,True,True,1009,0.0,0.0,30.35,58.07,31.1,13.8,1,6,
"=A59+IF(H60=H59,I60-I59,I60)/86400000","=IF(H60=H59,I60-I59,I60)",,,current,58,True,3906736965,17577238,True,True,True,True,True,1009,0.0,0.0,30.27,58.26,31.1,13.8,1,3,
"=A60+IF(H61=H60,I61-I60,I61)/86400000","=IF(H61=H60,I61-I60,I61)",,,current,59,True,3906736965,17878209,True,True,True,True,True,1009,0.0,0.0,30.27,58.43,31.0,13.8,0,2,
"=A61+IF(H62=H61,I62-I61,I62)/86400000","=IF(H62=H61,I62-I61,I62)",,,current,60,True,3906736965,18179183,True,True,True,True,True,1009,0.0,0.0,30.41,58.58,31.0,13.8,1,2,
"=A62+IF(H63=H62,I63-I62,I63)/86400000","=IF(H63=H62,I63-I62,I63)",,,current,61,True,3906736965,18480158,True,True,True,True,True,1009,0.0,0.0,30.43,58.74,30.9,13.8,0,1,
"=A63+IF(H64=H63,I64-I63,I64)/86400000","=IF(H64=H63,I64-I63,I64)",,,current,62,True,3906736965,18781134,True,True,True,True,True,1009,0.0,0.0,30.44,58.96,30.9,13.8,0,1,
"=A64+IF(H65=H64,I65-I64,I65)/86400000","=IF(H65=H64,I65-I64,I65)",,,current,63,True,3906736965,19082111,True,True,True,True,True,1009,0.0,0.0,30.53,59.16,30.8,13.8,0,0,
"=A65+IF(H66=H65,I66-I65,I66)/86400000","=IF(H66=H65,I66-I65,I66)",,,current,64,True,3906736965,19383092,True,True,True,True,True,1010,0.0,0.0,30.49,59.2,30.7,13.8,0,0,
"=A66+IF(H67=H66,I67-I66,I67)/86400000","=IF(H67=H66,I67-I66,I67)",,,current,65,True,3906736965,19684073,True,True,True,True,True,1009,0.0,0.0,30.45,59.45,30.7,13.8,0,0,
"=A67+IF(H68=H67,I68-I67,I68)/86400000","=IF(H68=H67,I68-I67,I68)",,,current,66,True,3906736965,19985054,True,True,True,True,True,1010,0.048,1.286,30.49,59.53,30.6,13.9,0,0,
"=A68+IF(H69=H68,I69-I68,I69)/86400000","=IF(H69=H68,I69-I68,I69)",,,current,67,True,3906736965,20286040,True,True,True,True,True,1010,0.0,0.0,30.62,59.72,30.6,13.9,0,0,
"=A69+IF(H70=H69,I70-I69,I70)/86400000","=IF(H70=H69,I70-I69,I70)",,,current,68,True,3906736965,20587027,True,True,True,True,True,1010,0.0,0.0,30.98,59.91,30.5,13.9,0,0,
"=A70+IF(H71=H70,I71-I70,I71)/86400000","=IF(H71=H70,I71-I70,I71)",,,current,69,True,3906736965,20888017,True,True,True,True,True,1010,0.0,0.0,31.12,60.1,30.5,13.9,0,0,
"=A71+IF(H72=H71,I72-I71,I72)/86400000","=IF(H72=H71,I72-I71,I72)",,,current,70,True,3906736965,21189038,True,True,True,True,True,1010,0.0,0.0,31.43,60.36,30.4,13.9,0,0,
"=A72+IF(H73=H72,I73-I72,I73)/86400000","=IF(H73=H72,I73-I72,I73)",,,current,71,True,3906736965,21490005,True,True,True,True,True,1010,0.0,0.0,31.46,60.48,30.4,13.9,0,0,
"=A73+IF(H74=H73,I74-I73,I74)/86400000","=IF(H74=H73,I74-I73,I74)",,,current,72,True,3906736965,21790976,True,True,True,True,True,1010,0.026,0.692,31.33,60.55,30.4,13.9,0,0,
"=A74+IF(H75=H74,I75-I74,I75)/86400000","=IF(H75=H74,I75-I74,I75)",,,current,73,True,3906736965,22091947,True,True,True,True,True,1010,0.0,0.0,31.18,60.57,30.4,13.9,0,0,
"=A75+IF(H76=H75,I76-I75,I76)/86400000","=IF(H76=H75,I76-I75,I76)",,,current,74,True,3906736965,22409610,True,True,True,True,True,1010,0.004,0.099,31.2,60.61,30.4,13.9,0,0,
"=A76+IF(H77=H76,I77-I76,I77)/86400000","=IF(H77=H76,I77-I76,I77)",,,current,75,True,3906736965,22710577,True,True,True,True,True,1010,0.0,0.0,31.3,60.78,30.4,13.9,0,0,
"=A77+IF(H78=H77,I78-I77,I78)/86400000","=IF(H78=H77,I78-I77,I78)",,,current,76,True,3906736965,23011544,True,True,True,True,True,1010,0.0,0.0,31.24,60.81,30.4,13.9,0,0,
"=A78+IF(H79=H78,I79-I78,I79)/86400000","=IF(H79=H78,I79-I78,I79)",,,current,77,True,3906736965,23312514,True,True,True,True,True,1010,0.0,0.0,31.12,60.85,30.3,14.0,0,0,
"=A79+IF(H80=H79,I80-I79,I80)/86400000","=IF(H80=H79,I80-I79,I80)",,,current,78,True,3906736965,23613485,True,True,True,True,True,1010,0.074,2.011,31.25,60.96,30.3,13.9,0,0,
"=A80+IF(H81=H80,I81-I80,I81)/86400000","=IF(H81=H80,I81-I80,I81)",,,current,79,True,3906736965,23914457,True,True,True,True,True,1010,0.0,0.0,31.16,61.02,30.3,13.9,0,0,
"=A81+IF(H82=H81,I82-I81,I82)/86400000","=IF(H82=H81,I82-I81,I82)",,,current,80,True,3906736965,24215431,True,True,True,True,True,1010,0.0,0.0,31.04,61.06,30.3,13.9,0,0,
"=A82+IF(H83=H82,I83-I82,I83)/86400000","=IF(H83=H82,I83-I82,I83)",,,current,81,True,3906736965,24516412,True,True,True,True,True,1010,0.0,0.0,31.03,61.05,30.3,13.9,0,0,
"=A83+IF(H84=H83,I84-I83,I84)/86400000","=IF(H84=H83,I84-I83,I84)",,,current,82,True,3906736965,24817375,True,True,True,True,True,1010,0.0,0.0,31.05,61.17,30.3,13.9,0,0,
"=A84+IF(H85=H84,I85-I84,I85)/86400000","=IF(H85=H84,I85-I84,I85)",,,current,83,True,3906736965,25118342,True,True,True,True,True,1010,0.0,0.0,30.94,61.18,30.2,13.9,0,0,
"=A85+IF(H86=H85,I86-I85,I86)/86400000","=IF(H86=H85,I86-I85,I86)",,,current,84,True,3906736965,25419312,True,True,True,True,True,1010,0.0,0.0,30.91,61.28,30.2,13.9,0,0,
"=A86+IF(H87=H86,I87-I86,I87)/86400000","=IF(H87=H86,I87-I86,I87)",,,current,85,True,3906736965,25720285,True,True,True,True,True,1010,0.0,0.0,30.86,61.29,30.2,13.9,0,0,
"=A87+IF(H88=H87,I88-I87,I88)/86400000","=IF(H88=H87,I88-I87,I88)",,,current,86,True,3906736965,26021294,True,True,True,True,True,1011,0.0,0.0,30.86,61.39,30.2,13.9,0,0,
"=A88+IF(H89=H88,I89-I88,I89)/86400000","=IF(H89=H88,I89-I88,I89)",,,current,87,True,3906736965,26322240,True,True,True,True,True,1011,0.033,0.89,30.8,61.4,30.2,13.9,0,0,
"=A89+IF(H90=H89,I90-I89,I90)/86400000","=IF(H90=H89,I90-I89,I90)",,,current,88,True,3906736965,26623189,True,True,True,True,True,1011,0.0,0.0,30.77,61.47,30.2,13.9,0,0,
"=A90+IF(H91=H90,I91-I90,I91)/86400000","=IF(H91=H90,I91-I90,I91)",,,current,89,True,3906736965,26924139,True,True,True,True,True,1011,0.0,0.0,30.68,61.53,30.2,13.9,0,0,
"=A91+IF(H92=H91,I92-I91,I92)/86400000","=IF(H92=H91,I92-I91,I92)",,,current,90,True,3906736965,27225090,True,True,True,True,True,1011,0.0,0.0,30.71,61.6,30.1,13.9,0,0,
"=A92+IF(H93=H92,I93-I92,I93)/86400000","=IF(H93=H92,I93-I92,I93)",,,current,91,True,3906736965,27526043,True,True,True,True,True,1011,0.0,0.0,30.97,61.73,30.1,13.9,0,0,
"=A93+IF(H94=H93,I94-I93,I94)/86400000","=IF(H94=H93,I94-I93,I94)",,,current,92,True,3906736965,27827000,True,True,True,True,True,1011,0.0,0.0,31.03,61.84,30.1,13.9,0,0,
"=A94+IF(H95=H94,I95-I94,I95)/86400000","=IF(H95=H94,I95-I94,I95)",,,current,93,True,3906736965,28127958,True,True,True,True,True,1011,0.0,0.0,31.09,61.92,30.1,13.9,0,0,
"=A95+IF(H96=H95,I96-I95,I96)/86400000","=IF(H96=H95,I96-I95,I96)",,,current,94,True,3906736965,28428918,True,True,True,True,True,1011,0.0,0.0,31.07,62.03,30.1,13.9,0,0,
"=A96+IF(H97=H96,I97-I96,I97)/86400000","=IF(H97=H96,I97-I96,I97)",,,current,95,True,3906736965,28729878,True,True,True,True,True,1011,0.0,0.0,31.03,62.0,30.1,14.0,0,0,
"=A97+IF(H98=H97,I98-I97,I98)/86400000","=IF(H98=H97,I98-I97,I98)",,,current,96,True,3906736965,29030841,True,True,True,True,True,1011,0.01,0.264,31.05,62.02,30.1,14.0,0,0,
"=A98+IF(H99=H98,I99-I98,I99)/86400000","=IF(H99=H98,I99-I98,I99)",,,current,97,True,3906736965,29331807,True,True,True,True,True,1011,0.0,0.0,31.05,62.11,30.1,13.9,0,0,
"=A99+IF(H100=H99,I100-I99,I100)/86400000","=IF(H100=H99,I100-I99,I100)",,,current,98,True,3906736965,29632775,True,True,True,True,True,1010,0.0,0.0,31.2,62.2,30.0,13.9,0,0,
"=A100+IF(H101=H100,I101-I100,I101)/86400000","=IF(H101=H100,I101-I100,I101)",,,current,99,True,3906736965,29933745,True,True,True,True,True,1011,0.0,0.0,31.32,62.31,30.0,13.9,0,0,
"=A101+IF(H102=H101,I102-I101,I102)/86400000","=IF(H102=H101,I102-I101,I102)",,,current,100,True,3906736965,30234717,True,True,True,True,True,1011,0.0,0.0,31.41,62.42,30.0,13.9,0,0,
"=A102+IF(H103=H102,I103-I102,I103)/86400000","=IF(H103=H102,I103-I102,I103)",,,current,101,True,3906736965,30535692,True,True,True,True,True,1011,0.0,0.0,31.53,62.5,30.0,13.9,0,0,
"=A103+IF(H104=H103,I104-I103,I104)/86400000","=IF(H104=H103,I104-I103,I104)",,,current,102,True,3906736965,30836701,True,True,True,True,True,1011,0.0,0.0,31.47,62.54,30.0,13.9,0,0,
"=A104+IF(H105=H104,I105-I104,I105)/86400000","=IF(H105=H104,I105-I104,I105)",,,current,103,True,3906736965,31137648,True,True,True,True,True,1010,0.0,0.0,31.32,62.53,30.0,13.9,0,0,
"=A105+IF(H106=H105,I106-I105,I106)/86400000","=IF(H106=H105,I106-I105,I106)",,,current,104,True,3906736965,31438599,True,True,True,True,True,1011,0.0,0.0,31.29,62.55,30.0,13.9,0,0,
"=A106+IF(H107=H106,I107-I106,I107)/86400000","=IF(H107=H106,I107-I106,I107)",,,current,105,True,3906736965,31739550,True,True,True,True,True,1011,0.0,0.0,31.33,62.66,30.0,13.9,0,0,
"=A107+IF(H108=H107,I108-I107,I108)/86400000","=IF(H108=H107,I108-I107,I108)",,,current,106,True,3906736965,32040504,True,True,True,True,True,1011,0.0,0.0,31.21,62.66,30.0,13.9,0,0,
"=A108+IF(H109=H108,I109-I108,I109)/86400000","=IF(H109=H108,I109-I108,I109)",,,current,107,True,3906736965,32341461,True,True,True,True,True,1010,0.0,0.0,31.09,62.64,30.0,13.9,0,0,
"=A109+IF(H110=H109,I110-I109,I110)/86400000","=IF(H110=H109,I110-I109,I110)",,,current,108,True,3906736965,32659111,True,True,True,True,True,1011,0.0,0.0,31.03,62.67,30.0,13.9,0,0,
"=A110+IF(H111=H110,I111-I110,I111)/86400000","=IF(H111=H110,I111-I110,I111)",,,current,109,True,3906736965,32960073,True,True,True,True,True,1011,0.0,0.0,31.13,62.75,30.0,13.9,0,0,
"=A111+IF(H112=H111,I112-I111,I112)/86400000","=IF(H112=H111,I112-I111,I112)",,,current,110,True,3906736965,33261037,True,True,True,True,True,1011,0.0,0.0,31.23,62.83,30.0,13.9,0,0,
"=A112+IF(H113=H112,I113-I112,I113)/86400000","=IF(H113=H112,I113-I112,I113)",,,current,111,True,3906736965,33562001,True,True,True,True,True,1011,0.0,0.0,31.12,62.86,30.0,13.9,0,0,
"=A113+IF(H114=H113,I114-I113,I114)/86400000","=IF(H114=H113,I114-I113,I114)",,,current,112,True,3906736965,33862969,True,True,True,True,True,1011,0.0,0.0,30.96,62.9,30.0,13.8,0,0,
"=A114+IF(H115=H114,I115-I114,I115)/86400000","=IF(H115=H114,I115-I114,I115)",,,current,113,True,3906736965,34163938,True,True,True,True,True,1011,0.0,0.0,30.92,62.95,30.0,13.9,0,0,
"=A115+IF(H116=H115,I116-I115,I116)/86400000","=IF(H116=H115,I116-I115,I116)",,,current,114,True,3906736965,34464907,True,True,True,True,True,1011,0.0,0.0,30.91,62.94,29.9,13.6,0,0,
"=A116+IF(H117=H116,I117-I116,I117)/86400000","=IF(H117=H116,I117-I116,I117)",,,current,115,True,3906736965,34765879,True,True,True,True,True,1011,0.0,0.0,30.88,62.99,29.9,13.8,0,0,
"=A117+IF(H118=H117,I118-I117,I118)/86400000","=IF(H118=H117,I118-I117,I118)",,,current,116,True,3906736965,35066854,True,True,True,True,True,1011,0.0,0.0,30.87,63.04,29.9,13.8,0,0,
"=A118+IF(H119=H118,I119-I118,I119)/86400000","=IF(H119=H118,I119-I118,I119)",,,current,117,True,3906736965,35367829,True,True,True,True,True,1011,0.0,0.0,30.79,63.04,29.9,13.8,0,0,
"=A119+IF(H120=H119,I120-I119,I120)/86400000","=IF(H120=H119,I120-I119,I120)",,,current,118,True,3906736965,35668839,True,True,True,True,True,1011,0.0,0.0,30.99,63.17,29.9,13.8,0,0,
"=A120+IF(H121=H120,I121-I120,I121)/86400000","=IF(H121=H120,I121-I120,I121)",,,current,119,True,3906736965,35969791,True,True,True,True,True,1011,0.0,0.0,31.01,63.27,29.9,13.9,0,0,
"=A121+IF(H122=H121,I122-I121,I122)/86400000","=IF(H122=H121,I122-I121,I122)",,,current,120,True,3906736965,36270743,True,True,True,True,True,1011,0.0,0.0,30.93,63.28,29.9,13.8,0,0,
"=A122+IF(H123=H122,I123-I122,I123)/86400000","=IF(H123=H122,I123-I122,I123)",,,current,121,True,3906736965,36571701,True,True,True,True,True,1011,0.0,0.0,30.82,63.33,29.9,13.8,0,0,
"=A123+IF(H124=H123,I124-I123,I124)/86400000","=IF(H124=H123,I124-I123,I124)",,,current,122,True,3906736965,36872659,True,True,True,True,True,1010,0.0,0.0,30.79,63.36,29.9,13.8,0,0,
"=A124+IF(H125=H124,I125-I124,I125)/86400000","=IF(H125=H124,I125-I124,I125)",,,current,123,True,3906736965,37173619,True,True,True,True,True,1011,0.0,0.0,30.74,63.38,29.9,13.8,0,0,
"=A125+IF(H126=H125,I126-I125,I126)/86400000","=IF(H126=H125,I126-I125,I126)",,,current,124,True,3906736965,37474580,True,True,True,True,True,1011,0.0,0.0,30.66,63.42,29.8,13.8,0,0,
"=A126+IF(H127=H126,I127-I126,I127)/86400000","=IF(H127=H126,I127-I126,I127)",,,current,125,True,3906736965,37775553,True,True,True,True,True,1011,0.0,0.0,30.63,63.49,29.8,13.8,0,0,
"=A127+IF(H128=H127,I128-I127,I128)/86400000","=IF(H128=H127,I128-I127,I128)",,,current,126,True,3906736965,38076520,True,True,True,True,True,1011,0.0,0.0,30.53,63.48,29.8,13.8,0,0,
"=A128+IF(H129=H128,I129-I128,I129)/86400000","=IF(H129=H128,I129-I128,I129)",,,current,127,True,3906736965,38377488,True,True,True,True,True,1010,0.0,0.0,30.45,63.49,29.8,13.8,0,0,
"=A129+IF(H130=H129,I130-I129,I130)/86400000","=IF(H130=H129,I130-I129,I130)",,,current,128,True,3906736965,38678458,True,True,True,True,True,1010,0.0,0.0,30.44,63.58,29.8,13.8,0,0,
"=A130+IF(H131=H130,I131-I130,I131)/86400000","=IF(H131=H130,I131-I130,I131)",,,current,129,True,3906736965,38979428,True,True,True,True,True,1010,0.0,0.0,30.44,63.61,29.8,13.8,0,0,
"=A131+IF(H132=H131,I132-I131,I132)/86400000","=IF(H132=H131,I132-I131,I132)",,,current,130,True,3906736965,39280401,True,True,True,True,True,1010,0.0,0.0,30.43,63.68,29.8,13.8,0,0,
"=A132+IF(H133=H132,I133-I132,I133)/86400000","=IF(H133=H132,I133-I132,I133)",,,current,131,True,3906736965,39581376,True,True,True,True,True,1010,0.02,0.527,30.47,63.68,29.8,13.8,0,0,
"=A133+IF(H134=H133,I134-I133,I134)/86400000","=IF(H134=H133,I134-I133,I134)",,,current,132,True,3906736965,39882352,True,True,True,True,True,1010,0.0,0.0,30.47,63.75,29.8,13.8,0,0,
"=A134+IF(H135=H134,I135-I134,I135)/86400000","=IF(H135=H134,I135-I134,I135)",,,current,133,True,3906736965,40183332,True,True,True,True,True,1010,0.0,0.0,30.44,63.82,29.7,13.7,0,0,
"=A135+IF(H136=H135,I136-I135,I136)/86400000","=IF(H136=H135,I136-I135,I136)",,,current,134,True,3906736965,40484345,True,True,True,True,True,1010,0.0,0.0,30.45,63.92,29.8,13.8,0,0,
"=A136+IF(H137=H136,I137-I136,I137)/86400000","=IF(H137=H136,I137-I136,I137)",,,current,135,True,3906736965,40785299,True,True,True,True,True,1010,0.0,0.0,30.4,63.92,29.7,13.8,0,0,
"=A137+IF(H138=H137,I138-I137,I138)/86400000","=IF(H138=H137,I138-I137,I138)",,,current,136,True,3906736965,41086256,True,True,True,True,True,1010,0.001,0.033,30.38,63.94,29.8,13.7,0,0,
"=A138+IF(H139=H138,I139-I138,I139)/86400000","=IF(H139=H138,I139-I138,I139)",,,current,137,True,3906736965,41387213,True,True,True,True,True,1010,0.0,0.0,30.43,64.01,29.7,13.8,0,0,
"=A139+IF(H140=H139,I140-I139,I140)/86400000","=IF(H140=H139,I140-I139,I140)",,,current,138,True,3906736965,41688174,True,True,True,True,True,1010,0.0,0.0,30.46,64.14,29.7,13.8,0,0,
"=A140+IF(H141=H140,I141-I140,I141)/86400000","=IF(H141=H140,I141-I140,I141)",,,current,139,True,3906736965,41989136,True,True,True,True,True,1010,0.0,0.0,30.43,64.23,29.7,13.8,0,0,
"=A141+IF(H142=H141,I142-I141,I142)/86400000","=IF(H142=H141,I142-I141,I142)",,,current,140,True,3906736965,42290102,True,True,True,True,True,1010,0.0,0.0,30.38,64.22,29.7,13.8,0,0,
"=A142+IF(H143=H142,I143-I142,I143)/86400000","=IF(H143=H142,I143-I142,I143)",,,current,141,True,3906736965,42591069,True,True,True,True,True,1010,0.0,0.0,30.41,64.24,29.7,13.7,0,0,
"=A143+IF(H144=H143,I144-I143,I144)/86400000","=IF(H144=H143,I144-I143,I144)",,,current,142,True,3906736965,42892039,True,True,True,True,True,1010,0.0,0.0,30.39,64.32,29.7,13.8,0,0,
"=A144+IF(H145=H144,I145-I144,I145)/86400000","=IF(H145=H144,I145-I144,I145)",,,current,143,True,3906736965,43193009,True,True,True,True,True,1010,0.0,0.0,30.35,64.35,29.7,13.8,0,0,
"=A145+IF(H146=H145,I146-I145,I146)/86400000","=IF(H146=H145,I146-I145,I146)",,,current,144,True,3906736965,43493981,True,True,True,True,True,1010,0.0,0.0,30.34,64.43,29.7,13.8,0,0,
"=A146+IF(H147=H146,I147-I146,I147)/86400000","=IF(H147=H146,I147-I146,I147)",,,current,145,True,3906736965,43794954,True,True,True,True,True,1010,0.0,0.0,30.39,64.5,29.7,13.7,0,0,
"=A147+IF(H148=H147,I148-I147,I148)/86400000","=IF(H148=H147,I148-I147,I148)",,,current,146,True,3906736965,44095929,True,True,True,True,True,1010,0.0,0.0,30.42,64.54,29.7,13.8,0,0,
"=A148+IF(H149=H148,I149-I148,I149)/86400000","=IF(H149=H148,I149-I148,I149)",,,current,147,True,3906736965,44396907,True,True,True,True,True,1010,0.0,0.0,30.4,64.56,29.7,13.8,0,0,
"=A149+IF(H150=H149,I150-I149,I150)/86400000","=IF(H150=H149,I150-I149,I150)",,,current,148,True,3906736965,44697894,True,True,True,True,True,1010,0.0,0.0,30.41,64.65,29.6,13.8,0,0,
"=A150+IF(H151=H150,I151-I150,I151)/86400000","=IF(H151=H150,I151-I150,I151)",,,current,149,True,3906736965,44998876,True,True,True,True,True,1010,0.0,0.0,30.5,64.72,29.6,13.8,0,0,
"=A151+IF(H152=H151,I152-I151,I152)/86400000","=IF(H152=H151,I152-I151,I152)",,,current,150,True,3906736965,45316585,True,True,True,True,True,1010,0.0,0.0,30.58,64.85,29.6,13.8,0,0,
"=A152+IF(H153=H152,I153-I152,I153)/86400000","=IF(H153=H152,I153-I152,I153)",,,current,151,True,3906736965,45617542,True,True,True,True,True,1010,0.0,0.0,30.56,64.91,29.6,13.8,0,0,
"=A153+IF(H154=H153,I154-I153,I154)/86400000","=IF(H154=H153,I154-I153,I154)",,,current,152,True,3906736965,45918501,True,True,True,True,True,1010,0.001,0.033,30.53,64.89,29.6,13.8,0,0,
"=A154+IF(H155=H154,I155-I154,I155)/86400000","=IF(H155=H154,I155-I154,I155)",,,current,153,True,3906736965,46219463,True,True,True,True,True,1010,0.0,0.0,30.58,64.96,29.6,13.8,0,0,
"=A155+IF(H156=H155,I156-I155,I156)/86400000","=IF(H156=H155,I156-I155,I156)",,,current,154,True,3906736965,46520426,True,True,True,True,True,1010,0.0,0.0,30.57,65.0,29.6,13.7,0,0,
"=A156+IF(H157=H156,I157-I156,I157)/86400000","=IF(H157=H156,I157-I156,I157)",,,current,155,True,3906736965,46821393,True,True,True,True,True,1010,0.0,0.0,30.46,65.0,29.6,13.8,0,0,
"=A157+IF(H158=H157,I158-I157,I158)/86400000","=IF(H158=H157,I158-I157,I158)",,,current,156,True,3906736965,47122362,True,True,True,True,True,1010,0.0,0.0,30.43,65.03,29.6,13.8,0,0,
"=A158+IF(H159=H158,I159-I158,I159)/86400000","=IF(H159=H158,I159-I158,I159)",,,current,157,True,3906736965,47423333,True,True,True,True,True,1010,0.028,0.758,30.37,65.1,29.6,13.7,0,0,
"=A159+IF(H160=H159,I160-I159,I160)/86400000","=IF(H160=H159,I160-I159,I160)",,,current,158,True,3906736965,47724305,True,True,True,True,True,1010,0.0,0.0,30.29,65.02,29.6,13.8,0,0,
"=A160+IF(H161=H160,I161-I160,I161)/86400000","=IF(H161=H160,I161-I160,I161)",,,current,159,True,3906736965,48025279,True,True,True,True,True,1010,0.0,0.0,30.18,65.11,29.6,13.8,0,0,
"=A161+IF(H162=H161,I162-I161,I162)/86400000","=IF(H162=H161,I162-I161,I162)",,,current,160,True,3906736965,48326252,True,True,True,True,True,1010,0.0,0.0,30.07,65.08,29.6,13.7,0,0,
"=A162+IF(H163=H162,I163-I162,I163)/86400000","=IF(H163=H162,I163-I162,I163)",,,current,161,True,3906736965,48627233,True,True,True,True,True,1010,0.0,0.0,30.06,65.14,29.6,13.7,0,0,
"=A163+IF(H164=H163,I164-I163,I164)/86400000","=IF(H164=H163,I164-I163,I164)",,,current,162,True,3906736965,48928197,True,True,True,True,True,1010,0.0,0.0,30.03,65.19,29.6,13.7,0,0,
"=A164+IF(H165=H164,I165-I164,I165)/86400000","=IF(H165=H164,I165-I164,I165)",,,current,163,True,3906736965,49229166,True,True,True,True,True,1010,0.0,0.0,30.04,65.21,29.6,13.7,0,0,
"=A165+IF(H166=H165,I166-I165,I166)/86400000","=IF(H166=H165,I166-I165,I166)",,,current,164,True,3906736965,49530136,True,True,True,True,True,1010,0.0,0.0,30.02,65.25,29.6,13.7,0,0,
"=A166+IF(H167=H166,I167-I166,I167)/86400000","=IF(H167=H166,I167-I166,I167)",,,current,165,True,3906736965,49831108,True,True,True,True,True,1010,0.0,0.0,30.0,65.31,29.6,13.7,0,0,
"=A167+IF(H168=H167,I168-I167,I168)/86400000","=IF(H168=H167,I168-I167,I168)",,,current,166,True,3906736965,50132115,True,True,True,True,True,1010,0.0,0.0,30.0,65.31,29.5,13.7,0,0,
"=A168+IF(H169=H168,I169-I168,I169)/86400000","=IF(H169=H168,I169-I168,I169)",,,current,167,True,3906736965,50433059,True,True,True,True,True,1010,0.0,0.0,29.97,65.33,29.5,13.7,0,0,
"=A169+IF(H170=H169,I170-I169,I170)/86400000","=IF(H170=H169,I170-I169,I170)",,,current,168,True,3906736965,50734007,True,True,True,True,True,1010,0.0,0.0,30.02,65.36,29.5,13.7,0,0,
"=A170+IF(H171=H170,I171-I170,I171)/86400000","=IF(H171=H170,I171-I170,I171)",,,current,169,True,3906736965,51034958,True,True,True,True,True,1010,0.0,0.0,30.08,65.43,29.5,13.7,0,0,
"=A171+IF(H172=H171,I172-I171,I172)/86400000","=IF(H172=H171,I172-I171,I172)",,,current,170,True,3906736965,51335912,True,True,True,True,True,1010,0.0,0.0,30.06,65.45,29.5,13.7,0,0,
"=A172+IF(H173=H172,I173-I172,I173)/86400000","=IF(H173=H172,I173-I172,I173)",,,current,171,True,3906736965,51636866,True,True,True,True,True,1010,0.0,0.0,30.07,65.48,29.5,13.7,0,0,
"=A173+IF(H174=H173,I174-I173,I174)/86400000","=IF(H174=H173,I174-I173,I174)",,,current,172,True,3906736965,51937822,True,True,True,True,True,1010,0.0,0.0,30.09,65.51,29.5,13.7,0,0,
"=A174+IF(H175=H174,I175-I174,I175)/86400000","=IF(H175=H174,I175-I174,I175)",,,current,173,True,3906736965,52238783,True,True,True,True,True,1010,0.001,0.033,30.04,65.49,29.5,13.7,0,0,
"=A175+IF(H176=H175,I176-I175,I176)/86400000","=IF(H176=H175,I176-I175,I176)",,,current,174,True,3906736965,52539742,True,True,True,True,True,1010,0.0,0.0,29.96,65.54,29.5,13.7,0,0,
"=A176+IF(H177=H176,I177-I176,I177)/86400000","=IF(H177=H176,I177-I176,I177)",,,current,175,True,3906736965,52840703,True,True,True,True,True,1010,0.0,0.0,29.89,65.54,29.5,13.7,0,0,
"=A177+IF(H178=H177,I178-I177,I178)/86400000","=IF(H178=H177,I178-I177,I178)",,,current,176,True,3906736965,53141675,True,True,True,True,True,1010,0.0,0.0,29.81,65.54,29.5,13.7,0,0,
"=A178+IF(H179=H178,I179-I178,I179)/86400000","=IF(H179=H178,I179-I178,I179)",,,current,177,True,3906736965,53442650,True,True,True,True,True,1010,0.046,1.253,29.73,65.56,29.5,13.7,0,0,
"=A179+IF(H180=H179,I180-I179,I180)/86400000","=IF(H180=H179,I180-I179,I180)",,,current,178,True,3906736965,53743627,True,True,True,True,True,1010,0.0,0.0,29.66,65.55,29.5,13.7,0,0,
"=A180+IF(H181=H180,I181-I180,I181)/86400000","=IF(H181=H180,I181-I180,I181)",,,current,179,True,3906736965,54044604,True,True,True,True,True,1010,0.103,2.769,29.6,65.58,29.5,13.7,0,0,
"=A181+IF(H182=H181,I182-I181,I182)/86400000","=IF(H182=H181,I182-I181,I182)",,,current,180,True,3906736965,54345584,True,True,True,True,True,1010,0.0,0.0,29.56,65.65,29.4,13.7,0,0,
"=A182+IF(H183=H182,I183-I182,I183)/86400000","=IF(H183=H182,I183-I182,I183)",,,current,181,True,3906736965,54646568,True,True,True,True,True,1010,0.0,0.0,29.52,65.63,29.4,13.7,0,0,
"=A183+IF(H184=H183,I184-I183,I184)/86400000","=IF(H184=H183,I184-I183,I184)",,,current,182,True,3906736965,54947586,True,True,True,True,True,1010,0.0,0.0,29.48,65.71,29.4,13.7,0,0,
"=A184+IF(H185=H184,I185-I184,I185)/86400000","=IF(H185=H184,I185-I184,I185)",,,current,183,True,3906736965,55248543,True,True,True,True,True,1010,0.0,0.0,29.41,65.71,29.4,13.7,0,0,
"=A185+IF(H186=H185,I186-I185,I186)/86400000","=IF(H186=H185,I186-I185,I186)",,,current,184,True,3906736965,55549503,True,True,True,True,True,1010,0.0,0.0,29.41,65.74,29.4,13.7,0,0,
"=A186+IF(H187=H186,I187-I186,I187)/86400000","=IF(H187=H186,I187-I186,I187)",,,current,185,True,3906736965,55850467,True,True,True,True,True,1010,0.0,0.0,29.43,65.76,29.4,13.7,0,1,
"=A187+IF(H188=H187,I188-I187,I188)/86400000","=IF(H188=H187,I188-I187,I188)",,,current,186,True,3906736965,56151432,True,True,True,True,True,1011,0.0,0.0,29.42,65.82,29.3,13.7,0,1,
"=A188+IF(H189=H188,I189-I188,I189)/86400000","=IF(H189=H188,I189-I188,I189)",,,current,187,True,3906736965,56452400,True,True,True,True,True,1011,0.0,0.0,29.44,65.89,29.4,13.7,1,3,
"=A189+IF(H190=H189,I190-I189,I190)/86400000","=IF(H190=H189,I190-I189,I190)",,,current,188,True,3906736965,56753368,True,True,True,True,True,1010,0.0,0.0,29.46,66.02,29.4,13.7,1,3,
"=A190+IF(H191=H190,I191-I190,I191)/86400000","=IF(H191=H190,I191-I190,I191)",,,current,189,True,3906736965,57054341,True,True,True,True,True,1011,0.0,0.0,29.44,66.02,29.3,13.7,1,5,
"=A191+IF(H192=H191,I192-I191,I192)/86400000","=IF(H192=H191,I192-I191,I192)",,,current,190,True,3906736965,57355314,True,True,True,True,True,1011,0.0,0.0,29.48,66.08,29.3,13.7,1,6,
"=A192+IF(H193=H192,I193-I192,I193)/86400000","=IF(H193=H192,I193-I192,I193)",,,current,191,True,3906736965,57656285,True,True,True,True,True,1011,0.0,0.0,29.48,66.19,29.4,13.6,2,7,
"=A193+IF(H194=H193,I194-I193,I194)/86400000","=IF(H194=H193,I194-I193,I194)",,,current,192,True,3906736965,57957260,True,True,True,True,True,1010,0.0,0.0,29.51,66.21,29.3,13.7,2,9,
"=A194+IF(H195=H194,I195-I194,I195)/86400000","=IF(H195=H194,I195-I194,I195)",,,current,193,True,3906736965,58258238,True,True,True,True,True,1011,0.0,0.0,29.58,66.27,29.3,13.7,3,11,
"=A195+IF(H196=H195,I196-I195,I196)/86400000","=IF(H196=H195,I196-I195,I196)",,,current,194,True,3906736965,58559217,True,True,True,True,True,1011,0.0,0.0,29.64,66.4,29.3,13.7,3,12,
"=A196+IF(H197=H196,I197-I196,I197)/86400000","=IF(H197=H196,I197-I196,I197)",,,current,195,True,3906736965,58860198,True,True,True,True,True,1011,0.013,0.363,29.69,66.46,29.3,13.7,3,13,
"=A197+IF(H198=H197,I198-I197,I198)/86400000","=IF(H198=H197,I198-I197,I198)",,,current,196,True,3906736965,59161183,True,True,True,True,True,1011,0.0,0.0,29.78,66.6,29.4,13.7,4,15,
"=A198+IF(H199=H198,I199-I198,I199)/86400000","=IF(H199=H198,I199-I198,I199)",,,current,197,True,3906736965,59462167,True,True,True,True,True,1011,0.0,0.0,29.86,66.63,29.4,13.7,4,17,
"=A199+IF(H200=H199,I200-I199,I200)/86400000","=IF(H200=H199,I200-I199,I200)",,,current,198,True,3906736965,59763185,True,True,True,True,True,1011,0.0,0.0,30.2,66.77,29.4,13.7,4,19,
"=A200+IF(H201=H200,I201-I200,I201)/86400000","=IF(H201=H200,I201-I200,I201)",,,current,199,True,3906736965,60064145,True,True,True,True,True,1011,0.0,0.0,30.43,66.92,29.4,13.7,4,20,
"=A201+IF(H202=H201,I202-I201,I202)/86400000","=IF(H202=H201,I202-I201,I202)",,,current,200,True,3906736965,60365109,True,True,True,True,True,1011,0.0,0.0,30.61,67.06,29.4,13.7,5,22,
"=A202+IF(H203=H202,I203-I202,I203)/86400000","=IF(H203=H202,I203-I202,I203)",,,current,201,True,3906736965,60666076,True,True,True,True,True,1011,0.0,0.0,30.76,67.2,29.5,13.7,5,23,
"=A203+IF(H204=H203,I204-I203,I204)/86400000","=IF(H204=H203,I204-I203,I204)",,,current,202,True,3906736965,60967047,True,True,True,True,True,1011,0.0,0.0,30.78,67.29,29.5,13.7,5,24,
"=A204+IF(H205=H204,I205-I204,I205)/86400000","=IF(H205=H204,I205-I204,I205)",,,current,203,True,3906736965,61268014,True,True,True,True,True,1011,0.0,0.0,30.86,67.39,29.5,13.7,6,25,
"=A205+IF(H206=H205,I206-I205,I206)/86400000","=IF(H206=H205,I206-I205,I206)",,,current,204,True,3906736965,61568985,True,True,True,True,True,1011,0.0,0.0,30.9,67.45,29.5,13.7,6,27,
"=A206+IF(H207=H206,I207-I206,I207)/86400000","=IF(H207=H206,I207-I206,I207)",,,current,205,True,3906736965,61869958,True,True,True,True,True,1011,0.0,0.0,30.96,67.46,29.5,13.7,7,30,
"=A207+IF(H208=H207,I208-I207,I208)/86400000","=IF(H208=H207,I208-I207,I208)",,,current,206,True,3906736965,62170932,True,True,True,True,True,1011,0.0,0.0,31.08,67.58,29.5,13.7,7,31,
"=A208+IF(H209=H208,I209-I208,I209)/86400000","=IF(H209=H208,I209-I208,I209)",,,current,207,True,3906736965,62471907,True,True,True,True,True,1011,0.0,0.0,31.18,67.65,29.5,13.6,8,33,
"=A209+IF(H210=H209,I210-I209,I210)/86400000","=IF(H210=H209,I210-I209,I210)",,,current,208,True,3906736965,62772885,True,True,True,True,True,1011,0.0,0.0,31.31,67.72,29.6,13.6,8,34,
"=A210+IF(H211=H210,I211-I210,I211)/86400000","=IF(H211=H210,I211-I210,I211)",,,current,209,True,3906736965,63073864,True,True,True,True,True,1011,0.0,0.0,31.27,67.83,29.6,13.6,8,35,
"=A211+IF(H212=H211,I212-I211,I212)/86400000","=IF(H212=H211,I212-I211,I212)",,,current,210,True,3906736965,63374843,True,True,True,True,True,1011,0.002,0.066,31.39,67.9,29.6,13.6,8,37,
"=A212+IF(H213=H212,I213-I212,I213)/86400000","=IF(H213=H212,I213-I212,I213)",,,current,211,True,3906736965,63675824,True,True,True,True,True,1011,0.0,0.0,31.46,67.95,29.6,13.7,9,41,
"=A213+IF(H214=H213,I214-I213,I214)/86400000","=IF(H214=H213,I214-I213,I214)",,,current,212,True,3906736965,63976809,True,True,True,True,True,1011,0.0,0.0,31.59,68.05,29.6,13.6,9,45,
"=A214+IF(H215=H214,I215-I214,I215)/86400000","=IF(H215=H214,I215-I214,I215)",,,current,213,True,3906736965,64277797,True,True,True,True,True,1011,0.0,0.0,31.81,68.16,29.6,13.7,11,49,
"=A215+IF(H216=H215,I216-I215,I216)/86400000","=IF(H216=H215,I216-I215,I216)",,,current,214,True,3906736965,64578819,True,True,True,True,True,1011,0.0,0.0,31.8,68.25,29.6,13.6,11,50,
"=A216+IF(H217=H216,I217-I216,I217)/86400000","=IF(H217=H216,I217-I216,I217)",,,current,215,True,3906736965,64879786,True,True,True,True,True,1011,0.0,0.0,31.96,68.29,29.6,13.6,11,52,
"=A217+IF(H218=H217,I218-I217,I218)/86400000","=IF(H218=H217,I218-I217,I218)",,,current,216,True,3906736965,65180754,True,True,True,True,True,1011,0.0,0.0,32.06,68.38,29.6,13.6,12,56,
"=A218+IF(H219=H218,I219-I218,I219)/86400000","=IF(H219=H218,I219-I218,I219)",,,current,217,True,3906736965,65481719,True,True,True,True,True,1011,0.0,0.0,32.18,68.46,29.7,13.6,13,60,
"=A219+IF(H220=H219,I220-I219,I220)/86400000","=IF(H220=H219,I220-I219,I220)",,,current,218,True,3906736965,65782689,True,True,True,True,True,1011,0.0,0.0,32.41,68.56,29.7,13.6,14,65,
"=A220+IF(H221=H220,I221-I220,I221)/86400000","=IF(H221=H220,I221-I220,I221)",,,current,219,True,3906736965,66083663,True,True,True,True,True,1011,0.0,0.0,32.49,68.56,29.8,13.6,15,67,
"=A221+IF(H222=H221,I222-I221,I222)/86400000","=IF(H222=H221,I222-I221,I222)",,,current,220,True,3906736965,66384637,True,True,True,True,True,1011,0.009,0.231,32.66,68.68,29.8,13.6,16,72,
"=A222+IF(H223=H222,I223-I222,I223)/86400000","=IF(H223=H222,I223-I222,I223)",,,current,221,True,3906736965,66685611,True,True,True,True,True,1011,0.0,0.0,32.81,68.76,29.8,13.6,18,80,
"=A223+IF(H224=H223,I224-I223,I224)/86400000","=IF(H224=H223,I224-I223,I224)",,,current,222,True,3906736965,66986587,True,True,True,True,True,1011,0.0,0.0,33.19,68.83,29.8,13.6,20,90,
"=A224+IF(H225=H224,I225-I224,I225)/86400000","=IF(H225=H224,I225-I224,I225)",,,current,223,True,3906736965,67287565,True,True,True,True,True,1011,0.0,0.0,33.3,68.87,29.9,13.6,21,95,
"=A225+IF(H226=H225,I226-I225,I226)/86400000","=IF(H226=H225,I226-I225,I226)",,,current,224,True,3906736965,67588547,True,True,True,True,True,1011,0.0,0.0,33.33,68.94,29.9,13.6,23,103,
"=A226+IF(H227=H226,I227-I226,I227)/86400000","=IF(H227=H226,I227-I226,I227)",,,current,225,True,3906736965,67889529,True,True,True,True,True,1011,0.0,0.0,33.54,68.91,29.9,13.6,26,116,
"=A227+IF(H228=H227,I228-I227,I228)/86400000","=IF(H228=H227,I228-I227,I228)",,,current,226,True,3906736965,68190513,True,True,True,True,True,1011,0.0,0.0,33.63,69.02,29.9,13.6,30,128,
"=A228+IF(H229=H228,I229-I228,I229)/86400000","=IF(H229=H228,I229-I228,I229)",,,current,227,True,3906736965,68491500,True,True,True,True,True,1011,0.0,0.0,34.02,69.02,29.9,13.6,39,135,
"=A229+IF(H230=H229,I230-I229,I230)/86400000","=IF(H230=H229,I230-I229,I230)",,,current,228,True,3906736965,68792488,True,True,True,True,True,1011,0.0,0.0,34.28,69.06,30.0,13.6,79,713,
"=A230+IF(H231=H230,I231-I230,I231)/86400000","=IF(H231=H230,I231-I230,I231)",,,current,229,True,3906736965,69093474,True,True,True,True,True,1013,0.0,0.0,39.43,69.5,30.0,13.6,126,711,
"=A231+IF(H232=H231,I232-I231,I232)/86400000","=IF(H232=H231,I232-I231,I232)",,,current,230,True,3906736965,69394496,True,True,True,True,True,1012,0.0,0.0,40.31,70.4,30.3,13.6,155,720,
"=A232+IF(H233=H232,I233-I232,I233)/86400000","=IF(H233=H232,I233-I232,I233)",,,current,231,True,3906736965,69695463,True,True,True,True,True,1012,0.0,0.0,43.06,70.03,30.7,13.7,169,740,
"=A233+IF(H234=H233,I234-I233,I234)/86400000","=IF(H234=H233,I234-I233,I234)",,,current,232,True,3906736965,69996431,True,True,True,True,True,1012,0.0,0.0,44.78,70.06,31.1,13.7,181,774,
"=A234+IF(H235=H234,I235-I234,I235)/86400000","=IF(H235=H234,I235-I234,I235)",,,current,233,True,3906736965,70297401,True,True,True,True,True,1012,0.0,0.0,46.04,69.83,31.5,13.7,185,776,
"=A235+IF(H236=H235,I236-I235,I236)/86400000","=IF(H236=H235,I236-I235,I236)",,,current,234,True,3906736965,70598378,True,True,True,True,True,1012,0.0,0.0,45.35,69.19,31.8,13.7,192,808,
"=A236+IF(H237=H236,I237-I236,I237)/86400000","=IF(H237=H236,I237-I236,I237)",,,current,235,True,3906736965,70899353,True,True,True,True,True,1012,0.0,0.0,45.52,68.72,32.0,13.7,191,812,
"=A237+IF(H238=H237,I238-I237,I238)/86400000","=IF(H238=H237,I238-I237,I238)",,,current,236,True,3906736965,71200328,True,True,True,True,True,1012,0.0,0.0,45.25,68.13,32.2,13.7,191,820,
"=A238+IF(H239=H238,I239-I238,I239)/86400000","=IF(H239=H238,I239-I238,I239)",,,current,237,True,3906736965,71501304,True,True,True,True,True,1012,0.0,0.0,44.75,67.43,32.3,13.6,192,828,
"=A239+IF(H240=H239,I240-I239,I240)/86400000","=IF(H240=H239,I240-I239,I240)",,,current,238,True,3906736965,71802286,True,True,True,True,True,1012,0.001,0.033,45.38,67.03,32.4,13.6,197,860,
"=A240+IF(H241=H240,I241-I240,I241)/86400000","=IF(H241=H240,I241-I240,I241)",,,current,239,True,3906736965,72103270,True,True,True,True,True,1012,0.0,0.0,45.79,66.62,32.5,13.6,203,891,
"=A241+IF(H242=H241,I242-I241,I242)/86400000","=IF(H242=H241,I242-I241,I242)",,,current,240,True,3906736965,72404253,True,True,True,True,True,1012,0.0,0.0,47.51,65.98,32.6,13.6,201,902,
"=A242+IF(H243=H242,I243-I242,I243)/86400000","=IF(H243=H242,I243-I242,I243)",,,current,241,True,3906736965,72705252,True,True,True,True,True,1011,0.0,0.0,47.66,65.64,32.7,13.5,191,863,
"=A243+IF(H244=H243,I244-I243,I244)/86400000","=IF(H244=H243,I244-I243,I244)",,,current,242,True,3906736965,73022918,True,True,True,True,True,1012,0.0,0.0,47.36,64.9,32.8,13.6,194,892,
"=A244+IF(H245=H244,I245-I244,I245)/86400000","=IF(H245=H244,I245-I244,I245)",,,current,243,True,3906736965,73323892,True,True,True,True,True,1012,0.0,0.0,48.37,64.42,32.9,13.5,200,942,
"=A245+IF(H246=H245,I246-I245,I246)/86400000","=IF(H246=H245,I246-I245,I246)",,,current,244,True,3906736965,73624868,True,True,True,True,True,1012,0.0,0.0,48.67,64.21,33.1,13.5,194,935,
"=A246+IF(H247=H246,I247-I246,I247)/86400000","=IF(H247=H246,I247-I246,I247)",,,current,245,True,3906736965,73925847,True,True,True,True,True,1011,0.038,1.022,45.58,63.68,33.3,13.5,186,913,
"=A247+IF(H248=H247,I248-I247,I248)/86400000","=IF(H248=H247,I248-I247,I248)",,,current,246,True,3906736965,74226861,True,True,True,True,True,1012,0.0,0.0,45.84,62.25,33.3,13.5,170,594,
"=A248+IF(H249=H248,I249-I248,I249)/86400000","=IF(H249=H248,I249-I248,I249)",,,current,247,True,3906736965,74527816,True,True,True,True,True,1012,0.0,0.0,46.66,61.69,33.3,13.5,184,248,
"=A249+IF(H250=H249,I250-I249,I250)/86400000","=IF(H250=H249,I250-I249,I250)",,,current,248,True,3906736965,74828775,True,True,True,True,True,1011,0.0,0.0,49.23,61.75,33.4,13.5,180,187,
"=A250+IF(H251=H250,I251-I250,I251)/86400000","=IF(H251=H250,I251-I250,I251)",气温孤立跳变,与前后记录均相差至少 6°C,current,249,True,3906736965,75129736,True,True,True,True,True,1010,0.0,0.0,39.73,60.54,33.4,13.4,27,98,
"=A251+IF(H252=H251,I252-I251,I252)/86400000","=IF(H252=H251,I252-I251,I252)",,,current,250,True,3906736965,75430697,True,True,True,True,True,1011,0.0,0.0,46.5,60.26,33.4,13.4,164,171,
"=A252+IF(H253=H252,I253-I252,I253)/86400000","=IF(H253=H252,I253-I252,I253)",,,current,251,True,3906736965,75731661,True,True,True,True,True,1011,0.0,0.0,47.42,60.37,33.6,13.4,173,165,
"=A253+IF(H254=H253,I254-I253,I254)/86400000","=IF(H254=H253,I254-I253,I254)",,,current,252,True,3906736965,76032627,True,True,True,True,True,1011,0.0,0.0,48.7,60.3,33.7,13.4,160,169,
"=A254+IF(H255=H254,I255-I254,I255)/86400000","=IF(H255=H254,I255-I254,I255)",,,current,253,True,3906736965,76333595,True,True,True,True,True,1011,0.053,1.418,47.88,59.51,33.6,13.4,169,239,
"=A255+IF(H256=H255,I256-I255,I256)/86400000","=IF(H256=H255,I256-I255,I256)",,,current,254,True,3906736965,76634565,True,True,True,True,True,1011,0.0,0.0,46.41,59.09,33.6,13.3,139,186,
"=A256+IF(H257=H256,I257-I256,I257)/86400000","=IF(H257=H256,I257-I256,I257)",,,current,255,True,3906736965,76935535,True,True,True,True,True,1010,0.0,0.0,42.02,58.01,33.6,13.3,125,334,
"=A257+IF(H258=H257,I258-I257,I258)/86400000","=IF(H258=H257,I258-I257,I258)",,,current,256,True,3906736965,77236510,True,True,True,True,True,1010,0.0,0.0,40.28,57.07,33.5,13.3,118,165,
"=A258+IF(H259=H258,I259-I258,I259)/86400000","=IF(H259=H258,I259-I258,I259)",,,current,257,True,3906736965,77537487,True,True,True,True,True,1011,0.0,0.0,41.2,56.91,33.5,13.3,111,169,
"=A259+IF(H260=H259,I260-I259,I260)/86400000","=IF(H260=H259,I260-I259,I260)",,,current,258,True,3906736965,77838462,True,True,True,True,True,1010,0.0,0.0,41.29,56.91,33.6,13.3,104,300,
"=A260+IF(H261=H260,I261-I260,I261)/86400000","=IF(H261=H260,I261-I260,I261)",,,current,259,True,3906736965,78139438,True,True,True,True,True,1010,0.0,0.0,39.88,56.42,33.6,13.2,100,430,
"=A261+IF(H262=H261,I262-I261,I262)/86400000","=IF(H262=H261,I262-I261,I262)",,,current,260,True,3906736965,78440420,True,True,True,True,True,1010,0.0,0.0,38.89,56.15,33.5,13.2,20,78,
"=A262+IF(H263=H262,I263-I262,I263)/86400000","=IF(H263=H262,I263-I262,I263)",,,current,261,True,3906736965,78741402,True,True,True,True,True,1010,0.0,0.0,39.56,55.95,33.5,13.2,94,203,
"=A263+IF(H264=H263,I264-I263,I264)/86400000","=IF(H264=H263,I264-I263,I264)",,,current,262,True,3906736965,79042417,True,True,True,True,True,1010,0.0,0.0,38.79,55.81,33.4,13.2,18,76,
"=A264+IF(H265=H264,I265-I264,I265)/86400000","=IF(H265=H264,I265-I264,I265)",,,current,263,True,3906736965,79343376,True,True,True,True,True,1010,0.0,0.0,38.75,55.59,33.4,13.2,90,219,
"=A265+IF(H266=H265,I266-I265,I266)/86400000","=IF(H266=H265,I266-I265,I266)",,,current,264,True,3906736965,79644337,True,True,True,True,True,1010,0.0,0.0,38.56,55.65,33.4,13.2,68,149,
"=A266+IF(H267=H266,I267-I266,I267)/86400000","=IF(H267=H266,I267-I266,I267)",,,current,265,True,3906736965,79945296,True,True,True,True,True,1010,0.0,0.0,38.53,55.48,33.3,13.2,25,100,
"=A267+IF(H268=H267,I268-I267,I268)/86400000","=IF(H268=H267,I268-I267,I268)",,,current,266,True,3906736965,80246259,True,True,True,True,True,1010,0.078,2.11,38.88,55.61,33.3,13.1,85,187,
"=A268+IF(H269=H268,I269-I268,I269)/86400000","=IF(H269=H268,I269-I268,I269)",,,current,267,True,3906736965,80547226,True,True,True,True,True,1010,0.0,0.0,38.82,55.4,33.3,13.1,80,180,
"=A269+IF(H270=H269,I270-I269,I270)/86400000","=IF(H270=H269,I270-I269,I270)",,,current,268,True,3906736965,80848196,True,True,True,True,True,1010,0.0,0.0,40.28,55.58,33.3,13.1,81,178,
"=A270+IF(H271=H270,I271-I270,I271)/86400000","=IF(H271=H270,I271-I270,I271)",,,current,269,True,3906736965,81149164,True,True,True,True,True,1009,0.0,0.0,39.59,55.58,33.3,13.1,55,152,
"=A271+IF(H272=H271,I272-I271,I272)/86400000","=IF(H272=H271,I272-I271,I272)",,,current,270,True,3906736965,81450136,True,True,True,True,True,1009,0.0,0.0,39.77,55.56,33.4,13.1,74,183,
"=A272+IF(H273=H272,I273-I272,I273)/86400000","=IF(H273=H272,I273-I272,I273)",,,current,271,True,3906736965,81751112,True,True,True,True,True,1009,0.088,2.374,38.85,55.3,33.3,13.1,69,250,
"=A273+IF(H274=H273,I274-I273,I274)/86400000","=IF(H274=H273,I274-I273,I274)",,,current,272,True,3906736965,82052089,True,True,True,True,True,1009,0.009,0.231,38.78,55.05,33.3,13.1,59,196,
"=A274+IF(H275=H274,I275-I274,I275)/86400000","=IF(H275=H274,I275-I274,I275)",,,current,273,True,3906736965,82353064,True,True,True,True,True,1009,0.0,0.0,40.34,55.27,33.3,13.1,67,179,
"=A275+IF(H276=H275,I276-I275,I276)/86400000","=IF(H276=H275,I276-I275,I276)",,,current,274,True,3906736965,82654042,True,True,True,True,True,1009,0.044,1.187,40.29,55.57,33.4,13.1,70,272,
"=A276+IF(H277=H276,I277-I276,I277)/86400000","=IF(H277=H276,I277-I276,I277)",,,current,275,True,3906736965,82955025,True,True,True,True,True,1009,0.0,0.0,40.13,55.12,33.3,13.1,67,187,
"=A277+IF(H278=H277,I278-I277,I278)/86400000","=IF(H278=H277,I278-I277,I278)",,,current,276,True,3906736965,83256008,True,True,True,True,True,1009,0.0,0.0,39.86,55.11,33.4,13.1,43,141,
"=A278+IF(H279=H278,I279-I278,I279)/86400000","=IF(H279=H278,I279-I278,I279)",,,current,277,True,3906736965,83556990,True,True,True,True,True,1009,0.0,0.0,41.0,55.14,33.4,13.1,64,176,
"=A279+IF(H280=H279,I280-I279,I280)/86400000","=IF(H280=H279,I280-I279,I280)",,,current,278,True,3906736965,83858008,True,True,True,True,True,1009,0.009,0.231,41.19,55.17,33.5,13.0,60,175,
"=A280+IF(H281=H280,I281-I280,I281)/86400000","=IF(H281=H280,I281-I280,I281)",,,current,279,True,3906736965,84158970,True,True,True,True,True,1009,0.0,0.0,40.73,55.03,33.5,13.0,31,110,
"=A281+IF(H282=H281,I282-I281,I282)/86400000","=IF(H282=H281,I282-I281,I282)",,,current,280,True,3906736965,84459931,True,True,True,True,True,1009,0.0,0.0,39.8,54.66,33.6,13.0,46,130,
"=A282+IF(H283=H282,I283-I282,I283)/86400000","=IF(H283=H282,I283-I282,I283)",,,current,281,True,3906736965,84760894,True,True,True,True,True,1008,0.0,0.0,39.75,54.61,33.6,13.0,22,87,
"=A283+IF(H284=H283,I284-I283,I284)/86400000","=IF(H284=H283,I284-I283,I284)",,,current,282,True,3906736965,85061862,True,True,True,True,True,1008,0.0,0.0,38.65,54.34,33.6,13.0,18,78,
"=A284+IF(H285=H284,I285-I284,I285)/86400000","=IF(H285=H284,I285-I284,I285)",,,current,283,True,3906736965,85362832,True,True,True,True,True,1008,0.0,0.0,38.46,54.2,33.5,12.8,17,73,
"=A285+IF(H286=H285,I286-I285,I286)/86400000","=IF(H286=H285,I286-I285,I286)",设备重启,bootSessionId 变化，uptime 重置；土壤温湿度均为 0,current,284,True,3442566635,1375,True,True,True,True,True,1008,0.0,0.0,37.88,53.97,0.0,0.0,13,59,
"=A286+IF(H287=H286,I287-I286,I287)/86400000","=IF(H287=H286,I287-I286,I287)",,,current,285,True,3442566635,302363,True,True,True,True,True,1008,0.0,0.0,36.87,53.68,33.4,12.2,11,45,
"=A287+IF(H288=H287,I288-I287,I288)/86400000","=IF(H288=H287,I288-I287,I288)",,,current,286,True,3442566635,603338,True,True,True,True,True,1008,0.0,0.0,36.58,53.66,33.4,12.1,11,47,
"=A288+IF(H289=H288,I289-I288,I289)/86400000","=IF(H289=H288,I289-I288,I289)",,,current,287,True,3442566635,904316,True,True,True,True,True,1008,0.0,0.0,36.63,53.64,33.3,12.1,18,67,
"=A289+IF(H290=H289,I290-I289,I290)/86400000","=IF(H290=H289,I290-I289,I290)",,,current,288,True,3442566635,1205293,True,True,True,True,True,1008,0.0,0.0,37.32,53.83,33.3,12.1,22,89,
"=A290+IF(H291=H290,I291-I290,I291)/86400000","=IF(H291=H290,I291-I290,I291)",,,current,289,True,3442566635,1506272,True,True,True,True,True,1008,0.0,0.0,36.33,53.77,33.2,12.1,16,62,
"=A291+IF(H292=H291,I292-I291,I292)/86400000","=IF(H292=H291,I292-I291,I292)",,,current,290,True,3442566635,1807254,True,True,True,True,True,1009,0.0,0.0,35.64,53.49,33.1,12.1,35,114,
"=A292+IF(H293=H292,I293-I292,I293)/86400000","=IF(H293=H292,I293-I292,I293)",,,current,291,True,3442566635,2108238,True,True,True,True,True,1008,0.0,0.0,36.17,53.6,33.1,12.1,38,144,
"=A293+IF(H294=H293,I294-I293,I294)/86400000","=IF(H294=H293,I294-I293,I294)",,,current,292,True,3442566635,2409222,True,True,True,True,True,1008,0.021,0.56,37.29,53.8,33.0,12.1,49,163,
"=A294+IF(H295=H294,I295-I294,I295)/86400000","=IF(H295=H294,I295-I294,I295)",,,current,293,True,3442566635,2710207,True,True,True,True,True,1008,0.0,0.0,37.38,53.98,33.0,12.1,12,46,
"=A295+IF(H296=H295,I296-I295,I296)/86400000","=IF(H296=H295,I296-I295,I296)",,,current,294,True,3442566635,3011228,True,True,True,True,True,1008,0.0,0.0,36.53,53.7,33.0,12.1,12,48,
"=A296+IF(H297=H296,I297-I296,I297)/86400000","=IF(H297=H296,I297-I296,I297)",,,current,295,True,3442566635,3312193,True,True,True,True,True,1008,0.0,0.0,35.97,53.5,33.0,12.1,6,25,
"=A297+IF(H298=H297,I298-I297,I298)/86400000","=IF(H298=H297,I298-I297,I298)",,,current,296,True,3442566635,3613158,True,True,True,True,True,1008,0.0,0.0,35.58,53.38,32.9,12.1,8,34,
"=A298+IF(H299=H298,I299-I298,I299)/86400000","=IF(H299=H298,I299-I298,I299)",,,current,297,True,3442566635,3914126,True,True,True,True,True,1008,0.05,1.352,35.27,53.28,32.9,12.0,4,16,
"=A299+IF(H300=H299,I300-I299,I300)/86400000","=IF(H300=H299,I300-I299,I300)",设备重启,bootSessionId 变化，uptime 重置；土壤温湿度均为 0,current,298,True,3045069830,1339,True,True,True,True,True,1008,0.065,1.747,35.12,53.21,0.0,0.0,2,10,
"=A300+IF(H301=H300,I301-I300,I301)/86400000","=IF(H301=H300,I301-I300,I301)",,,current,299,True,3045069830,302320,True,True,True,True,True,1008,0.128,3.462,33.99,53.04,32.7,12.2,1,6,
"=A301+IF(H302=H301,I302-I301,I302)/86400000","=IF(H302=H301,I302-I301,I302)",,,current,300,True,3045069830,603293,True,True,True,True,True,1008,0.055,1.484,33.49,52.81,32.6,12.2,3,10,
"=A302+IF(H303=H302,I303-I302,I303)/86400000","=IF(H303=H302,I303-I302,I303)",,,current,301,True,3045069830,904269,True,True,True,True,True,1008,0.0,0.0,33.18,52.71,32.5,12.2,3,11,
"=A303+IF(H304=H303,I304-I303,I304)/86400000","=IF(H304=H303,I304-I303,I304)",,,current,302,True,3045069830,1205246,True,True,True,True,True,1008,0.0,0.0,33.16,52.65,32.5,12.2,2,9,
"=A304+IF(H305=H304,I305-I304,I305)/86400000","=IF(H305=H304,I305-I304,I305)",,,current,303,True,3045069830,1506225,True,True,True,True,True,1008,0.0,0.0,32.74,52.65,32.4,12.2,2,9,
"=A305+IF(H306=H305,I306-I305,I306)/86400000","=IF(H306=H305,I306-I305,I306)",,,current,304,True,3045069830,1807206,True,True,True,True,True,1008,0.0,0.0,32.58,52.7,32.3,12.1,3,11,
"=A306+IF(H307=H306,I307-I306,I307)/86400000","=IF(H307=H306,I307-I306,I307)",,,current,305,True,3045069830,2108189,True,True,True,True,True,1008,0.0,0.0,32.44,52.7,32.2,12.1,4,13,
"=A307+IF(H308=H307,I308-I307,I308)/86400000","=IF(H308=H307,I308-I307,I308)",,,current,306,True,3045069830,2409173,True,True,True,True,True,1008,0.0,0.0,32.3,52.63,32.2,12.1,4,13,
"=A308+IF(H309=H308,I309-I308,I309)/86400000","=IF(H309=H308,I309-I308,I309)",,,current,307,True,3045069830,2710159,True,True,True,True,True,1008,0.0,0.0,32.17,52.74,32.1,12.1,3,13,
"=A309+IF(H310=H309,I310-I309,I310)/86400000","=IF(H310=H309,I310-I309,I310)",,,current,308,True,3045069830,3011147,True,True,True,True,True,1008,0.0,0.0,32.15,52.76,32.0,12.1,3,12,
"=A310+IF(H311=H310,I311-I310,I311)/86400000","=IF(H311=H310,I311-I310,I311)",,,current,309,True,3045069830,3312140,True,True,True,True,True,1008,0.0,0.0,32.16,52.82,32.0,12.1,3,12,
"=A311+IF(H312=H311,I312-I311,I312)/86400000","=IF(H312=H311,I312-I311,I312)",,,current,310,True,3045069830,3613163,True,True,True,True,True,1008,0.0,0.0,32.11,52.88,31.9,12.1,3,13,
"=A312+IF(H313=H312,I313-I312,I313)/86400000","=IF(H313=H312,I313-I312,I313)",,,current,311,True,3045069830,3914130,True,True,True,True,True,1008,0.0,0.0,32.05,52.9,31.8,12.0,3,12,
"=A313+IF(H314=H313,I314-I313,I314)/86400000","=IF(H314=H313,I314-I313,I314)",,,current,312,True,3045069830,4215101,True,True,True,True,True,1009,0.0,0.0,32.07,52.95,31.7,12.1,3,13,
"=A314+IF(H315=H314,I315-I314,I315)/86400000","=IF(H315=H314,I315-I314,I315)",,,current,313,True,3045069830,4516076,True,True,True,True,True,1007,0.0,0.0,31.97,53.01,31.7,12.1,4,14,
"=A315+IF(H316=H315,I316-I315,I316)/86400000","=IF(H316=H315,I316-I315,I316)",,,current,314,True,3045069830,4817051,True,True,True,True,True,1009,0.0,0.0,31.78,52.95,31.6,12.1,4,16,
"=A316+IF(H317=H316,I317-I316,I317)/86400000","=IF(H317=H316,I317-I316,I317)",,,current,315,True,3045069830,5118028,True,True,True,True,True,1009,0.0,0.0,31.72,52.96,31.6,12.0,4,15,
"=A317+IF(H318=H317,I318-I317,I318)/86400000","=IF(H318=H317,I318-I317,I318)",,,current,316,True,3045069830,5419009,True,True,True,True,True,1009,0.0,0.0,31.76,53.01,31.5,12.1,4,13,
"=A318+IF(H319=H318,I319-I318,I319)/86400000","=IF(H319=H318,I319-I318,I319)",,,current,317,True,3045069830,5719990,True,True,True,True,True,1009,0.001,0.033,31.22,52.91,31.4,12.1,4,13,
"=A319+IF(H320=H319,I320-I319,I320)/86400000","=IF(H320=H319,I320-I319,I320)",,,current,318,True,3045069830,6020970,True,True,True,True,True,1009,0.0,0.0,30.94,52.78,31.3,12.1,3,12,
"=A320+IF(H321=H320,I321-I320,I321)/86400000","=IF(H321=H320,I321-I320,I321)",,,current,319,True,3045069830,6321955,True,True,True,True,True,1009,0.0,0.0,30.7,52.68,31.2,12.1,3,12,
"=A321+IF(H322=H321,I322-I321,I322)/86400000","=IF(H322=H321,I322-I321,I322)",,,current,320,True,3045069830,6622942,True,True,True,True,True,1008,0.0,0.0,30.57,52.68,31.2,12.1,3,11,
"=A322+IF(H323=H322,I323-I322,I323)/86400000","=IF(H323=H322,I323-I322,I323)",,,current,321,True,3045069830,6923940,True,True,True,True,True,1008,0.0,0.0,30.59,52.72,31.2,12.1,3,11,
"=A323+IF(H324=H323,I324-I323,I324)/86400000","=IF(H324=H323,I324-I323,I324)",,,current,322,True,3045069830,7224915,True,True,True,True,True,1008,0.0,0.0,30.59,52.84,31.2,12.0,3,11,
"=A324+IF(H325=H324,I325-I324,I325)/86400000","=IF(H325=H324,I325-I324,I325)",,,current,323,True,3045069830,7525893,True,True,True,True,True,1008,0.026,0.692,30.54,52.85,31.1,12.1,3,10,
"=A325+IF(H326=H325,I326-I325,I326)/86400000","=IF(H326=H325,I326-I325,I326)",,,current,324,True,3045069830,7826873,True,True,True,True,True,1008,0.0,0.0,30.57,52.91,31.1,12.0,3,11,
"=A326+IF(H327=H326,I327-I326,I327)/86400000","=IF(H327=H326,I327-I326,I327)",,,current,325,True,3045069830,8127853,True,True,True,True,True,1008,0.0,0.0,30.59,52.95,31.0,12.1,3,11,
"=A327+IF(H328=H327,I328-I327,I328)/86400000","=IF(H328=H327,I328-I327,I328)",,,current,326,True,3045069830,8428869,True,True,True,True,True,1008,0.0,0.0,30.62,53.08,31.0,12.1,3,12,
"=A328+IF(H329=H328,I329-I328,I329)/86400000","=IF(H329=H328,I329-I328,I329)",,,current,327,True,3045069830,8729826,True,True,True,True,True,1008,0.0,0.0,30.53,53.1,30.9,12.1,3,13,
"=A329+IF(H330=H329,I330-I329,I330)/86400000","=IF(H330=H329,I330-I329,I330)",,,current,328,True,3045069830,9030787,True,True,True,True,True,1008,0.0,0.0,30.53,53.05,30.9,12.0,4,16,
"=A330+IF(H331=H330,I331-I330,I331)/86400000","=IF(H331=H330,I331-I330,I331)",,,current,329,True,3045069830,9331748,True,True,True,True,True,1008,0.0,0.0,30.68,53.2,30.9,12.0,5,21,
"=A331+IF(H332=H331,I332-I331,I332)/86400000","=IF(H332=H331,I332-I331,I332)",,,current,330,True,3045069830,9632710,True,True,True,True,True,1008,0.0,0.0,31.2,53.36,30.9,12.1,15,58,
"=A332+IF(H333=H332,I333-I332,I333)/86400000","=IF(H333=H332,I333-I332,I333)",,,current,331,True,3045069830,9933676,True,True,True,True,True,1008,0.0,0.0,31.56,53.58,30.9,12.1,15,55,
"=A333+IF(H334=H333,I334-I333,I334)/86400000","=IF(H334=H333,I334-I333,I334)",,,current,332,True,3045069830,10234644,True,True,True,True,True,1008,0.0,0.0,31.9,53.77,30.9,12.0,15,53,
"=A334+IF(H335=H334,I335-I334,I335)/86400000","=IF(H335=H334,I335-I334,I335)",,,current,333,True,3045069830,10535610,True,True,True,True,True,1008,0.0,0.0,31.91,53.84,30.9,12.1,14,51,
"=A335+IF(H336=H335,I336-I335,I336)/86400000","=IF(H336=H335,I336-I335,I336)",气压孤立跳变,与前后记录均相差至少 3 hPa,current,334,True,3045069830,10836581,True,True,True,True,True,1005,0.0,0.0,31.71,53.9,30.9,12.1,13,45,
"=A336+IF(H337=H336,I337-I336,I337)/86400000","=IF(H337=H336,I337-I336,I337)",,,current,335,True,3045069830,11137554,True,True,True,True,True,1008,0.0,0.0,31.63,53.87,30.9,12.1,11,41,
"=A337+IF(H338=H337,I338-I337,I338)/86400000","=IF(H338=H337,I338-I337,I338)",,,current,336,True,3045069830,11438527,True,True,True,True,True,1008,0.0,0.0,31.67,53.92,30.9,12.1,9,34,
"=A338+IF(H339=H338,I339-I338,I339)/86400000","=IF(H339=H338,I339-I338,I339)",,,current,337,True,3045069830,11739502,True,True,True,True,True,1008,0.0,0.0,31.6,53.92,30.9,12.1,8,31,
"=A339+IF(H340=H339,I340-I339,I340)/86400000","=IF(H340=H339,I340-I339,I340)",,,current,338,True,3045069830,12040481,True,True,True,True,True,1008,0.0,0.0,31.4,53.91,30.9,12.0,8,28,
"=A340+IF(H341=H340,I341-I340,I341)/86400000","=IF(H341=H340,I341-I340,I341)",,,current,339,True,3045069830,12341462,True,True,True,True,True,1008,0.0,0.0,31.36,53.89,30.9,12.1,6,22,
"=A341+IF(H342=H341,I342-I341,I342)/86400000","=IF(H342=H341,I342-I341,I342)",,,current,340,True,3045069830,12642444,True,True,True,True,True,1007,0.0,0.0,31.47,53.96,30.9,12.1,5,18,
"=A342+IF(H343=H342,I343-I342,I343)/86400000","=IF(H343=H342,I343-I342,I343)",,,current,341,True,3045069830,12943424,True,True,True,True,True,1008,0.0,0.0,31.37,53.99,30.9,12.0,4,14,
"=A343+IF(H344=H343,I344-I343,I344)/86400000","=IF(H344=H343,I344-I343,I344)",,,current,342,True,3045069830,13244444,True,True,True,True,True,1008,0.0,0.0,31.3,53.99,30.9,12.0,3,11,
"=A344+IF(H345=H344,I345-I344,I345)/86400000","=IF(H345=H344,I345-I344,I345)",,,current,343,True,3045069830,13545405,True,True,True,True,True,1008,0.0,0.0,31.35,54.04,30.8,12.1,2,7,
"=A345+IF(H346=H345,I346-I345,I346)/86400000","=IF(H346=H345,I346-I345,I346)",,,current,344,True,3045069830,13846367,True,True,True,True,True,1008,0.0,0.0,31.21,53.99,30.8,12.1,1,3,
"=A346+IF(H347=H346,I347-I346,I347)/86400000","=IF(H347=H346,I347-I346,I347)",,,current,345,True,3045069830,14147330,True,True,True,True,True,1008,0.0,0.0,31.08,53.98,30.8,12.0,1,2,
"=A347+IF(H348=H347,I348-I347,I348)/86400000","=IF(H348=H347,I348-I347,I348)",,,current,346,True,3045069830,14448296,True,True,True,True,True,1008,0.0,0.0,30.98,54.0,30.8,12.0,0,2,
"=A348+IF(H349=H348,I349-I348,I349)/86400000","=IF(H349=H348,I349-I348,I349)",,,current,347,True,3045069830,14749264,True,True,True,True,True,1008,0.0,0.0,30.95,53.97,30.8,11.9,0,1,
"=A349+IF(H350=H349,I350-I349,I350)/86400000","=IF(H350=H349,I350-I349,I350)",,,current,348,True,3045069830,15050233,True,True,True,True,True,1008,0.0,0.0,31.07,54.02,30.7,12.0,0,1,
"=A350+IF(H351=H350,I351-I350,I351)/86400000","=IF(H351=H350,I351-I350,I351)",,,current,349,True,3045069830,15351205,True,True,True,True,True,1008,0.0,0.0,31.14,54.08,30.7,12.0,0,0,
"=A351+IF(H352=H351,I352-I351,I352)/86400000","=IF(H352=H351,I352-I351,I352)",,,current,350,True,3045069830,15652176,True,True,True,True,True,1008,0.005,0.132,31.09,54.16,30.7,12.0,0,0,
"=A352+IF(H353=H352,I353-I352,I353)/86400000","=IF(H353=H352,I353-I352,I353)",,,current,351,True,3045069830,15953150,True,True,True,True,True,1008,0.0,0.0,30.97,54.07,30.7,12.0,0,0,
"=A353+IF(H354=H353,I354-I353,I354)/86400000","=IF(H354=H353,I354-I353,I354)",,,current,352,True,3045069830,16254126,True,True,True,True,True,1008,0.0,0.0,30.93,54.1,30.6,12.0,0,0,
"=A354+IF(H355=H354,I355-I354,I355)/86400000","=IF(H355=H354,I355-I354,I355)",,,current,353,True,3045069830,16555104,True,True,True,True,True,1008,0.0,0.0,30.92,54.17,30.6,12.0,0,0,
"=A355+IF(H356=H355,I356-I355,I356)/86400000","=IF(H356=H355,I356-I355,I356)",,,current,354,True,3045069830,16856084,True,True,True,True,True,1008,0.0,0.0,30.97,54.2,30.6,12.0,0,0,
"=A356+IF(H357=H356,I357-I356,I357)/86400000","=IF(H357=H356,I357-I356,I357)",,,current,355,True,3045069830,17157066,True,True,True,True,True,1008,0.0,0.0,30.94,54.22,30.5,12.0,0,0,
"=A357+IF(H358=H357,I358-I357,I358)/86400000","=IF(H358=H357,I358-I357,I358)",,,current,356,True,3045069830,17458050,True,True,True,True,True,1008,0.0,0.0,30.96,54.27,30.5,12.0,0,0,
"=A358+IF(H359=H358,I359-I358,I359)/86400000","=IF(H359=H358,I359-I358,I359)",,,current,357,True,3045069830,17759036,True,True,True,True,True,1008,0.0,0.0,30.81,54.26,30.5,12.0,0,0,
"=A359+IF(H360=H359,I360-I359,I360)/86400000","=IF(H360=H359,I360-I359,I360)",,,current,358,True,3045069830,18060057,True,True,True,True,True,1008,0.0,0.0,30.69,54.27,30.5,12.0,0,0,
"=A360+IF(H361=H360,I361-I360,I361)/86400000","=IF(H361=H360,I361-I360,I361)",,,current,359,True,3045069830,18361019,True,True,True,True,True,1008,0.0,0.0,30.54,54.24,30.5,12.0,0,0,
"=A361+IF(H362=H361,I362-I361,I362)/86400000","=IF(H362=H361,I362-I361,I362)",,,current,360,True,3045069830,18661983,True,True,True,True,True,1008,0.0,0.0,30.4,54.23,30.5,11.9,0,0,
"=A362+IF(H363=H362,I363-I362,I363)/86400000","=IF(H363=H362,I363-I362,I363)",,,current,361,True,3045069830,18962947,True,True,True,True,True,1008,0.0,0.0,30.38,54.29,30.4,12.0,0,0,
"=A363+IF(H364=H363,I364-I363,I364)/86400000","=IF(H364=H363,I364-I363,I364)",,,current,362,True,3045069830,19263915,True,True,True,True,True,1009,0.0,0.0,30.37,54.31,30.4,12.0,0,0,
"=A364+IF(H365=H364,I365-I364,I365)/86400000","=IF(H365=H364,I365-I364,I365)",,,current,363,True,3045069830,19564884,True,True,True,True,True,1008,0.0,0.0,30.39,54.4,30.4,12.0,0,0,
"=A365+IF(H366=H365,I366-I365,I366)/86400000","=IF(H366=H365,I366-I365,I366)",,,current,364,True,3045069830,19865856,True,True,True,True,True,1008,0.0,0.0,30.34,54.43,30.4,12.0,0,0,
"=A366+IF(H367=H366,I367-I366,I367)/86400000","=IF(H367=H366,I367-I366,I367)",,,current,365,True,3045069830,20166829,True,True,True,True,True,1008,0.0,0.0,30.31,54.48,30.4,12.0,0,0,
"=A367+IF(H368=H367,I368-I367,I368)/86400000","=IF(H368=H367,I368-I367,I368)",,,current,366,True,3045069830,20467803,True,True,True,True,True,1008,0.0,0.0,30.29,54.52,30.4,12.0,0,0,
"=A368+IF(H369=H368,I369-I368,I369)/86400000","=IF(H369=H368,I369-I368,I369)",,,current,367,True,3045069830,20768780,True,True,True,True,True,1009,0.0,0.0,30.18,54.48,30.4,12.0,0,0,
"=A369+IF(H370=H369,I370-I369,I370)/86400000","=IF(H370=H369,I370-I369,I370)",,,current,368,True,3045069830,21069759,True,True,True,True,True,1009,0.0,0.0,30.16,54.58,30.3,12.0,0,0,
"=A370+IF(H371=H370,I371-I370,I371)/86400000","=IF(H371=H370,I371-I370,I371)",,,current,369,True,3045069830,21370738,True,True,True,True,True,1009,0.0,0.0,30.17,54.6,30.3,12.0,0,0,
"=A371+IF(H372=H371,I372-I371,I372)/86400000","=IF(H372=H371,I372-I371,I372)",,,current,370,True,3045069830,21671719,True,True,True,True,True,1009,0.0,0.0,30.26,54.7,30.3,12.0,0,0,
"=A372+IF(H373=H372,I373-I372,I373)/86400000","=IF(H373=H372,I373-I372,I373)",,,current,371,True,3045069830,21972705,True,True,True,True,True,1009,0.0,0.0,30.26,54.76,30.3,12.0,0,0,
"=A373+IF(H374=H373,I374-I373,I374)/86400000","=IF(H374=H373,I374-I373,I374)",,,current,372,True,3045069830,22273691,True,True,True,True,True,1009,0.0,0.0,30.23,54.82,30.2,12.0,0,0,
"=A374+IF(H375=H374,I375-I374,I375)/86400000","=IF(H375=H374,I375-I374,I375)",,,current,373,True,3045069830,22574678,True,True,True,True,True,1009,0.0,0.0,30.19,54.88,30.2,12.0,0,0,
"=A375+IF(H376=H375,I376-I375,I376)/86400000","=IF(H376=H375,I376-I375,I376)",,,current,374,True,3045069830,22875699,True,True,True,True,True,1009,0.0,0.0,30.17,54.88,30.2,12.0,0,0,
"=A376+IF(H377=H376,I377-I376,I377)/86400000","=IF(H377=H376,I377-I376,I377)",,,current,375,True,3045069830,23176664,True,True,True,True,True,1009,0.0,0.0,30.16,54.92,30.2,12.0,0,0,
"=A377+IF(H378=H377,I378-I377,I378)/86400000","=IF(H378=H377,I378-I377,I378)",,,current,376,True,3045069830,23477631,True,True,True,True,True,1009,0.0,0.0,30.16,54.99,30.2,12.0,0,0,
"=A378+IF(H379=H378,I379-I378,I379)/86400000","=IF(H379=H378,I379-I378,I379)",,,current,377,True,3045069830,23778600,True,True,True,True,True,1009,0.0,0.0,30.14,55.16,30.2,12.0,0,0,
"=A379+IF(H380=H379,I380-I379,I380)/86400000","=IF(H380=H379,I380-I379,I380)",,,current,378,True,3045069830,24079571,True,True,True,True,True,1009,0.006,0.165,30.08,55.17,30.2,12.0,0,0,
"=A380+IF(H381=H380,I381-I380,I381)/86400000","=IF(H381=H380,I381-I380,I381)",,,current,379,True,3045069830,24380544,True,True,True,True,True,1009,0.0,0.0,30.09,55.21,30.2,12.0,0,0,
"=A381+IF(H382=H381,I382-I381,I382)/86400000","=IF(H382=H381,I382-I381,I382)",,,current,380,True,3045069830,24681521,True,True,True,True,True,1009,0.0,0.0,30.09,55.29,30.2,12.0,0,0,
"=A382+IF(H383=H382,I383-I382,I383)/86400000","=IF(H383=H382,I383-I382,I383)",,,current,381,True,3045069830,24982497,True,True,True,True,True,1009,0.0,0.0,30.14,55.28,30.2,12.0,0,0,
"=A383+IF(H384=H383,I384-I383,I384)/86400000","=IF(H384=H383,I384-I383,I384)",,,current,382,True,3045069830,25283475,True,True,True,True,True,1009,0.016,0.429,30.19,55.39,30.2,12.0,0,0,
"=A384+IF(H385=H384,I385-I384,I385)/86400000","=IF(H385=H384,I385-I384,I385)",,,current,383,True,3045069830,25584454,True,True,True,True,True,1009,0.0,0.0,30.26,55.54,30.2,12.0,0,0,
"=A385+IF(H386=H385,I386-I385,I386)/86400000","=IF(H386=H385,I386-I385,I386)",,,current,384,True,3045069830,25885437,True,True,True,True,True,1009,0.0,0.0,30.26,55.59,30.2,12.0,0,0,
"=A386+IF(H387=H386,I387-I386,I387)/86400000","=IF(H387=H386,I387-I386,I387)",,,current,385,True,3045069830,26186419,True,True,True,True,True,1009,0.0,0.0,30.28,55.66,30.2,12.0,0,0,
"=A387+IF(H388=H387,I388-I387,I388)/86400000","=IF(H388=H387,I388-I387,I388)",,,current,386,True,3045069830,26487404,True,True,True,True,True,1009,0.0,0.0,30.32,55.74,30.2,12.0,0,0,
"=A388+IF(H389=H388,I389-I388,I389)/86400000","=IF(H389=H388,I389-I388,I389)",,,current,387,True,3045069830,26788390,True,True,True,True,True,1009,0.0,0.0,30.34,55.84,30.2,12.0,0,0,
"=A389+IF(H390=H389,I390-I389,I390)/86400000","=IF(H390=H389,I390-I389,I390)",,,current,388,True,3045069830,27089379,True,True,True,True,True,1009,0.0,0.0,30.36,55.93,30.2,12.0,0,0,
"=A390+IF(H391=H390,I391-I390,I391)/86400000","=IF(H391=H390,I391-I390,I391)",,,current,389,True,3045069830,27390367,True,True,True,True,True,1009,0.0,0.0,30.39,56.0,30.2,12.0,0,0,
"=A391+IF(H392=H391,I392-I391,I392)/86400000","=IF(H392=H391,I392-I391,I392)",,,current,390,True,3045069830,27691390,True,True,True,True,True,1009,0.104,2.802,30.57,56.16,30.2,12.0,0,0,
"=A392+IF(H393=H392,I393-I392,I393)/86400000","=IF(H393=H392,I393-I392,I393)",,,current,391,True,3045069830,27992357,True,True,True,True,True,1009,0.0,0.0,30.71,56.29,30.2,12.0,0,0,
"=A393+IF(H394=H393,I394-I393,I394)/86400000","=IF(H394=H393,I394-I393,I394)",,,current,392,True,3045069830,28293329,True,True,True,True,True,1009,0.0,0.0,30.81,56.4,30.2,12.0,0,0,
"=A394+IF(H395=H394,I395-I394,I395)/86400000","=IF(H395=H394,I395-I394,I395)",,,current,393,True,3045069830,28594301,True,True,True,True,True,1009,0.0,0.0,30.86,56.54,30.2,12.0,0,0,
"=A395+IF(H396=H395,I396-I395,I396)/86400000","=IF(H396=H395,I396-I395,I396)",,,current,394,True,3045069830,28895276,True,True,True,True,True,1009,0.0,0.0,30.84,56.61,30.2,12.0,0,0,
"=A396+IF(H397=H396,I397-I396,I397)/86400000","=IF(H397=H396,I397-I396,I397)",,,current,395,True,3045069830,29196253,True,True,True,True,True,1009,0.0,0.0,30.83,56.71,30.2,12.0,0,0,
"=A397+IF(H398=H397,I398-I397,I398)/86400000","=IF(H398=H397,I398-I397,I398)",,,current,396,True,3045069830,29497231,True,True,True,True,True,1009,0.0,0.0,30.85,56.88,30.2,12.0,0,0,
"=A398+IF(H399=H398,I399-I398,I399)/86400000","=IF(H399=H398,I399-I398,I399)",,,current,397,True,3045069830,29798211,True,True,True,True,True,1009,0.0,0.0,30.73,56.88,30.2,12.0,0,0,
"=A399+IF(H400=H399,I400-I399,I400)/86400000","=IF(H400=H399,I400-I399,I400)",,,current,398,True,3045069830,30099192,True,True,True,True,True,1009,0.0,0.0,30.69,56.98,30.2,12.0,0,0,
"=A400+IF(H401=H400,I401-I400,I401)/86400000","=IF(H401=H400,I401-I400,I401)",,,current,399,True,3045069830,30400178,True,True,True,True,True,1009,0.0,0.0,30.69,57.06,30.2,12.0,0,0,
"=A401+IF(H402=H401,I402-I401,I402)/86400000","=IF(H402=H401,I402-I401,I402)",,,current,400,True,3045069830,30701164,True,True,True,True,True,1009,0.0,0.0,30.65,57.13,30.2,12.0,0,0,
"=A402+IF(H403=H402,I403-I402,I403)/86400000","=IF(H403=H402,I403-I402,I403)",,,current,401,True,3045069830,31002150,True,True,True,True,True,1008,0.0,0.0,30.54,57.16,30.2,12.0,0,0,
"=A403+IF(H404=H403,I404-I403,I404)/86400000","=IF(H404=H403,I404-I403,I404)",,,current,402,True,3045069830,31303153,True,True,True,True,True,1009,0.0,0.0,30.47,57.21,30.2,12.0,0,0,
"=A404+IF(H405=H404,I405-I404,I405)/86400000","=IF(H405=H404,I405-I404,I405)",,,current,403,True,3045069830,31604130,True,True,True,True,True,1009,0.0,0.0,30.41,57.3,30.2,12.0,0,0,
"=A405+IF(H406=H405,I406-I405,I406)/86400000","=IF(H406=H405,I406-I405,I406)",,,current,404,True,3045069830,31905108,True,True,True,True,True,1008,0.0,0.0,30.43,57.39,30.2,12.0,0,0,
"=A406+IF(H407=H406,I407-I406,I407)/86400000","=IF(H407=H406,I407-I406,I407)",,,current,405,True,3045069830,32206088,True,True,True,True,True,1009,0.0,0.0,30.44,57.48,30.2,12.0,0,0,
"=A407+IF(H408=H407,I408-I407,I408)/86400000","=IF(H408=H407,I408-I407,I408)",,,current,406,True,3045069830,32507104,True,True,True,True,True,1009,0.0,0.0,30.39,57.53,30.2,12.0,0,0,
"=A408+IF(H409=H408,I409-I408,I409)/86400000","=IF(H409=H408,I409-I408,I409)",,,current,407,True,3045069830,32808062,True,True,True,True,True,1009,0.0,0.0,30.31,57.6,30.2,12.0,0,0,
"=A409+IF(H410=H409,I410-I409,I410)/86400000","=IF(H410=H409,I410-I409,I410)",,,current,408,True,3045069830,33109021,True,True,True,True,True,1009,0.0,0.0,30.24,57.68,30.2,12.0,0,0,
"=A410+IF(H411=H410,I411-I410,I411)/86400000","=IF(H411=H410,I411-I410,I411)",,,current,409,True,3045069830,33409982,True,True,True,True,True,1008,0.0,0.0,30.17,57.7,30.1,12.0,0,0,
"=A411+IF(H412=H411,I412-I411,I412)/86400000","=IF(H412=H411,I412-I411,I412)",,,current,410,True,3045069830,33710945,True,True,True,True,True,1009,0.0,0.0,30.11,57.75,30.1,12.0,0,0,
"=A412+IF(H413=H412,I413-I412,I413)/86400000","=IF(H413=H412,I413-I412,I413)",,,current,411,True,3045069830,34011912,True,True,True,True,True,1009,0.0,0.0,30.08,57.87,30.1,12.0,0,0,
"=A413+IF(H414=H413,I414-I413,I414)/86400000","=IF(H414=H413,I414-I413,I414)",,,current,412,True,3045069830,34312880,True,True,True,True,True,1009,0.0,0.0,30.02,57.97,30.1,12.0,0,0,
"=A414+IF(H415=H414,I415-I414,I415)/86400000","=IF(H415=H414,I415-I414,I415)",,,current,413,True,3045069830,34613848,True,True,True,True,True,1009,0.0,0.0,29.99,57.96,30.1,12.0,0,0,
"=A415+IF(H416=H415,I416-I415,I416)/86400000","=IF(H416=H415,I416-I415,I416)",,,current,414,True,3045069830,34914818,True,True,True,True,True,1009,0.0,0.0,29.96,58.04,30.1,12.0,0,0,
"=A416+IF(H417=H416,I417-I416,I417)/86400000","=IF(H417=H416,I417-I416,I417)",,,current,415,True,3045069830,35215791,True,True,True,True,True,1009,0.0,0.0,29.93,58.16,30.1,12.0,0,0,
"=A417+IF(H418=H417,I418-I417,I418)/86400000","=IF(H418=H417,I418-I417,I418)",,,current,416,True,3045069830,35516763,True,True,True,True,True,1009,0.0,0.0,29.94,58.25,30.1,12.0,0,0,
"=A418+IF(H419=H418,I419-I418,I419)/86400000","=IF(H419=H418,I419-I418,I419)",,,current,417,True,3045069830,35817739,True,True,True,True,True,1009,0.066,1.78,29.89,58.35,30.0,12.0,0,0,
"=A419+IF(H420=H419,I420-I419,I420)/86400000","=IF(H420=H419,I420-I419,I420)",,,current,418,True,3045069830,36118718,True,True,True,True,True,1009,0.0,0.0,29.86,58.44,30.0,12.0,0,0,
"=A420+IF(H421=H420,I421-I420,I421)/86400000","=IF(H421=H420,I421-I420,I421)",,,current,419,True,3045069830,36419696,True,True,True,True,True,1009,0.0,0.0,29.82,58.44,30.0,12.0,0,0,
"=A421+IF(H422=H421,I422-I421,I422)/86400000","=IF(H422=H421,I422-I421,I422)",,,current,420,True,3045069830,36720675,True,True,True,True,True,1009,0.0,0.0,29.82,58.63,30.0,12.0,0,0,
"=A422+IF(H423=H422,I423-I422,I423)/86400000","=IF(H423=H422,I423-I422,I423)",,,current,421,True,3045069830,37021658,True,True,True,True,True,1009,0.0,0.0,29.85,58.67,30.0,12.0,0,0,
"=A423+IF(H424=H423,I424-I423,I424)/86400000","=IF(H424=H423,I424-I423,I424)",,,current,422,True,3045069830,37322675,True,True,True,True,True,1009,0.0,0.0,29.87,58.75,30.0,12.0,0,0,
"=A424+IF(H425=H424,I425-I424,I425)/86400000","=IF(H425=H424,I425-I424,I425)",,,current,423,True,3045069830,37623633,True,True,True,True,True,1009,0.0,0.0,29.84,58.87,30.0,12.0,0,0,
"=A425+IF(H426=H425,I426-I425,I426)/86400000","=IF(H426=H425,I426-I425,I426)",,,current,424,True,3045069830,37924593,True,True,True,True,True,1009,0.0,0.0,29.82,58.98,30.0,12.0,0,0,
"=A426+IF(H427=H426,I427-I426,I427)/86400000","=IF(H427=H426,I427-I426,I427)",,,current,425,True,3045069830,38225555,True,True,True,True,True,1009,0.0,0.0,29.83,59.08,30.0,12.0,0,0,
"=A427+IF(H428=H427,I428-I427,I428)/86400000","=IF(H428=H427,I428-I427,I428)",,,current,426,True,3045069830,38526520,True,True,True,True,True,1009,0.0,0.0,29.81,59.18,30.0,12.0,0,0,
"=A428+IF(H429=H428,I429-I428,I429)/86400000","=IF(H429=H428,I429-I428,I429)",,,current,427,True,3045069830,38827487,True,True,True,True,True,1009,0.0,0.0,29.78,59.29,30.0,12.0,0,0,
"=A429+IF(H430=H429,I430-I429,I430)/86400000","=IF(H430=H429,I430-I429,I430)",,,current,428,True,3045069830,39128455,True,True,True,True,True,1009,0.0,0.0,29.76,59.38,30.0,12.0,0,0,
"=A430+IF(H431=H430,I431-I430,I431)/86400000","=IF(H431=H430,I431-I430,I431)",,,current,429,True,3045069830,39429424,True,True,True,True,True,1009,0.0,0.0,29.7,59.48,30.0,12.0,0,0,
"=A431+IF(H432=H431,I432-I431,I432)/86400000","=IF(H432=H431,I432-I431,I432)",,,current,430,True,3045069830,39730397,True,True,True,True,True,1009,0.0,0.0,29.7,59.58,30.0,12.0,0,0,
"=A432+IF(H433=H432,I433-I432,I433)/86400000","=IF(H433=H432,I433-I432,I433)",,,current,431,True,3045069830,40031370,True,True,True,True,True,1009,0.0,0.0,29.67,59.65,30.0,12.0,0,0,
"=A433+IF(H434=H433,I434-I433,I434)/86400000","=IF(H434=H433,I434-I433,I434)",,,current,432,True,3045069830,40332347,True,True,True,True,True,1009,0.01,0.264,29.71,59.72,30.0,12.0,0,0,
"=A434+IF(H435=H434,I435-I434,I435)/86400000","=IF(H435=H434,I435-I434,I435)",,,current,433,True,3045069830,40633325,True,True,True,True,True,1009,0.0,0.0,29.77,59.83,30.0,12.0,0,0,
"=A435+IF(H436=H435,I436-I435,I436)/86400000","=IF(H436=H435,I436-I435,I436)",,,current,434,True,3045069830,40934306,True,True,True,True,True,1009,0.042,1.121,29.79,59.96,30.0,12.0,0,0,
"=A436+IF(H437=H436,I437-I436,I437)/86400000","=IF(H437=H436,I437-I436,I437)",,,current,435,True,3045069830,41235289,True,True,True,True,True,1009,0.0,0.0,29.77,60.03,30.0,12.0,0,0,
"=A437+IF(H438=H437,I438-I437,I438)/86400000","=IF(H438=H437,I438-I437,I438)",,,current,436,True,3045069830,41536272,True,True,True,True,True,1009,0.0,0.0,29.77,60.17,30.0,12.0,0,0,
"=A438+IF(H439=H438,I439-I438,I439)/86400000","=IF(H439=H438,I439-I438,I439)",,,current,437,True,3045069830,41837257,True,True,True,True,True,1009,0.011,0.297,29.77,60.27,30.0,12.0,0,0,
"=A439+IF(H440=H439,I440-I439,I440)/86400000","=IF(H440=H439,I440-I439,I440)",,,current,438,True,3045069830,42138278,True,True,True,True,True,1009,0.0,0.0,29.74,60.38,29.9,12.0,0,0,
"=A440+IF(H441=H440,I441-I440,I441)/86400000","=IF(H441=H440,I441-I440,I441)",,,current,439,True,3045069830,42439239,True,True,True,True,True,1009,0.009,0.231,29.72,60.45,30.0,12.0,0,0,
"=A441+IF(H442=H441,I442-I441,I442)/86400000","=IF(H442=H441,I442-I441,I442)",,,current,440,True,3045069830,42740201,True,True,True,True,True,1009,0.0,0.0,29.72,60.58,30.0,12.0,0,0,
"=A442+IF(H443=H442,I443-I442,I443)/86400000","=IF(H443=H442,I443-I442,I443)",,,current,441,True,3045069830,43041168,True,True,True,True,True,1009,0.015,0.396,29.67,60.65,29.9,12.0,0,0,
"=A443+IF(H444=H443,I444-I443,I444)/86400000","=IF(H444=H443,I444-I443,I444)",,,current,442,True,3045069830,43342137,True,True,True,True,True,1009,0.0,0.0,29.65,60.82,29.9,12.0,0,0,
"=A444+IF(H445=H444,I445-I444,I445)/86400000","=IF(H445=H444,I445-I444,I445)",,,current,443,True,3045069830,43643110,True,True,True,True,True,1009,0.012,0.33,29.67,60.87,29.9,12.0,0,0,
"=A445+IF(H446=H445,I446-I445,I446)/86400000","=IF(H446=H445,I446-I445,I446)",气压孤立跳变,与前后记录均相差至少 3 hPa,current,444,True,3045069830,43944081,True,True,True,True,True,1006,0.0,0.0,29.67,60.97,29.9,12.0,0,0,
"=A446+IF(H447=H446,I447-I446,I447)/86400000","=IF(H447=H446,I447-I446,I447)",,,current,445,True,3045069830,44245054,True,True,True,True,True,1009,0.0,0.0,29.61,61.02,29.9,12.0,0,0,
"=A447+IF(H448=H447,I448-I447,I448)/86400000","=IF(H448=H447,I448-I447,I448)",,,current,446,True,3045069830,44546030,True,True,True,True,True,1009,0.0,0.0,29.6,61.11,29.9,12.0,0,0,
"=A448+IF(H449=H448,I449-I448,I449)/86400000","=IF(H449=H448,I449-I448,I449)",,,current,447,True,3045069830,44847006,True,True,True,True,True,1009,0.0,0.0,29.56,61.27,29.8,12.0,0,0,
"=A449+IF(H450=H449,I450-I449,I450)/86400000","=IF(H450=H449,I450-I449,I450)",,,current,448,True,3045069830,45147986,True,True,True,True,True,1009,0.0,0.0,29.51,61.35,29.8,12.0,0,0,
"=A450+IF(H451=H450,I451-I450,I451)/86400000","=IF(H451=H450,I451-I450,I451)",,,current,449,True,3045069830,45448967,True,True,True,True,True,1009,0.0,0.0,29.54,61.41,29.8,12.0,0,0,
"=A451+IF(H452=H451,I452-I451,I452)/86400000","=IF(H452=H451,I452-I451,I452)",,,current,450,True,3045069830,45749950,True,True,True,True,True,1009,0.0,0.0,29.56,61.52,29.8,12.0,0,0,
"=A452+IF(H453=H452,I453-I452,I453)/86400000","=IF(H453=H452,I453-I452,I453)",,,current,451,True,3045069830,46050933,True,True,True,True,True,1009,0.0,0.0,29.51,61.61,29.8,12.0,0,0,
"=A453+IF(H454=H453,I454-I453,I454)/86400000","=IF(H454=H453,I454-I453,I454)",,,current,452,True,3045069830,46351918,True,True,True,True,True,1009,0.0,0.0,29.48,61.69,29.8,12.0,0,0,
"=A454+IF(H455=H454,I455-I454,I455)/86400000","=IF(H455=H454,I455-I454,I455)",,,current,453,True,3045069830,46652904,True,True,True,True,True,1009,0.0,0.0,29.41,61.76,29.8,12.0,0,0,
"=A455+IF(H456=H455,I456-I455,I456)/86400000","=IF(H456=H455,I456-I455,I456)",,,current,454,True,3045069830,46953925,True,True,True,True,True,1009,0.0,0.0,29.4,61.89,29.8,12.0,0,0,
"=A456+IF(H457=H456,I457-I456,I457)/86400000","=IF(H457=H456,I457-I456,I457)",,,current,455,True,3045069830,47254887,True,True,True,True,True,1009,0.0,0.0,29.34,61.95,29.8,12.0,0,0,
"=A457+IF(H458=H457,I458-I457,I458)/86400000","=IF(H458=H457,I458-I457,I458)",,,current,456,True,3045069830,47555853,True,True,True,True,True,1009,0.0,0.0,29.32,62.09,29.8,12.0,0,0,
"=A458+IF(H459=H458,I459-I458,I459)/86400000","=IF(H459=H458,I459-I458,I459)",,,current,457,True,3045069830,47856820,True,True,True,True,True,1009,0.0,0.0,29.35,62.19,29.8,12.0,0,0,
"=A459+IF(H460=H459,I460-I459,I460)/86400000","=IF(H460=H459,I460-I459,I460)",,,current,458,True,3045069830,48157789,True,True,True,True,True,1009,0.0,0.0,29.39,62.26,29.8,12.0,0,0,
"=A460+IF(H461=H460,I461-I460,I461)/86400000","=IF(H461=H460,I461-I460,I461)",,,current,459,True,3045069830,48458759,True,True,True,True,True,1009,0.0,0.0,29.39,62.39,29.8,12.0,0,0,
"=A461+IF(H462=H461,I462-I461,I462)/86400000","=IF(H462=H461,I462-I461,I462)",,,current,460,True,3045069830,48759734,True,True,True,True,True,1009,0.004,0.099,29.35,62.47,29.8,12.0,0,0,
"=A462+IF(H463=H462,I463-I462,I463)/86400000","=IF(H463=H462,I463-I462,I463)",,,current,461,True,3045069830,49060709,True,True,True,True,True,1009,0.0,0.0,29.28,62.56,29.8,12.0,0,0,
"=A463+IF(H464=H463,I464-I463,I464)/86400000","=IF(H464=H463,I464-I463,I464)",,,current,462,True,3045069830,49361687,True,True,True,True,True,1009,0.0,0.0,29.2,62.64,29.7,12.0,0,0,
"=A464+IF(H465=H464,I465-I464,I465)/86400000","=IF(H465=H464,I465-I464,I465)",,,current,463,True,3045069830,49662668,True,True,True,True,True,1009,0.0,0.0,29.22,62.72,29.7,11.9,0,0,
"=A465+IF(H466=H465,I466-I465,I466)/86400000","=IF(H466=H465,I466-I465,I466)",,,current,464,True,3045069830,49963648,True,True,True,True,True,1009,0.0,0.0,29.2,62.81,29.8,12.0,0,0,
"=A466+IF(H467=H466,I467-I466,I467)/86400000","=IF(H467=H466,I467-I466,I467)",,,current,465,True,3045069830,50264630,True,True,True,True,True,1009,0.0,0.0,29.18,62.91,29.8,12.0,0,0,
"=A467+IF(H468=H467,I468-I467,I468)/86400000","=IF(H468=H467,I468-I467,I468)",,,current,466,True,3045069830,50565614,True,True,True,True,True,1009,0.0,0.0,29.17,63.0,29.7,12.0,0,0,
"=A468+IF(H469=H468,I469-I468,I469)/86400000","=IF(H469=H468,I469-I468,I469)",,,current,467,True,3045069830,50866601,True,True,True,True,True,1009,0.0,0.0,29.16,63.09,29.7,12.0,0,0,
"=A469+IF(H470=H469,I470-I469,I470)/86400000","=IF(H470=H469,I470-I469,I470)",,,current,468,True,3045069830,51167589,True,True,True,True,True,1009,0.0,0.0,29.17,63.21,29.7,12.0,0,0,
"=A470+IF(H471=H470,I471-I470,I471)/86400000","=IF(H471=H470,I471-I470,I471)",,,current,469,True,3045069830,51468578,True,True,True,True,True,1009,0.0,0.0,29.16,63.32,29.7,12.0,0,0,
"=A471+IF(H472=H471,I472-I471,I472)/86400000","=IF(H472=H471,I472-I471,I472)",,,current,470,True,3045069830,51769606,True,True,True,True,True,1009,0.0,0.0,29.15,63.44,29.7,12.0,0,0,
"=A472+IF(H473=H472,I473-I472,I473)/86400000","=IF(H473=H472,I473-I472,I473)",,,current,471,True,3045069830,52070574,True,True,True,True,True,1009,0.0,0.0,29.14,63.49,29.7,12.0,0,0,
"=A473+IF(H474=H473,I474-I473,I474)/86400000","=IF(H474=H473,I474-I473,I474)",,,current,472,True,3045069830,52371542,True,True,True,True,True,1009,0.0,0.0,29.15,63.6,29.7,12.1,0,1,
"=A474+IF(H475=H474,I475-I474,I475)/86400000","=IF(H475=H474,I475-I474,I475)",,,current,473,True,3045069830,52672515,True,True,True,True,True,1009,0.0,0.0,29.14,63.68,29.7,12.0,0,1,
"=A475+IF(H476=H475,I476-I475,I476)/86400000","=IF(H476=H475,I476-I475,I476)",,,current,474,True,3045069830,52973491,True,True,True,True,True,1009,0.0,0.0,29.13,63.81,29.7,12.0,1,3,
"=A476+IF(H477=H476,I477-I476,I477)/86400000","=IF(H477=H476,I477-I476,I477)",,,current,475,True,3045069830,53274466,True,True,True,True,True,1009,0.0,0.0,29.14,63.88,29.7,12.0,1,3,
"=A477+IF(H478=H477,I478-I477,I478)/86400000","=IF(H478=H477,I478-I477,I478)",,,current,476,True,3045069830,53575444,True,True,True,True,True,1009,0.0,0.0,29.15,63.95,29.7,12.0,1,5,
"=A478+IF(H479=H478,I479-I478,I479)/86400000","=IF(H479=H478,I479-I478,I479)",,,current,477,True,3045069830,53876423,True,True,True,True,True,1009,0.0,0.0,29.2,64.16,29.7,12.0,2,6,
"=A479+IF(H480=H479,I480-I479,I480)/86400000","=IF(H480=H479,I480-I479,I480)",,,current,478,True,3045069830,54177405,True,True,True,True,True,1009,0.0,0.0,29.26,64.19,29.6,12.0,2,7,
"=A480+IF(H481=H480,I481-I480,I481)/86400000","=IF(H481=H480,I481-I480,I481)",,,current,479,True,3045069830,54478386,True,True,True,True,True,1009,0.0,0.0,29.33,64.33,29.6,12.0,2,9,
"=A481+IF(H482=H481,I482-I481,I482)/86400000","=IF(H482=H481,I482-I481,I482)",,,current,480,True,3045069830,54779370,True,True,True,True,True,1009,0.0,0.0,29.4,64.44,29.6,12.0,3,10,
"=A482+IF(H483=H482,I483-I482,I483)/86400000","=IF(H483=H482,I483-I482,I483)",,,current,481,True,3045069830,55080357,True,True,True,True,True,1009,0.0,0.0,29.45,64.55,29.6,12.1,3,11,
"=A483+IF(H484=H483,I484-I483,I484)/86400000","=IF(H484=H483,I484-I483,I484)",,,current,482,True,3045069830,55381359,True,True,True,True,True,1009,0.0,0.0,29.51,64.69,29.6,12.0,3,13,
"=A484+IF(H485=H484,I485-I484,I485)/86400000","=IF(H485=H484,I485-I484,I485)",,,current,483,True,3045069830,55682334,True,True,True,True,True,1009,0.0,0.0,29.52,64.75,29.7,12.0,3,14,
"=A485+IF(H486=H485,I486-I485,I486)/86400000","=IF(H486=H485,I486-I485,I486)",,,current,484,True,3045069830,55983311,True,True,True,True,True,1009,0.0,0.0,29.64,64.94,29.6,12.0,4,16,
"=A486+IF(H487=H486,I487-I486,I487)/86400000","=IF(H487=H486,I487-I486,I487)",,,current,485,True,3045069830,56284290,True,True,True,True,True,1009,0.0,0.0,29.72,65.05,29.7,12.0,4,17,
"=A487+IF(H488=H487,I488-I487,I488)/86400000","=IF(H488=H487,I488-I487,I488)",,,current,486,True,3045069830,56585306,True,True,True,True,True,1009,0.0,0.0,29.81,65.1,29.7,12.0,4,17,
"=A488+IF(H489=H488,I489-I488,I489)/86400000","=IF(H489=H488,I489-I488,I489)",,,current,487,True,3045069830,56886262,True,True,True,True,True,1009,0.0,0.0,29.94,65.29,29.7,12.0,4,18,
"=A489+IF(H490=H489,I490-I489,I490)/86400000","=IF(H490=H489,I490-I489,I490)",,,current,488,True,3045069830,57187222,True,True,True,True,True,1009,0.0,0.0,30.04,65.39,29.7,12.0,4,19,
"=A490+IF(H491=H490,I491-I490,I491)/86400000","=IF(H491=H490,I491-I490,I491)",,,current,489,True,3045069830,57488183,True,True,True,True,True,1009,0.0,0.0,30.06,65.47,29.7,12.0,4,20,
"=A491+IF(H492=H491,I492-I491,I492)/86400000","=IF(H492=H491,I492-I491,I492)",,,current,490,True,3045069830,57789145,True,True,True,True,True,1009,0.0,0.0,30.13,65.58,29.7,12.1,4,21,
"=A492+IF(H493=H492,I493-I492,I493)/86400000","=IF(H493=H492,I493-I492,I493)",,,current,491,True,3045069830,58090109,True,True,True,True,True,1009,0.0,0.0,30.18,65.68,29.7,12.0,4,22,
"=A493+IF(H494=H493,I494-I493,I494)/86400000","=IF(H494=H493,I494-I493,I494)",,,current,492,True,3045069830,58391076,True,True,True,True,True,1009,0.0,0.0,30.24,65.74,29.7,12.0,5,23,
"=A494+IF(H495=H494,I495-I494,I495)/86400000","=IF(H495=H494,I495-I494,I495)",,,current,493,True,3045069830,58692045,True,True,True,True,True,1009,0.0,0.0,30.29,65.96,29.7,12.1,5,24,
"=A495+IF(H496=H495,I496-I495,I496)/86400000","=IF(H496=H495,I496-I495,I496)",,,current,494,True,3045069830,58993017,True,True,True,True,True,1009,0.0,0.0,30.41,66.0,29.7,12.1,6,25,
"=A496+IF(H497=H496,I497-I496,I497)/86400000","=IF(H497=H496,I497-I496,I497)",,,current,495,True,3045069830,59293989,True,True,True,True,True,1009,0.0,0.0,30.6,66.15,29.7,12.1,6,27,
"=A497+IF(H498=H497,I498-I497,I498)/86400000","=IF(H498=H497,I498-I497,I498)",,,current,496,True,3045069830,59594963,True,True,True,True,True,1009,0.0,0.0,30.77,66.22,29.8,12.1,6,28,
"=A498+IF(H499=H498,I499-I498,I499)/86400000","=IF(H499=H498,I499-I498,I499)",,,current,497,True,3045069830,59895939,True,True,True,True,True,1009,0.0,0.0,30.8,66.4,29.8,12.1,6,29,
"=A499+IF(H500=H499,I500-I499,I500)/86400000","=IF(H500=H499,I500-I499,I500)",,,current,498,True,3045069830,60196917,True,True,True,True,True,1009,0.0,0.0,30.87,66.44,29.8,12.1,7,30,
"=A500+IF(H501=H500,I501-I500,I501)/86400000","=IF(H501=H500,I501-I500,I501)",,,current,499,True,3045069830,60497896,True,True,True,True,True,1009,0.0,0.0,30.93,66.59,29.8,12.0,7,31,
"=A501+IF(H502=H501,I502-I501,I502)/86400000","=IF(H502=H501,I502-I501,I502)",,,current,500,True,3045069830,60798877,True,True,True,True,True,1009,0.0,0.0,31.03,66.69,29.8,12.1,7,32,
"=A502+IF(H503=H502,I503-I502,I503)/86400000","=IF(H503=H502,I503-I502,I503)",,,current,501,True,3045069830,61099861,True,True,True,True,True,1009,0.0,0.0,31.16,66.72,29.8,12.1,7,34,
"=A503+IF(H504=H503,I504-I503,I504)/86400000","=IF(H504=H503,I504-I503,I504)",,,current,502,True,3045069830,61400877,True,True,True,True,True,1009,0.0,0.0,31.29,66.83,29.9,12.0,8,36,
"=A504+IF(H505=H504,I505-I504,I505)/86400000","=IF(H505=H504,I505-I504,I505)",,,current,503,True,3045069830,61701836,True,True,True,True,True,1009,0.0,0.0,31.44,66.92,29.9,12.1,9,38,
"=A505+IF(H506=H505,I506-I505,I506)/86400000","=IF(H506=H505,I506-I505,I506)",,,current,504,True,3045069830,62002796,True,True,True,True,True,1009,0.0,0.0,31.53,67.04,29.9,12.1,9,41,
"=A506+IF(H507=H506,I507-I506,I507)/86400000","=IF(H507=H506,I507-I506,I507)",,,current,505,True,3045069830,62303760,True,True,True,True,True,1009,0.0,0.0,31.68,67.09,29.9,12.0,10,44,
"=A507+IF(H508=H507,I508-I507,I508)/86400000","=IF(H508=H507,I508-I507,I508)",,,current,506,True,3045069830,62604726,True,True,True,True,True,1009,0.0,0.0,31.71,67.21,29.9,12.1,11,48,
"=A508+IF(H509=H508,I509-I508,I509)/86400000","=IF(H509=H508,I509-I508,I509)",,,current,507,True,3045069830,62905693,True,True,True,True,True,1009,0.0,0.0,31.99,67.29,29.9,12.1,12,52,
"=A509+IF(H510=H509,I510-I509,I510)/86400000","=IF(H510=H509,I510-I509,I510)",,,current,508,True,3045069830,63206661,True,True,True,True,True,1009,0.0,0.0,32.17,67.44,30.0,12.1,14,58,
"=A510+IF(H511=H510,I511-I510,I511)/86400000","=IF(H511=H510,I511-I510,I511)",,,current,509,True,3045069830,63507633,True,True,True,True,True,1009,0.0,0.0,32.15,67.47,30.0,12.0,15,63,
"=A511+IF(H512=H511,I512-I511,I512)/86400000","=IF(H512=H511,I512-I511,I512)",,,current,510,True,3045069830,63808605,True,True,True,True,True,1009,0.0,0.0,32.29,67.58,30.0,12.1,17,71,
"=A512+IF(H513=H512,I513-I512,I513)/86400000","=IF(H513=H512,I513-I512,I513)",,,current,511,True,3045069830,64109577,True,True,True,True,True,1009,0.0,0.0,32.65,67.62,30.0,12.0,19,80,
"=A513+IF(H514=H513,I514-I513,I514)/86400000","=IF(H514=H513,I514-I513,I514)",,,current,512,True,3045069830,64410553,True,True,True,True,True,1010,0.0,0.0,33.1,67.8,30.0,12.1,21,93,
"=A514+IF(H515=H514,I515-I514,I515)/86400000","=IF(H515=H514,I515-I514,I515)",,,current,513,True,3045069830,64711530,True,True,True,True,True,1009,0.0,0.0,33.45,67.82,30.0,12.1,25,107,
"=A515+IF(H516=H515,I516-I515,I516)/86400000","=IF(H516=H515,I516-I515,I516)",,,current,514,True,3045069830,65012507,True,True,True,True,True,1009,0.0,0.0,33.76,67.98,30.1,12.1,33,116,
"=A516+IF(H517=H516,I517-I516,I517)/86400000","=IF(H517=H516,I517-I516,I517)",,,current,515,True,3045069830,65313489,True,True,True,True,True,1009,0.1,2.703,34.07,68.05,30.1,12.1,66,825,
"=A517+IF(H518=H517,I518-I517,I518)/86400000","=IF(H518=H517,I518-I517,I518)",,,current,516,True,3045069830,65614473,True,True,True,True,True,1008,0.0,0.0,37.2,68.16,30.1,12.1,131,832,
"=A518+IF(H519=H518,I519-I518,I519)/86400000","=IF(H519=H518,I519-I518,I519)",采样空档,同一启动会话内 uptime 增加约 10.1 分钟,current,517,True,3045069830,66219093,True,True,True,True,True,1010,0.0,0.0,44.87,69.64,30.9,12.2,194,877,
"=A519+IF(H520=H519,I520-I519,I520)/86400000","=IF(H520=H519,I520-I519,I520)",,,current,518,True,3045069830,66520110,True,True,True,True,True,1010,0.0,0.0,45.8,69.73,31.4,12.3,207,895,
"=A520+IF(H521=H520,I521-I520,I521)/86400000","=IF(H521=H520,I521-I520,I521)",,,current,519,True,3045069830,66821071,True,True,True,True,True,1011,0.0,0.0,46.63,69.42,31.9,12.4,210,894,
"=A521+IF(H522=H521,I522-I521,I522)/86400000","=IF(H522=H521,I522-I521,I522)",,,current,520,True,3045069830,67122032,True,True,True,True,True,1011,0.0,0.0,44.96,68.99,32.4,12.4,212,893,
"=A522+IF(H523=H522,I523-I522,I523)/86400000","=IF(H523=H522,I523-I522,I523)",,,current,521,True,3045069830,67422995,True,True,True,True,True,1011,0.0,0.0,44.93,68.47,32.7,12.4,214,912,
"=A523+IF(H524=H523,I524-I523,I524)/86400000","=IF(H524=H523,I524-I523,I524)",,,current,522,True,3045069830,67723962,True,True,True,True,True,1010,0.0,0.0,43.9,68.02,33.0,12.4,216,929,
"=A524+IF(H525=H524,I525-I524,I525)/86400000","=IF(H525=H524,I525-I524,I525)",,,current,523,True,3045069830,68024929,True,True,True,True,True,1010,0.0,0.0,44.4,67.71,33.2,12.4,218,944,
"=A525+IF(H526=H525,I526-I525,I526)/86400000","=IF(H526=H525,I526-I525,I526)",,,current,524,True,3045069830,68325899,True,True,True,True,True,1011,0.022,0.593,43.92,67.31,33.4,12.3,220,961,
"=A526+IF(H527=H526,I527-I526,I527)/86400000","=IF(H527=H526,I527-I526,I527)",,,current,525,True,3045069830,68626871,True,True,True,True,True,1010,0.0,0.0,46.06,66.85,33.6,12.3,220,967,
"=A527+IF(H528=H527,I528-I527,I528)/86400000","=IF(H528=H527,I528-I527,I528)",,,current,526,True,3045069830,68927847,True,True,True,True,True,1010,0.0,0.0,44.76,66.43,33.8,12.3,225,1002,
"=A528+IF(H529=H528,I529-I528,I529)/86400000","=IF(H529=H528,I529-I528,I529)",,,current,527,True,3045069830,69228824,True,True,True,True,True,1010,0.0,0.0,48.67,66.12,34.0,12.3,224,1013,
"=A529+IF(H530=H529,I530-I529,I530)/86400000","=IF(H530=H529,I530-I529,I530)",,,current,528,True,3045069830,69529801,True,True,True,True,True,1010,0.0,0.0,48.79,65.85,34.1,12.3,231,995,
"=A530+IF(H531=H530,I531-I530,I531)/86400000","=IF(H531=H530,I531-I530,I531)",,,current,529,True,3045069830,69830780,True,True,True,True,True,1010,0.0,0.0,48.0,65.41,34.2,12.3,234,1005,
"=A531+IF(H532=H531,I532-I531,I532)/86400000","=IF(H532=H531,I532-I531,I532)",,,current,530,True,3045069830,70131761,True,True,True,True,True,1010,0.0,0.0,49.19,64.8,34.4,12.3,220,968,
"=A532+IF(H533=H532,I533-I532,I533)/86400000","=IF(H533=H532,I533-I532,I533)",,,current,531,True,3045069830,70432746,True,True,True,True,True,1010,0.0,0.0,48.95,63.79,34.5,12.3,220,992,
"=A533+IF(H534=H533,I534-I533,I534)/86400000","=IF(H534=H533,I534-I533,I534)",,,current,532,True,3045069830,70733731,True,True,True,True,True,1010,0.0,0.0,49.14,63.66,34.5,12.3,219,817,
"=A534+IF(H535=H534,I535-I534,I535)/86400000","=IF(H535=H534,I535-I534,I535)",,,current,533,True,3045069830,71034716,True,True,True,True,True,1010,0.0,0.0,49.61,63.13,34.6,12.3,221,928,
"=A535+IF(H536=H535,I536-I535,I536)/86400000","=IF(H536=H535,I536-I535,I536)",,,current,534,True,3045069830,71335738,True,True,True,True,True,1010,0.0,0.0,49.91,61.95,34.6,12.3,198,147,
"=A536+IF(H537=H536,I537-I536,I537)/86400000","=IF(H537=H536,I537-I536,I537)",高温需关注,空气温度达到或超过 50°C；请结合安装位置和日照判断,current,535,True,3045069830,71636701,True,True,True,True,True,1010,0.0,0.0,50.18,61.69,34.7,12.2,186,147,
"=A537+IF(H538=H537,I538-I537,I538)/86400000","=IF(H538=H537,I538-I537,I538)",高温需关注,空气温度达到或超过 50°C；请结合安装位置和日照判断,current,536,True,3045069830,71937668,True,True,True,True,True,1010,0.0,0.0,50.3,60.93,34.7,12.3,170,148,
"=A538+IF(H539=H538,I539-I538,I539)/86400000","=IF(H539=H538,I539-I538,I539)",,,current,537,True,3045069830,72238636,True,True,True,True,True,1010,0.0,0.0,48.65,60.36,34.8,12.3,179,149,
"=A539+IF(H540=H539,I540-I539,I540)/86400000","=IF(H540=H539,I540-I539,I540)",,,current,538,True,3045069830,72539608,True,True,True,True,True,1009,0.0,0.0,48.96,59.73,34.9,12.2,178,155,
"=A540+IF(H541=H540,I541-I540,I541)/86400000","=IF(H541=H540,I541-I540,I541)",,,current,539,True,3045069830,72840578,True,True,True,True,True,1009,0.0,0.0,46.66,59.28,34.8,12.2,159,174,
"=A541+IF(H542=H541,I542-I541,I542)/86400000","=IF(H542=H541,I542-I541,I542)",,,current,540,True,3045069830,73141549,True,True,True,True,True,1009,0.0,0.0,45.42,58.47,34.7,12.1,139,248,
"=A542+IF(H543=H542,I543-I542,I543)/86400000","=IF(H543=H542,I543-I542,I543)",,,current,541,True,3045069830,73442525,True,True,True,True,True,1009,0.0,0.0,42.53,57.42,34.7,12.1,129,145,
"=A543+IF(H544=H543,I544-I543,I544)/86400000","=IF(H544=H543,I544-I543,I544)",,,current,542,True,3045069830,73743504,True,True,True,True,True,1009,0.0,0.0,41.3,56.74,34.6,12.1,120,192,
"=A544+IF(H545=H544,I545-I544,I545)/86400000","=IF(H545=H544,I545-I544,I545)",,,current,543,True,3045069830,74044479,True,True,True,True,True,1009,0.0,0.0,40.63,56.43,34.5,12.0,110,225,
"=A545+IF(H546=H545,I546-I545,I546)/86400000","=IF(H546=H545,I546-I545,I546)",,,current,544,True,3045069830,74345459,True,True,True,True,True,1009,0.0,0.0,40.94,56.15,34.5,12.0,107,145,
"=A546+IF(H547=H546,I547-I546,I547)/86400000","=IF(H547=H546,I547-I546,I547)",,,current,545,True,3045069830,74646443,True,True,True,True,True,1009,0.0,0.0,40.92,56.13,34.5,12.0,100,165,
"=A547+IF(H548=H547,I548-I547,I548)/86400000","=IF(H548=H547,I548-I547,I548)",,,current,546,True,3045069830,74947428,True,True,True,True,True,1009,0.0,0.0,41.25,55.95,34.5,12.0,100,166,
"=A548+IF(H549=H548,I549-I548,I549)/86400000","=IF(H549=H548,I549-I548,I549)",,,current,547,True,3045069830,75248411,True,True,True,True,True,1009,0.0,0.0,41.95,55.92,34.5,12.0,99,160,
"=A549+IF(H550=H549,I550-I549,I550)/86400000","=IF(H550=H549,I550-I549,I550)",,,current,548,True,3045069830,75549397,True,True,True,True,True,1009,0.0,0.0,41.96,55.83,34.4,12.0,94,164,
"=A550+IF(H551=H550,I551-I550,I551)/86400000","=IF(H551=H550,I551-I550,I551)",,,current,549,True,3045069830,75850386,True,True,True,True,True,1009,0.0,0.0,41.44,55.6,34.4,12.0,91,165,
"=A551+IF(H552=H551,I552-I551,I552)/86400000","=IF(H552=H551,I552-I551,I552)",,,current,550,True,3045069830,76151409,True,True,True,True,True,1009,0.0,0.0,41.88,55.39,34.4,12.0,90,240,
"=A552+IF(H553=H552,I553-I552,I553)/86400000","=IF(H553=H552,I553-I552,I553)",,,current,551,True,3045069830,76452375,True,True,True,True,True,1009,0.004,0.099,41.36,55.19,34.3,12.0,84,164,
"=A553+IF(H554=H553,I554-I553,I554)/86400000","=IF(H554=H553,I554-I553,I554)",,,current,552,True,3045069830,76753345,True,True,True,True,True,1007,0.0,0.0,41.41,54.97,34.3,12.0,80,157,
"=A554+IF(H555=H554,I555-I554,I555)/86400000","=IF(H555=H554,I555-I554,I555)",,,current,553,True,3045069830,77054316,True,True,True,True,True,1009,0.0,0.0,41.46,54.87,34.3,12.0,79,168,
"=A555+IF(H556=H555,I556-I555,I556)/86400000","=IF(H556=H555,I556-I555,I556)",,,current,554,True,3045069830,77355288,True,True,True,True,True,1008,0.0,0.0,39.55,54.45,34.3,12.0,72,156,
"=A556+IF(H557=H556,I557-I556,I557)/86400000","=IF(H557=H556,I557-I556,I557)",,,current,555,True,3045069830,77656262,True,True,True,True,True,1008,0.0,0.0,40.38,54.35,34.3,12.0,75,153,
"=A557+IF(H558=H557,I558-I557,I558)/86400000","=IF(H558=H557,I558-I557,I558)",,,current,556,True,3045069830,77957241,True,True,True,True,True,1008,0.078,2.11,40.96,54.31,34.2,12.0,73,167,
"=A558+IF(H559=H558,I559-I558,I559)/86400000","=IF(H559=H558,I559-I558,I559)",,,current,557,True,3045069830,78258220,True,True,True,True,True,1008,0.0,0.0,41.23,54.36,34.2,12.0,73,167,
"=A559+IF(H560=H559,I560-I559,I560)/86400000","=IF(H560=H559,I560-I559,I560)",,,current,558,True,3045069830,78559201,True,True,True,True,True,1008,0.0,0.0,41.5,54.18,34.2,12.0,56,155,
"=A560+IF(H561=H560,I561-I560,I561)/86400000","=IF(H561=H560,I561-I560,I561)",,,current,559,True,3045069830,78860181,True,True,True,True,True,1008,0.0,0.0,41.44,54.13,34.2,12.0,72,190,
"=A561+IF(H562=H561,I562-I561,I562)/86400000","=IF(H562=H561,I562-I561,I562)",,,current,560,True,3045069830,79161167,True,True,True,True,True,1008,0.0,0.0,41.42,53.93,34.2,12.0,67,216,
"=A562+IF(H563=H562,I563-I562,I563)/86400000","=IF(H563=H562,I563-I562,I563)",,,current,561,True,3045069830,79462151,True,True,True,True,True,1008,0.0,0.0,39.84,53.68,34.2,12.0,19,76,
"=A563+IF(H564=H563,I564-I563,I564)/86400000","=IF(H564=H563,I564-I563,I564)",,,current,562,True,3045069830,79763150,True,True,True,True,True,1008,0.0,0.0,40.57,53.47,34.2,11.9,62,154,
"=A564+IF(H565=H564,I565-I564,I565)/86400000","=IF(H565=H564,I565-I564,I565)",,,current,563,True,3045069830,80064127,True,True,True,True,True,1008,0.0,0.0,40.89,53.44,34.2,11.9,63,164,
"=A565+IF(H566=H565,I566-I565,I566)/86400000","=IF(H566=H565,I566-I565,I566)",,,current,564,True,3045069830,80365106,True,True,True,True,True,1008,0.0,0.0,39.8,53.32,34.2,11.9,43,138,
"=A566+IF(H567=H566,I567-I566,I567)/86400000","=IF(H567=H566,I567-I566,I567)",,,current,565,True,3045069830,80666083,True,True,True,True,True,1008,0.022,0.593,39.25,53.03,34.1,11.9,67,183,
"=A567+IF(H568=H567,I568-I567,I568)/86400000","=IF(H568=H567,I568-I567,I568)",,,current,566,True,3045069830,80967099,True,True,True,True,True,1007,0.053,1.418,39.87,52.85,34.1,11.9,68,225,
"=A568+IF(H569=H568,I569-I568,I569)/86400000","=IF(H569=H568,I569-I568,I569)",,,current,567,True,3045069830,81268057,True,True,True,True,True,1008,0.0,0.0,39.82,52.65,34.1,11.9,62,182,
"=A569+IF(H570=H569,I570-I569,I570)/86400000","=IF(H570=H569,I570-I569,I570)",,,current,568,True,3045069830,81569013,True,True,True,True,True,1008,0.0,0.0,41.42,52.89,34.1,11.9,65,327,
"=A570+IF(H571=H570,I571-I570,I571)/86400000","=IF(H571=H570,I571-I570,I571)",,,current,569,True,3045069830,81869972,True,True,True,True,True,1008,0.0,0.0,41.79,53.1,34.2,11.9,67,222,
"=A571+IF(H572=H571,I572-I571,I572)/86400000","=IF(H572=H571,I572-I571,I572)",,,current,570,True,3045069830,82170936,True,True,True,True,True,1008,0.0,0.0,42.04,53.12,34.2,11.9,63,238,
"=A572+IF(H573=H572,I573-I572,I573)/86400000","=IF(H573=H572,I573-I572,I573)",,,current,571,True,3045069830,82471900,True,True,True,True,True,1007,0.0,0.0,41.27,52.73,34.2,11.9,52,303,
"=A573+IF(H574=H573,I574-I573,I574)/86400000","=IF(H574=H573,I574-I573,I574)",,,current,572,True,3045069830,82772865,True,True,True,True,True,1007,0.023,0.626,40.0,52.5,34.2,11.9,63,208,
"=A574+IF(H575=H574,I575-I574,I575)/86400000","=IF(H575=H574,I575-I574,I575)",,,current,573,True,3045069830,83073831,True,True,True,True,True,1007,0.0,0.0,39.68,52.14,34.2,11.9,18,69,
"=A575+IF(H576=H575,I576-I575,I576)/86400000","=IF(H576=H575,I576-I575,I576)",,,current,574,True,3045069830,83374801,True,True,True,True,True,1007,0.0,0.0,38.3,51.72,34.2,11.9,9,36,
"=A576+IF(H577=H576,I577-I576,I577)/86400000","=IF(H577=H576,I577-I576,I577)",,,current,575,True,3045069830,83675773,True,True,True,True,True,1007,0.0,0.0,37.82,51.49,34.2,11.8,6,22,
"=A577+IF(H578=H577,I578-I577,I578)/86400000","=IF(H578=H577,I578-I577,I578)",,,current,576,True,3045069830,83976745,True,True,True,True,True,1007,0.0,0.0,37.25,51.24,34.1,11.8,3,13,
"=A578+IF(H579=H578,I579-I578,I579)/86400000","=IF(H579=H578,I579-I578,I579)",,,current,577,True,3045069830,84277717,True,True,True,True,True,1007,0.0,0.0,36.41,51.06,34.1,11.8,3,10,
"=A579+IF(H580=H579,I580-I579,I580)/86400000","=IF(H580=H579,I580-I579,I580)",,,current,578,True,3045069830,84578694,True,True,True,True,True,1006,0.088,2.374,32.38,50.1,33.9,11.2,2,10,
"=A580+IF(H581=H580,I581-I580,I581)/86400000","=IF(H581=H580,I581-I580,I581)",,,current,579,True,3045069830,84879674,True,True,True,True,True,1007,0.0,0.0,29.1,48.77,33.5,13.0,2,9,
"=A581+IF(H582=H581,I582-I581,I582)/86400000","=IF(H582=H581,I582-I581,I582)",,,current,580,True,3045069830,85180651,True,True,True,True,True,1007,0.0,0.0,28.05,48.24,32.0,19.3,2,10,
"=A582+IF(H583=H582,I583-I582,I583)/86400000","=IF(H583=H582,I583-I582,I583)",,,current,581,True,3045069830,85481631,True,True,True,True,True,1007,0.147,3.956,28.07,48.28,31.1,24.4,3,15,
"=A583+IF(H584=H583,I584-I583,I584)/86400000","=IF(H584=H583,I584-I583,I584)",,,current,582,True,3045069830,85782650,True,True,True,True,True,1007,0.0,0.0,27.95,48.31,31.4,22.7,2,13,
"=A584+IF(H585=H584,I585-I584,I585)/86400000","=IF(H585=H584,I585-I584,I585)",,,current,583,True,3045069830,86083607,True,True,True,True,True,1007,0.0,0.0,28.24,48.58,31.5,21.6,2,11,
"=A585+IF(H586=H585,I586-I585,I586)/86400000","=IF(H586=H585,I586-I585,I586)",,,current,584,True,3045069830,86384565,True,True,True,True,True,1007,0.0,0.0,28.11,48.79,31.5,22.1,1,8,
"=A586+IF(H587=H586,I587-I586,I587)/86400000","=IF(H587=H586,I587-I586,I587)",,,current,585,True,3045069830,86685527,True,True,True,True,True,1007,0.0,0.0,27.8,48.9,31.3,22.9,1,6,
"=A587+IF(H588=H587,I588-I587,I588)/86400000","=IF(H588=H587,I588-I587,I588)",,,current,586,True,3045069830,86986493,True,True,True,True,True,1007,0.0,0.0,27.7,49.06,31.2,21.9,1,7,
"=A588+IF(H589=H588,I589-I588,I589)/86400000","=IF(H589=H588,I589-I588,I589)",设备重启,bootSessionId 变化，uptime 重置；土壤温湿度均为 0,current,587,True,2682537910,1338,True,True,True,True,True,1007,0.029,0.791,27.72,49.07,0.0,0.0,1,7,
"=A589+IF(H590=H589,I590-I589,I590)/86400000","=IF(H590=H589,I590-I589,I590)",,,current,588,True,2682537910,302318,True,True,True,True,True,1008,0.0,0.0,27.81,49.35,31.2,21.2,1,7,
"=A590+IF(H591=H590,I591-I590,I591)/86400000","=IF(H591=H590,I591-I590,I591)",,,current,589,True,2682537910,603284,True,True,True,True,True,1008,0.0,0.0,27.9,49.67,31.1,20.6,1,3,
"=A591+IF(H592=H591,I592-I591,I592)/86400000","=IF(H592=H591,I592-I591,I592)",,,current,590,True,2682537910,904255,True,True,True,True,True,1008,0.341,9.198,27.95,49.99,31.0,19.9,0,3,
"=A592+IF(H593=H592,I593-I592,I593)/86400000","=IF(H593=H592,I593-I592,I593)",,,current,591,True,2682537910,1205230,True,True,True,True,True,1008,0.094,2.538,27.91,50.21,30.9,19.6,1,6,
"=A593+IF(H594=H593,I594-I593,I594)/86400000","=IF(H594=H593,I594-I593,I594)",,,current,592,True,2682537910,1506206,True,True,True,True,True,1008,0.0,0.0,27.84,50.47,30.7,19.3,1,6,
"=A594+IF(H595=H594,I595-I594,I595)/86400000","=IF(H595=H594,I595-I594,I595)",,,current,593,True,2682537910,1807182,True,True,True,True,True,1008,0.0,0.0,27.6,50.74,30.6,19.1,2,11,
"=A595+IF(H596=H595,I596-I595,I596)/86400000","=IF(H596=H595,I596-I595,I596)",,,current,594,True,2682537910,2108160,True,True,True,True,True,1008,0.0,0.0,27.49,50.94,30.4,18.9,3,13,
"=A596+IF(H597=H596,I597-I596,I597)/86400000","=IF(H597=H596,I597-I596,I597)",,,current,595,True,2682537910,2409143,True,True,True,True,True,1007,0.0,0.0,27.43,51.16,30.4,18.6,3,15,
"=A597+IF(H598=H597,I598-I597,I598)/86400000","=IF(H598=H597,I598-I597,I598)",,,current,596,True,2682537910,2710127,True,True,True,True,True,1007,0.0,0.0,27.57,51.46,30.3,18.5,3,13,
"=A598+IF(H599=H598,I599-I598,I599)/86400000","=IF(H599=H598,I599-I598,I599)",,,current,597,True,2682537910,3011110,True,True,True,True,True,1008,0.0,0.0,27.71,51.81,30.2,18.4,2,11,
"=A599+IF(H600=H599,I600-I599,I600)/86400000","=IF(H600=H599,I600-I599,I600)",,,current,598,True,2682537910,3312131,True,True,True,True,True,1008,0.0,0.0,27.76,52.12,30.2,18.2,3,15,
"=A600+IF(H601=H600,I601-I600,I601)/86400000","=IF(H601=H600,I601-I600,I601)",,,current,599,True,2682537910,3613092,True,True,True,True,True,1007,0.048,1.286,27.86,52.41,30.2,18.0,3,15,
"=A601+IF(H602=H601,I602-I601,I602)/86400000","=IF(H602=H601,I602-I601,I602)",,,current,600,True,2682537910,3914054,True,True,True,True,True,1007,0.0,0.0,27.94,52.77,30.2,17.9,3,14,
"=A602+IF(H603=H602,I603-I602,I603)/86400000","=IF(H603=H602,I603-I602,I603)",,,current,601,True,2682537910,4215019,True,True,True,True,True,1008,0.0,0.0,28.11,52.99,30.1,17.8,3,13,
"=A603+IF(H604=H603,I604-I603,I604)/86400000","=IF(H604=H603,I604-I603,I604)",,,current,602,True,2682537910,4515988,True,True,True,True,True,1008,0.02,0.527,28.33,53.37,30.1,17.6,2,11,
"=A604+IF(H605=H604,I605-I604,I605)/86400000","=IF(H605=H604,I605-I604,I605)",,,current,603,True,2682537910,4816960,True,True,True,True,True,1006,0.0,0.0,28.33,53.7,30.0,17.6,2,11,
"=A605+IF(H606=H605,I606-I605,I606)/86400000","=IF(H606=H605,I606-I605,I606)",,,current,604,True,2682537910,5117930,True,True,True,True,True,1008,0.0,0.0,28.37,54.03,30.0,17.5,1,8,
"=A606+IF(H607=H606,I607-I606,I607)/86400000","=IF(H607=H606,I607-I606,I607)",,,current,605,True,2682537910,5418904,True,True,True,True,True,1008,0.0,0.0,28.44,54.26,30.0,17.4,1,8,
"=A607+IF(H608=H607,I608-I607,I608)/86400000","=IF(H608=H607,I608-I607,I608)",,,current,606,True,2682537910,5719879,True,True,True,True,True,1008,0.0,0.0,28.45,54.56,30.0,17.3,1,8,
"=A608+IF(H609=H608,I609-I608,I609)/86400000","=IF(H609=H608,I609-I608,I609)",,,current,607,True,2682537910,6020857,True,True,True,True,True,1008,0.0,0.0,28.51,54.85,30.0,17.3,1,8,
"=A609+IF(H610=H609,I610-I609,I610)/86400000","=IF(H610=H609,I610-I609,I610)",,,current,608,True,2682537910,6321832,True,True,True,True,True,1008,0.0,0.0,28.55,55.08,29.9,17.2,2,8,
"=A610+IF(H611=H610,I611-I610,I611)/86400000","=IF(H611=H610,I611-I610,I611)",,,current,609,True,2682537910,6622813,True,True,True,True,True,1008,0.0,0.0,28.55,55.39,29.9,17.1,2,9,
"=A611+IF(H612=H611,I612-I611,I612)/86400000","=IF(H612=H611,I612-I611,I612)",,,current,610,True,2682537910,6923795,True,True,True,True,True,1007,0.004,0.099,28.53,55.69,29.9,17.1,2,10,
"=A612+IF(H613=H612,I613-I612,I613)/86400000","=IF(H613=H612,I613-I612,I613)",,,current,611,True,2682537910,7224778,True,True,True,True,True,1007,0.0,0.0,28.55,55.95,29.9,17.0,2,11,
"=A613+IF(H614=H613,I614-I613,I614)/86400000","=IF(H614=H613,I614-I613,I614)",,,current,612,True,2682537910,7525760,True,True,True,True,True,1007,0.0,0.0,28.59,56.3,29.8,17.0,2,11,
"=A614+IF(H615=H614,I615-I614,I615)/86400000","=IF(H615=H614,I615-I614,I615)",,,current,613,True,2682537910,7826746,True,True,True,True,True,1007,0.0,0.0,28.64,56.5,29.8,16.9,2,10,
"=A615+IF(H616=H615,I616-I615,I616)/86400000","=IF(H616=H615,I616-I615,I616)",,,current,614,True,2682537910,8127767,True,True,True,True,True,1007,0.0,0.0,28.69,56.85,29.8,16.9,2,9,
"=A616+IF(H617=H616,I617-I616,I617)/86400000","=IF(H617=H616,I617-I616,I617)",,,current,615,True,2682537910,8428731,True,True,True,True,True,1007,0.0,0.0,28.64,57.08,29.7,16.8,2,7,
"=A617+IF(H618=H617,I618-I617,I618)/86400000","=IF(H618=H617,I618-I617,I618)",,,current,616,True,2682537910,8729696,True,True,True,True,True,1007,0.0,0.0,28.66,57.33,29.7,16.8,1,6,
"=A618+IF(H619=H618,I619-I618,I619)/86400000","=IF(H619=H618,I619-I618,I619)",,,current,617,True,2682537910,9030663,True,True,True,True,True,1007,0.0,0.0,28.57,57.6,29.6,16.8,1,6,
"=A619+IF(H620=H619,I620-I619,I620)/86400000","=IF(H620=H619,I620-I619,I620)",,,current,618,True,2682537910,9331632,True,True,True,True,True,1007,0.0,0.0,28.51,57.8,29.6,16.7,1,7,
"=A620+IF(H621=H620,I621-I620,I621)/86400000","=IF(H621=H620,I621-I620,I621)",,,current,619,True,2682537910,9632603,True,True,True,True,True,1007,0.0,0.0,28.5,58.06,29.6,16.7,1,7,
"=A621+IF(H622=H621,I622-I621,I622)/86400000","=IF(H622=H621,I622-I621,I622)",,,current,620,True,2682537910,9933577,True,True,True,True,True,1007,0.0,0.0,28.57,58.31,29.6,16.7,1,8,
"=A622+IF(H623=H622,I623-I622,I623)/86400000","=IF(H623=H622,I623-I622,I623)",,,current,621,True,2682537910,10234550,True,True,True,True,True,1007,0.0,0.0,28.6,58.63,29.6,16.6,2,9,
"=A623+IF(H624=H623,I624-I623,I624)/86400000","=IF(H624=H623,I624-I623,I624)",,,current,622,True,2682537910,10535529,True,True,True,True,True,1007,0.0,0.0,28.65,58.84,29.6,16.6,2,11,
"=A624+IF(H625=H624,I625-I624,I625)/86400000","=IF(H625=H624,I625-I624,I625)",,,current,623,True,2682537910,10836510,True,True,True,True,True,1007,0.0,0.0,28.68,59.13,29.5,16.6,3,17,
"=A625+IF(H626=H625,I626-I625,I626)/86400000","=IF(H626=H625,I626-I625,I626)",,,current,624,True,2682537910,11137489,True,True,True,True,True,1007,0.0,0.0,28.86,59.35,29.5,16.6,5,24,
"=A626+IF(H627=H626,I627-I626,I627)/86400000","=IF(H627=H626,I627-I626,I627)",,,current,625,True,2682537910,11438472,True,True,True,True,True,1007,0.0,0.0,29.1,59.77,29.5,16.6,6,28,
"=A627+IF(H628=H627,I628-I627,I628)/86400000","=IF(H628=H627,I628-I627,I628)",,,current,626,True,2682537910,11739458,True,True,True,True,True,1007,0.0,0.0,29.23,60.06,29.5,16.5,5,25,
"=A628+IF(H629=H628,I629-I628,I629)/86400000","=IF(H629=H628,I629-I628,I629)",,,current,627,True,2682537910,12040443,True,True,True,True,True,1007,0.125,3.363,29.32,60.31,29.5,16.5,4,21,
"=A629+IF(H630=H629,I630-I629,I630)/86400000","=IF(H630=H629,I630-I629,I630)",,,current,628,True,2682537910,12341429,True,True,True,True,True,1007,0.0,0.0,29.37,60.6,29.5,16.5,3,14,
"=A630+IF(H631=H630,I631-I630,I631)/86400000","=IF(H631=H630,I631-I630,I631)",,,current,629,True,2682537910,12642418,True,True,True,True,True,1007,0.0,0.0,29.37,60.84,29.5,16.5,2,10,
"=A631+IF(H632=H631,I632-I631,I632)/86400000","=IF(H632=H631,I632-I631,I632)",,,current,630,True,2682537910,12943444,True,True,True,True,True,1007,0.0,0.0,29.31,61.06,29.5,16.5,1,6,
"=A632+IF(H633=H632,I633-I632,I633)/86400000","=IF(H633=H632,I633-I632,I633)",,,current,631,True,2682537910,13244414,True,True,True,True,True,1008,0.0,0.0,29.23,61.28,29.5,16.5,1,3,
"=A633+IF(H634=H633,I634-I633,I634)/86400000","=IF(H634=H633,I634-I633,I634)",,,current,632,True,2682537910,13545385,True,True,True,True,True,1008,0.0,0.0,29.16,61.51,29.4,16.5,0,3,
"=A634+IF(H635=H634,I635-I634,I635)/86400000","=IF(H635=H634,I635-I634,I635)",,,current,633,True,2682537910,13846358,True,True,True,True,True,1008,0.0,0.0,29.12,61.67,29.4,16.4,0,2,
"=A635+IF(H636=H635,I636-I635,I636)/86400000","=IF(H636=H635,I636-I635,I636)",,,current,634,True,2682537910,14147334,True,True,True,True,True,1008,0.0,0.0,29.06,61.88,29.4,16.4,0,2,
"=A636+IF(H637=H636,I637-I636,I637)/86400000","=IF(H637=H636,I637-I636,I637)",,,current,635,True,2682537910,14448311,True,True,True,True,True,1008,0.0,0.0,29.05,62.13,29.4,16.4,0,1,
"=A637+IF(H638=H637,I638-I637,I638)/86400000","=IF(H638=H637,I638-I637,I638)",,,current,636,True,2682537910,14749288,True,True,True,True,True,1008,0.0,0.0,29.04,62.34,29.4,16.4,0,1,
"=A638+IF(H639=H638,I639-I638,I639)/86400000","=IF(H639=H638,I639-I638,I639)",,,current,637,True,2682537910,15050269,True,True,True,True,True,1008,0.0,0.0,29.07,62.62,29.4,16.4,0,0,
"=A639+IF(H640=H639,I640-I639,I640)/86400000","=IF(H640=H639,I640-I639,I640)",,,current,638,True,2682537910,15351251,True,True,True,True,True,1008,0.0,0.0,29.11,62.86,29.3,16.4,0,0,
"=A640+IF(H641=H640,I641-I640,I641)/86400000","=IF(H641=H640,I641-I640,I641)",,,current,639,True,2682537910,15652234,True,True,True,True,True,1008,0.0,0.0,29.17,63.09,29.4,16.4,0,0,
"=A641+IF(H642=H641,I642-I641,I642)/86400000","=IF(H642=H641,I642-I641,I642)",,,current,640,True,2682537910,15953219,True,True,True,True,True,1006,0.0,0.0,29.16,63.3,29.3,16.4,0,0,
"=A642+IF(H643=H642,I643-I642,I643)/86400000","=IF(H643=H642,I643-I642,I643)",,,current,641,True,2682537910,16254205,True,True,True,True,True,1008,0.0,0.0,29.19,63.52,29.3,16.4,0,0,
"=A643+IF(H644=H643,I644-I643,I644)/86400000","=IF(H644=H643,I644-I643,I644)",,,current,642,True,2682537910,16555210,True,True,True,True,True,1008,0.0,0.0,29.21,63.76,29.3,16.3,0,0,
"=A644+IF(H645=H644,I645-I644,I645)/86400000","=IF(H645=H644,I645-I644,I645)",,,current,643,True,2682537910,16856188,True,True,True,True,True,1008,0.0,0.0,29.26,63.99,29.3,16.3,0,0,
"=A645+IF(H646=H645,I646-I645,I646)/86400000","=IF(H646=H645,I646-I645,I646)",,,current,644,True,2682537910,17157166,True,True,True,True,True,1008,0.0,0.0,29.26,64.21,29.3,16.3,0,0,
"=A646+IF(H647=H646,I647-I646,I647)/86400000","=IF(H647=H646,I647-I646,I647)",,,current,645,True,2682537910,17458146,True,True,True,True,True,1008,0.053,1.418,29.27,64.46,29.3,16.3,0,0,
"=A647+IF(H648=H647,I648-I647,I648)/86400000","=IF(H648=H647,I648-I647,I648)",,,current,646,True,2682537910,17759163,True,True,True,True,True,1008,0.0,0.0,29.29,64.67,29.3,16.3,0,0,
"=A648+IF(H649=H648,I649-I648,I649)/86400000","=IF(H649=H648,I649-I648,I649)",,,current,647,True,2682537910,18060118,True,True,True,True,True,1008,0.0,0.0,29.28,64.86,29.3,16.3,0,0,
"=A649+IF(H650=H649,I650-I649,I650)/86400000","=IF(H650=H649,I650-I649,I650)",,,current,648,True,2682537910,18361076,True,True,True,True,True,1009,0.0,0.0,29.34,65.05,29.3,16.3,0,0,
"=A650+IF(H651=H650,I651-I650,I651)/86400000","=IF(H651=H650,I651-I650,I651)",,,current,649,True,2682537910,18662036,True,True,True,True,True,1009,0.0,0.0,29.44,65.26,29.3,16.3,0,0,
"=A651+IF(H652=H651,I652-I651,I652)/86400000","=IF(H652=H651,I652-I651,I652)",,,current,650,True,2682537910,18962999,True,True,True,True,True,1009,0.0,0.0,29.54,65.54,29.3,16.3,0,0,
"=A652+IF(H653=H652,I653-I652,I653)/86400000","=IF(H653=H652,I653-I652,I653)",,,current,651,True,2682537910,19263961,True,True,True,True,True,1009,0.0,0.0,29.56,65.74,29.3,16.3,0,0,
"=A653+IF(H654=H653,I654-I653,I654)/86400000","=IF(H654=H653,I654-I653,I654)",,,current,652,True,2682537910,19564926,True,True,True,True,True,1009,0.0,0.0,29.54,65.94,29.3,16.3,0,0,
"=A654+IF(H655=H654,I655-I654,I655)/86400000","=IF(H655=H654,I655-I654,I655)",,,current,653,True,2682537910,19865894,True,True,True,True,True,1009,0.0,0.0,29.51,66.15,29.3,16.2,0,0,
"=A655+IF(H656=H655,I656-I655,I656)/86400000","=IF(H656=H655,I656-I655,I656)",,,current,654,True,2682537910,20166867,True,True,True,True,True,1009,0.0,0.0,29.64,66.3,29.3,16.3,0,0,
"=A656+IF(H657=H656,I657-I656,I657)/86400000","=IF(H657=H656,I657-I656,I657)",,,current,655,True,2682537910,20467838,True,True,True,True,True,1009,0.0,0.0,29.77,66.59,29.3,16.3,0,0,
"=A657+IF(H658=H657,I658-I657,I658)/86400000","=IF(H658=H657,I658-I657,I658)",,,current,656,True,2682537910,20768811,True,True,True,True,True,1009,0.0,0.0,29.85,66.79,29.3,16.2,0,0,
"=A658+IF(H659=H658,I659-I658,I659)/86400000","=IF(H659=H658,I659-I658,I659)",,,current,657,True,2682537910,21069786,True,True,True,True,True,1009,0.0,0.0,29.83,67.01,29.3,16.2,0,0,
"=A659+IF(H660=H659,I660-I659,I660)/86400000","=IF(H660=H659,I660-I659,I660)",,,current,658,True,2682537910,21370763,True,True,True,True,True,1009,0.01,0.264,29.77,67.17,29.3,16.2,0,0,
"=A660+IF(H661=H660,I661-I660,I661)/86400000","=IF(H661=H660,I661-I660,I661)",,,current,659,True,2682537910,21671740,True,True,True,True,True,1009,0.0,0.0,29.75,67.4,29.3,16.2,0,0,
"=A661+IF(H662=H661,I662-I661,I662)/86400000","=IF(H662=H661,I662-I661,I662)",,,current,660,True,2682537910,21972724,True,True,True,True,True,1009,0.0,0.0,29.72,67.52,29.3,16.2,0,0,
"=A662+IF(H663=H662,I663-I662,I663)/86400000","=IF(H663=H662,I663-I662,I663)",,,current,661,True,2682537910,22273706,True,True,True,True,True,1009,0.0,0.0,29.71,67.74,29.3,16.2,0,0,
"=A663+IF(H664=H663,I664-I663,I664)/86400000","=IF(H664=H663,I664-I663,I664)",,,current,662,True,2682537910,22574724,True,True,True,True,True,1009,0.0,0.0,29.67,67.89,29.2,16.2,0,0,
"=A664+IF(H665=H664,I665-I664,I665)/86400000","=IF(H665=H664,I665-I664,I665)",,,current,663,True,2682537910,22875682,True,True,True,True,True,1009,0.0,0.0,29.63,68.04,29.3,16.2,0,0,
"=A665+IF(H666=H665,I666-I665,I666)/86400000","=IF(H666=H665,I666-I665,I666)",,,current,664,True,2682537910,23176643,True,True,True,True,True,1009,0.0,0.0,29.58,68.22,29.3,16.2,0,0,
"=A666+IF(H667=H666,I667-I666,I667)/86400000","=IF(H667=H666,I667-I666,I667)",,,current,665,True,2682537910,23477607,True,True,True,True,True,1009,0.0,0.0,29.53,68.37,29.3,16.2,0,0,
"=A667+IF(H668=H667,I668-I667,I668)/86400000","=IF(H668=H667,I668-I667,I668)",,,current,666,True,2682537910,23778573,True,True,True,True,True,1009,0.0,0.0,29.47,68.53,29.2,16.2,0,0,
"=A668+IF(H669=H668,I669-I668,I669)/86400000","=IF(H669=H668,I669-I668,I669)",,,current,667,True,2682537910,24079542,True,True,True,True,True,1010,0.0,0.0,29.49,68.7,29.2,16.2,0,0,
"=A669+IF(H670=H669,I670-I669,I670)/86400000","=IF(H670=H669,I670-I669,I670)",,,current,668,True,2682537910,24380511,True,True,True,True,True,1010,0.0,0.0,29.51,68.87,29.2,16.2,0,0,
"=A670+IF(H671=H670,I671-I670,I671)/86400000","=IF(H671=H670,I671-I670,I671)",,,current,669,True,2682537910,24681483,True,True,True,True,True,1010,0.0,0.0,29.52,69.08,29.2,16.2,0,0,
"=A671+IF(H672=H671,I672-I671,I672)/86400000","=IF(H672=H671,I672-I671,I672)",,,current,670,True,2682537910,24982457,True,True,True,True,True,1010,0.0,0.0,29.5,69.21,29.2,16.1,0,0,
"=A672+IF(H673=H672,I673-I672,I673)/86400000","=IF(H673=H672,I673-I672,I673)",,,current,671,True,2682537910,25283430,True,True,True,True,True,1010,0.0,0.0,29.45,69.4,29.2,16.1,0,0,
"=A673+IF(H674=H673,I674-I673,I674)/86400000","=IF(H674=H673,I674-I673,I674)",,,current,672,True,2682537910,25584406,True,True,True,True,True,1010,0.0,0.0,29.43,69.56,29.2,16.1,0,0,
"=A674+IF(H675=H674,I675-I674,I675)/86400000","=IF(H675=H674,I675-I674,I675)",,,current,673,True,2682537910,25885383,True,True,True,True,True,1010,0.0,0.0,29.48,69.77,29.2,16.1,0,0,
"=A675+IF(H676=H675,I676-I675,I676)/86400000","=IF(H676=H675,I676-I675,I676)",,,current,674,True,2682537910,26186364,True,True,True,True,True,1010,0.0,0.0,29.46,69.92,29.2,16.1,0,0,
"=A676+IF(H677=H676,I677-I676,I677)/86400000","=IF(H677=H676,I677-I676,I677)",,,current,675,True,2682537910,26487346,True,True,True,True,True,1010,0.0,0.0,29.52,70.1,29.2,16.1,0,0,
"=A677+IF(H678=H677,I678-I677,I678)/86400000","=IF(H678=H677,I678-I677,I678)",,,current,676,True,2682537910,26788329,True,True,True,True,True,1010,0.0,0.0,29.5,70.22,29.2,16.1,0,0,
"=A678+IF(H679=H678,I679-I678,I679)/86400000","=IF(H679=H678,I679-I678,I679)",,,current,677,True,2682537910,27089315,True,True,True,True,True,1010,0.0,0.0,29.49,70.42,29.2,16.1,0,0,
"=A679+IF(H680=H679,I680-I679,I680)/86400000","=IF(H680=H679,I680-I679,I680)",,,current,678,True,2682537910,27390335,True,True,True,True,True,1010,0.0,0.0,29.52,70.54,29.2,16.1,0,0,
"=A680+IF(H681=H680,I681-I680,I681)/86400000","=IF(H681=H680,I681-I680,I681)",,,current,679,True,2682537910,27691296,True,True,True,True,True,1009,0.0,0.0,29.59,70.71,29.2,16.1,0,0,
"=A681+IF(H682=H681,I682-I681,I682)/86400000","=IF(H682=H681,I682-I681,I682)",,,current,680,True,2682537910,27992260,True,True,True,True,True,1009,0.0,0.0,29.54,70.87,29.2,16.1,0,0,
"=A682+IF(H683=H682,I683-I682,I683)/86400000","=IF(H683=H682,I683-I682,I683)",,,current,681,True,2682537910,28293225,True,True,True,True,True,1009,0.0,0.0,29.53,71.03,29.2,16.1,0,0,
"=A683+IF(H684=H683,I684-I683,I684)/86400000","=IF(H684=H683,I684-I683,I684)",,,current,682,True,2682537910,28594193,True,True,True,True,True,1009,0.0,0.0,29.44,71.17,29.2,16.1,0,0,
"=A684+IF(H685=H684,I685-I684,I685)/86400000","=IF(H685=H684,I685-I684,I685)",,,current,683,True,2682537910,28895162,True,True,True,True,True,1009,0.089,2.407,29.42,71.31,29.1,16.1,0,0,
"=A685+IF(H686=H685,I686-I685,I686)/86400000","=IF(H686=H685,I686-I685,I686)",,,current,684,True,2682537910,29196132,True,True,True,True,True,1009,0.0,0.0,29.36,71.46,29.2,16.1,0,0,
"=A686+IF(H687=H686,I687-I686,I687)/86400000","=IF(H687=H686,I687-I686,I687)",,,current,685,True,2682537910,29497103,True,True,True,True,True,1009,0.0,0.0,29.32,71.61,29.2,16.0,0,0,
"=A687+IF(H688=H687,I688-I687,I688)/86400000","=IF(H688=H687,I688-I687,I688)",,,current,686,True,2682537910,29798081,True,True,True,True,True,1009,0.089,2.407,29.32,71.74,29.2,16.0,0,0,
"=A688+IF(H689=H688,I689-I688,I689)/86400000","=IF(H689=H688,I689-I688,I689)",,,current,687,True,2682537910,30099058,True,True,True,True,True,1009,0.0,0.0,29.33,71.93,29.2,16.0,0,0,
"=A689+IF(H690=H689,I690-I689,I690)/86400000","=IF(H690=H689,I690-I689,I690)",,,current,688,True,2682537910,30400038,True,True,True,True,True,1009,0.0,0.0,29.34,72.05,29.2,16.0,0,0,
"=A690+IF(H691=H690,I691-I690,I691)/86400000","=IF(H691=H690,I691-I690,I691)",,,current,689,True,2682537910,30701019,True,True,True,True,True,1009,0.0,0.0,29.32,72.18,29.2,16.0,0,0,
"=A691+IF(H692=H691,I692-I691,I692)/86400000","=IF(H692=H691,I692-I691,I692)",,,current,690,True,2682537910,31002003,True,True,True,True,True,1009,0.0,0.0,29.32,72.33,29.1,16.0,0,0,
"=A692+IF(H693=H692,I693-I692,I693)/86400000","=IF(H693=H692,I693-I692,I693)",,,current,691,True,2682537910,31302987,True,True,True,True,True,1009,0.0,0.0,29.33,72.48,29.1,16.0,0,0,
"=A693+IF(H694=H693,I694-I693,I694)/86400000","=IF(H694=H693,I694-I693,I694)",,,current,692,True,2682537910,31603973,True,True,True,True,True,1009,0.0,0.0,29.3,72.6,29.1,16.0,0,0,
"=A694+IF(H695=H694,I695-I694,I695)/86400000","=IF(H695=H694,I695-I694,I695)",,,current,693,True,2682537910,31904960,True,True,True,True,True,1009,0.0,0.0,29.28,72.77,29.1,16.0,0,0,
"=A695+IF(H696=H695,I696-I695,I696)/86400000","=IF(H696=H695,I696-I695,I696)",,,current,694,True,2682537910,32205983,True,True,True,True,True,1009,0.0,0.0,29.27,72.93,29.2,16.0,0,0,
"=A696+IF(H697=H696,I697-I696,I697)/86400000","=IF(H697=H696,I697-I696,I697)",,,current,695,True,2682537910,32506946,True,True,True,True,True,1009,0.07,1.879,29.26,73.03,29.1,16.0,0,0,
"=A697+IF(H698=H697,I698-I697,I698)/86400000","=IF(H698=H697,I698-I697,I698)",,,current,696,True,2682537910,32807912,True,True,True,True,True,1009,0.0,0.0,29.25,73.13,29.1,16.0,0,0,
"=A698+IF(H699=H698,I699-I698,I699)/86400000","=IF(H699=H698,I699-I698,I699)",,,current,697,True,2682537910,33108880,True,True,True,True,True,1009,0.0,0.0,29.2,73.31,29.1,16.0,0,0,
"=A699+IF(H700=H699,I700-I699,I700)/86400000","=IF(H700=H699,I700-I699,I700)",,,current,698,True,2682537910,33409853,True,True,True,True,True,1009,0.006,0.165,29.2,73.43,29.1,16.0,0,0,
"=A700+IF(H701=H700,I701-I700,I701)/86400000","=IF(H701=H700,I701-I700,I701)",,,current,699,True,2682537910,33710825,True,True,True,True,True,1009,0.0,0.0,29.17,73.56,29.1,16.0,0,0,
"=A701+IF(H702=H701,I702-I701,I702)/86400000","=IF(H702=H701,I702-I701,I702)",,,current,700,True,2682537910,34011798,True,True,True,True,True,1009,0.0,0.0,29.14,73.65,29.1,16.0,0,0,
"=A702+IF(H703=H702,I703-I702,I703)/86400000","=IF(H703=H702,I703-I702,I703)",,,current,701,True,2682537910,34312773,True,True,True,True,True,1009,0.0,0.0,29.14,73.78,29.1,16.0,0,0,
"=A703+IF(H704=H703,I704-I703,I704)/86400000","=IF(H704=H703,I704-I703,I704)",,,current,702,True,2682537910,34613750,True,True,True,True,True,1009,0.0,0.0,29.14,73.86,29.1,16.0,0,0,
"=A704+IF(H705=H704,I705-I704,I705)/86400000","=IF(H705=H704,I705-I704,I705)",,,current,703,True,2682537910,34914729,True,True,True,True,True,1008,0.0,0.0,29.11,74.03,29.1,16.0,0,0,
"=A705+IF(H706=H705,I706-I705,I706)/86400000","=IF(H706=H705,I706-I705,I706)",,,current,704,True,2682537910,35215709,True,True,True,True,True,1009,0.0,0.0,29.15,74.16,29.1,16.0,0,0,
"=A706+IF(H707=H706,I707-I706,I707)/86400000","=IF(H707=H706,I707-I706,I707)",,,current,705,True,2682537910,35516694,True,True,True,True,True,1009,0.0,0.0,29.16,74.33,29.1,15.9,0,0,
"=A707+IF(H708=H707,I708-I707,I708)/86400000","=IF(H708=H707,I708-I707,I708)",,,current,706,True,2682537910,35817678,True,True,True,True,True,1009,0.0,0.0,29.16,74.48,29.1,15.9,0,0,
"=A708+IF(H709=H708,I709-I708,I709)/86400000","=IF(H709=H708,I709-I708,I709)",,,current,707,True,2682537910,36118663,True,True,True,True,True,1009,0.0,0.0,29.12,74.57,29.1,16.0,0,0,
"=A709+IF(H710=H709,I710-I709,I710)/86400000","=IF(H710=H709,I710-I709,I710)",,,current,708,True,2682537910,36419650,True,True,True,True,True,1009,0.0,0.0,29.08,74.65,29.1,16.0,0,0,
"=A710+IF(H711=H710,I711-I710,I711)/86400000","=IF(H711=H710,I711-I710,I711)",,,current,709,True,2682537910,36720640,True,True,True,True,True,1009,0.0,0.0,29.05,74.82,29.1,15.9,0,0,
"=A711+IF(H712=H711,I712-I711,I712)/86400000","=IF(H712=H711,I712-I711,I712)",,,current,710,True,2682537910,37021668,True,True,True,True,True,1009,0.0,0.0,29.04,74.8,29.1,15.9,0,0,
"=A712+IF(H713=H712,I713-I712,I713)/86400000","=IF(H713=H712,I713-I712,I713)",,,current,711,True,2682537910,37322636,True,True,True,True,True,1009,0.0,0.0,29.04,75.05,29.1,15.9,0,0,
"=A713+IF(H714=H713,I714-I713,I714)/86400000","=IF(H714=H713,I714-I713,I714)",,,current,712,True,2682537910,37623607,True,True,True,True,True,1009,0.0,0.0,29.0,75.17,29.1,15.9,0,0,
"=A714+IF(H715=H714,I715-I714,I715)/86400000","=IF(H715=H714,I715-I714,I715)",,,current,713,True,2682537910,37924580,True,True,True,True,True,1009,0.0,0.0,28.98,75.28,29.1,15.9,0,0,
"=A715+IF(H716=H715,I716-I715,I716)/86400000","=IF(H716=H715,I716-I715,I716)",,,current,714,True,2682537910,38225555,True,True,True,True,True,1009,0.0,0.0,28.97,75.43,29.1,15.9,0,0,
"=A716+IF(H717=H716,I717-I716,I717)/86400000","=IF(H717=H716,I717-I716,I717)",,,current,715,True,2682537910,38526530,True,True,True,True,True,1009,0.0,0.0,28.98,75.48,29.1,15.9,0,0,
"=A717+IF(H718=H717,I718-I717,I718)/86400000","=IF(H718=H717,I718-I717,I718)",,,current,716,True,2682537910,38827508,True,True,True,True,True,1009,0.0,0.0,28.97,75.62,29.1,15.9,0,0,
"=A718+IF(H719=H718,I719-I718,I719)/86400000","=IF(H719=H718,I719-I718,I719)",,,current,717,True,2682537910,39128487,True,True,True,True,True,1009,0.0,0.0,28.96,75.7,29.1,15.9,0,0,
"=A719+IF(H720=H719,I720-I719,I720)/86400000","=IF(H720=H719,I720-I719,I720)",,,current,718,True,2682537910,39429470,True,True,True,True,True,1009,0.0,0.0,28.95,75.89,29.1,15.9,0,0,
"=A720+IF(H721=H720,I721-I720,I721)/86400000","=IF(H721=H720,I721-I720,I721)",,,current,719,True,2682537910,39730453,True,True,True,True,True,1009,0.0,0.0,28.94,75.94,29.1,15.9,0,0,
"=A721+IF(H722=H721,I722-I721,I722)/86400000","=IF(H722=H721,I722-I721,I722)",,,current,720,True,2682537910,40031439,True,True,True,True,True,1009,0.0,0.0,28.94,76.11,29.1,15.9,0,0,
"=A722+IF(H723=H722,I723-I722,I723)/86400000","=IF(H723=H722,I723-I722,I723)",,,current,721,True,2682537910,40332425,True,True,True,True,True,1009,0.0,0.0,28.92,76.18,29.1,15.9,0,0,
"=A723+IF(H724=H723,I724-I723,I724)/86400000","=IF(H724=H723,I724-I723,I724)",,,current,722,True,2682537910,40633428,True,True,True,True,True,1009,0.0,0.0,28.94,76.32,29.1,15.9,0,0,
"=A724+IF(H725=H724,I725-I724,I725)/86400000","=IF(H725=H724,I725-I724,I725)",,,current,723,True,2682537910,40934403,True,True,True,True,True,1009,0.0,0.0,28.93,76.4,29.1,15.9,0,0,
"=A725+IF(H726=H725,I726-I725,I726)/86400000","=IF(H726=H725,I726-I725,I726)",,,current,724,True,2682537910,41235382,True,True,True,True,True,1009,0.013,0.363,28.93,76.54,29.1,15.9,0,0,
"=A726+IF(H727=H726,I727-I726,I727)/86400000","=IF(H727=H726,I727-I726,I727)",,,current,725,True,2682537910,41536364,True,True,True,True,True,1009,0.0,0.0,29.11,76.7,29.1,15.9,0,0,
"=A727+IF(H728=H727,I728-I727,I728)/86400000","=IF(H728=H727,I728-I727,I728)",,,current,726,True,2682537910,41837379,True,True,True,True,True,1009,0.0,0.0,29.33,76.84,29.1,15.9,0,0,
"=A728+IF(H729=H728,I729-I728,I729)/86400000","=IF(H729=H728,I729-I728,I729)",,,current,727,True,2682537910,42138337,True,True,True,True,True,1008,0.0,0.0,29.46,77.02,29.1,15.9,0,0,
"=A729+IF(H730=H729,I730-I729,I730)/86400000","=IF(H730=H729,I730-I729,I730)",,,current,728,True,2682537910,42439295,True,True,True,True,True,1010,0.0,0.0,29.51,77.2,29.1,15.9,0,0,
"=A730+IF(H731=H730,I731-I730,I731)/86400000","=IF(H731=H730,I731-I730,I731)",,,current,729,True,2682537910,42740257,True,True,True,True,True,1010,0.0,0.0,29.54,77.27,29.2,15.9,0,0,
"=A731+IF(H732=H731,I732-I731,I732)/86400000","=IF(H732=H731,I732-I731,I732)",,,current,730,True,2682537910,43041220,True,True,True,True,True,1010,0.0,0.0,29.5,77.44,29.1,15.9,0,0,
"=A732+IF(H733=H732,I733-I732,I733)/86400000","=IF(H733=H732,I733-I732,I733)",,,current,731,True,2682537910,43342184,True,True,True,True,True,1010,0.0,0.0,29.53,77.51,29.1,15.9,0,0,
"=A733+IF(H734=H733,I734-I733,I734)/86400000","=IF(H734=H733,I734-I733,I734)",,,current,732,True,2682537910,43643149,True,True,True,True,True,1010,0.0,0.0,29.51,77.62,29.1,15.9,0,0,
"=A734+IF(H735=H734,I735-I734,I735)/86400000","=IF(H735=H734,I735-I734,I735)",,,current,733,True,2682537910,43944117,True,True,True,True,True,1010,0.0,0.0,29.54,77.74,29.2,15.9,0,0,
"=A735+IF(H736=H735,I736-I735,I736)/86400000","=IF(H736=H735,I736-I735,I736)",,,current,734,True,2682537910,44245086,True,True,True,True,True,1010,0.026,0.692,29.52,77.83,29.2,15.9,0,0,
"=A736+IF(H737=H736,I737-I736,I737)/86400000","=IF(H737=H736,I737-I736,I737)",,,current,735,True,2682537910,44562749,True,True,True,True,True,1010,0.0,0.0,29.48,77.96,29.2,15.9,0,0,
"=A737+IF(H738=H737,I738-I737,I738)/86400000","=IF(H738=H737,I738-I737,I738)",,,current,736,True,2682537910,44863722,True,True,True,True,True,1010,0.0,0.0,29.5,78.08,29.2,15.9,0,0,
"=A738+IF(H739=H738,I739-I738,I739)/86400000","=IF(H739=H738,I739-I738,I739)",,,current,737,True,2682537910,45164697,True,True,True,True,True,1010,0.0,0.0,29.46,78.17,29.2,15.9,0,0,
"=A739+IF(H740=H739,I740-I739,I740)/86400000","=IF(H740=H739,I740-I739,I740)",,,current,738,True,2682537910,45465673,True,True,True,True,True,1010,0.057,1.549,29.45,78.25,29.1,15.9,0,0,
"=A740+IF(H741=H740,I741-I740,I741)/86400000","=IF(H741=H740,I741-I740,I741)",,,current,739,True,2682537910,45766653,True,True,True,True,True,1010,0.0,0.0,29.42,78.39,29.1,15.9,0,0,
"=A741+IF(H742=H741,I742-I741,I742)/86400000","=IF(H742=H741,I742-I741,I742)",,,current,740,True,2682537910,46067633,True,True,True,True,True,1010,0.0,0.0,29.35,78.45,29.2,15.9,0,0,
"=A742+IF(H743=H742,I743-I742,I743)/86400000","=IF(H743=H742,I743-I742,I743)",,,current,741,True,2682537910,46368617,True,True,True,True,True,1010,0.0,0.0,29.3,78.57,29.2,15.9,0,0,
"=A743+IF(H744=H743,I744-I743,I744)/86400000","=IF(H744=H743,I744-I743,I744)",,,current,742,True,2682537910,46669633,True,True,True,True,True,1010,0.0,0.0,29.28,78.6,29.2,15.9,0,0,
"=A744+IF(H745=H744,I745-I744,I745)/86400000","=IF(H745=H744,I745-I744,I745)",,,current,743,True,2682537910,46970591,True,True,True,True,True,1010,0.0,0.0,29.24,78.72,29.2,15.9,0,0,
"=A745+IF(H746=H745,I746-I745,I746)/86400000","=IF(H746=H745,I746-I745,I746)",,,current,744,True,2682537910,47271553,True,True,True,True,True,1010,0.0,0.0,29.21,78.8,29.1,15.8,0,0,
"=A746+IF(H747=H746,I747-I746,I747)/86400000","=IF(H747=H746,I747-I746,I747)",,,current,745,True,2682537910,47572516,True,True,True,True,True,1010,0.004,0.099,29.14,78.83,29.1,15.9,0,0,
"=A747+IF(H748=H747,I748-I747,I748)/86400000","=IF(H748=H747,I748-I747,I748)",,,current,746,True,2682537910,47873480,True,True,True,True,True,1010,0.0,0.0,29.07,78.98,29.1,15.8,0,0,
"=A748+IF(H749=H748,I749-I748,I749)/86400000","=IF(H749=H748,I749-I748,I749)",,,current,747,True,2682537910,48174448,True,True,True,True,True,1010,0.0,0.0,28.98,79.04,29.1,15.8,0,0,
"=A749+IF(H750=H749,I750-I749,I750)/86400000","=IF(H750=H749,I750-I749,I750)",,,current,748,True,2682537910,48475417,True,True,True,True,True,1010,0.0,0.0,28.94,79.12,29.1,15.8,0,0,
"=A750+IF(H751=H750,I751-I750,I751)/86400000","=IF(H751=H750,I751-I750,I751)",,,current,749,True,2682537910,48776389,True,True,True,True,True,1010,0.0,0.0,28.87,79.22,29.1,15.8,0,0,
"=A751+IF(H752=H751,I752-I751,I752)/86400000","=IF(H752=H751,I752-I751,I752)",,,current,750,True,2682537910,49077362,True,True,True,True,True,1010,0.0,0.0,28.83,79.24,29.1,15.8,0,0,
"=A752+IF(H753=H752,I753-I752,I753)/86400000","=IF(H753=H752,I753-I752,I753)",,,current,751,True,2682537910,49378334,True,True,True,True,True,1010,0.0,0.0,28.76,79.33,29.1,15.8,0,0,
"=A753+IF(H754=H753,I754-I753,I754)/86400000","=IF(H754=H753,I754-I753,I754)",,,current,752,True,2682537910,49679308,True,True,True,True,True,1010,0.0,0.0,28.73,79.43,29.1,15.8,0,0,
"=A754+IF(H755=H754,I755-I754,I755)/86400000","=IF(H755=H754,I755-I754,I755)",,,current,753,True,2682537910,49980287,True,True,True,True,True,1010,0.0,0.0,28.7,79.51,29.1,15.8,0,0,
"=A755+IF(H756=H755,I756-I755,I756)/86400000","=IF(H756=H755,I756-I755,I756)",,,current,754,True,2682537910,50281266,True,True,True,True,True,1010,0.071,1.912,28.67,79.62,29.0,15.8,0,0,
"=A756+IF(H757=H756,I757-I756,I757)/86400000","=IF(H757=H756,I757-I756,I757)",,,current,755,True,2682537910,50582246,True,True,True,True,True,1010,0.0,0.0,28.66,79.65,29.0,15.8,0,0,
"=A757+IF(H758=H757,I758-I757,I758)/86400000","=IF(H758=H757,I758-I757,I758)",,,current,756,True,2682537910,50883230,True,True,True,True,True,1010,0.0,0.0,28.65,79.75,29.0,15.8,0,0,
"=A758+IF(H759=H758,I759-I758,I759)/86400000","=IF(H759=H758,I759-I758,I759)",,,current,757,True,2682537910,51184217,True,True,True,True,True,1010,0.0,0.0,28.63,79.82,29.0,15.8,0,0,
"=A759+IF(H760=H759,I760-I759,I760)/86400000","=IF(H760=H759,I760-I759,I760)",,,current,758,True,2682537910,51485238,True,True,True,True,True,1010,0.0,0.0,28.58,79.91,29.0,15.8,0,0,
"=A760+IF(H761=H760,I761-I760,I761)/86400000","=IF(H761=H760,I761-I760,I761)",,,current,759,True,2682537910,51786201,True,True,True,True,True,1010,0.0,0.0,28.6,79.98,29.0,15.8,0,0,
"=A761+IF(H762=H761,I762-I761,I762)/86400000","=IF(H762=H761,I762-I761,I762)",,,current,760,True,2682537910,52087165,True,True,True,True,True,1010,0.0,0.0,28.64,80.11,28.9,15.8,0,1,
"=A762+IF(H763=H762,I763-I762,I763)/86400000","=IF(H763=H762,I763-I762,I763)",,,current,761,True,2682537910,52388133,True,True,True,True,True,1010,0.0,0.0,28.67,80.19,28.9,15.8,0,2,
"=A763+IF(H764=H763,I764-I763,I764)/86400000","=IF(H764=H763,I764-I763,I764)",,,current,762,True,2682537910,52689100,True,True,True,True,True,1010,0.0,0.0,28.66,80.25,28.9,15.8,0,3,
"=A764+IF(H765=H764,I765-I764,I765)/86400000","=IF(H765=H764,I765-I764,I765)",,,current,763,True,2682537910,52990068,True,True,True,True,True,1010,0.0,0.0,28.63,80.34,28.9,15.8,1,3,
"=A765+IF(H766=H765,I766-I765,I766)/86400000","=IF(H766=H765,I766-I765,I766)",,,current,764,True,2682537910,53291040,True,True,True,True,True,1010,0.033,0.89,28.63,80.4,28.9,15.8,1,5,
"=A766+IF(H767=H766,I767-I766,I767)/86400000","=IF(H767=H766,I767-I766,I767)",,,current,765,True,2682537910,53592014,True,True,True,True,True,1010,0.0,0.0,28.62,80.47,28.9,15.8,1,6,
"=A767+IF(H768=H767,I768-I767,I768)/86400000","=IF(H768=H767,I768-I767,I768)",,,current,766,True,2682537910,53892988,True,True,True,True,True,1010,0.0,0.0,28.64,80.59,28.9,15.8,1,7,
"=A768+IF(H769=H768,I769-I768,I769)/86400000","=IF(H769=H768,I769-I768,I769)",,,current,767,True,2682537910,54193963,True,True,True,True,True,1010,0.0,0.0,28.69,80.66,28.9,15.8,1,8,
"=A769+IF(H770=H769,I770-I769,I770)/86400000","=IF(H770=H769,I770-I769,I770)",,,current,768,True,2682537910,54494942,True,True,True,True,True,1010,0.0,0.0,28.73,80.72,28.9,15.8,2,9,
"=A770+IF(H771=H770,I771-I770,I771)/86400000","=IF(H771=H770,I771-I770,I771)",,,current,769,True,2682537910,54795922,True,True,True,True,True,1010,0.0,0.0,28.8,80.85,28.9,15.8,2,9,
"=A771+IF(H772=H771,I772-I771,I772)/86400000","=IF(H772=H771,I772-I771,I772)",,,current,770,True,2682537910,55096902,True,True,True,True,True,1010,0.001,0.033,28.9,80.9,28.9,15.8,2,10,
"=A772+IF(H773=H772,I773-I772,I773)/86400000","=IF(H773=H772,I773-I772,I773)",,,current,771,True,2682537910,55397886,True,True,True,True,True,1010,0.0,0.0,28.98,80.97,28.9,15.7,2,11,
"=A773+IF(H774=H773,I774-I773,I774)/86400000","=IF(H774=H773,I774-I773,I774)",,,current,772,True,2682537910,55698871,True,True,True,True,True,1010,0.0,0.0,29.01,81.04,28.9,15.8,2,11,
"=A774+IF(H775=H774,I775-I774,I775)/86400000","=IF(H775=H774,I775-I774,I775)",,,current,773,True,2682537910,55999857,True,True,True,True,True,1010,0.0,0.0,29.08,81.16,28.8,15.8,2,12,
"=A775+IF(H776=H775,I776-I775,I776)/86400000","=IF(H776=H775,I776-I775,I776)",,,current,774,True,2682537910,56300880,True,True,True,True,True,1011,0.0,0.0,29.07,81.2,28.9,15.7,2,12,
"=A776+IF(H777=H776,I777-I776,I777)/86400000","=IF(H777=H776,I777-I776,I777)",,,current,775,True,2682537910,56601844,True,True,True,True,True,1010,0.0,0.0,29.07,81.23,28.8,15.8,2,13,
"=A777+IF(H778=H777,I778-I777,I778)/86400000","=IF(H778=H777,I778-I777,I778)",,,current,776,True,2682537910,56902811,True,True,True,True,True,1010,0.0,0.0,29.09,81.33,28.8,15.8,2,13,
"=A778+IF(H779=H778,I779-I778,I779)/86400000","=IF(H779=H778,I779-I778,I779)",,,current,777,True,2682537910,57203778,True,True,True,True,True,1011,0.0,0.0,29.14,81.42,28.8,15.7,2,14,
"=A779+IF(H780=H779,I780-I779,I780)/86400000","=IF(H780=H779,I780-I779,I780)",,,current,778,True,2682537910,57504747,True,True,True,True,True,1011,0.0,0.0,29.15,81.44,28.8,15.7,3,15,
"=A780+IF(H781=H780,I781-I780,I781)/86400000","=IF(H781=H780,I781-I780,I781)",,,current,779,True,2682537910,57805720,True,True,True,True,True,1011,0.0,0.0,29.21,81.52,28.8,15.7,3,16,
"=A781+IF(H782=H781,I782-I781,I782)/86400000","=IF(H782=H781,I782-I781,I782)",,,current,780,True,2682537910,58106694,True,True,True,True,True,1011,0.0,0.0,29.26,81.56,28.8,15.7,3,17,
"=A782+IF(H783=H782,I783-I782,I783)/86400000","=IF(H783=H782,I783-I782,I783)",,,current,781,True,2682537910,58407669,True,True,True,True,True,1011,0.0,0.0,29.36,81.6,28.8,15.7,3,18,
"=A783+IF(H784=H783,I784-I783,I784)/86400000","=IF(H784=H783,I784-I783,I784)",,,current,782,True,2682537910,58708647,True,True,True,True,True,1011,0.043,1.154,29.43,81.68,28.8,15.7,4,19,
"=A784+IF(H785=H784,I785-I784,I785)/86400000","=IF(H785=H784,I785-I784,I785)",,,current,783,True,2682537910,59009626,True,True,True,True,True,1011,0.0,0.0,29.52,81.77,28.8,15.7,4,20,
"=A785+IF(H786=H785,I786-I785,I786)/86400000","=IF(H786=H785,I786-I785,I786)",,,current,784,True,2682537910,59310606,True,True,True,True,True,1009,0.0,0.0,29.63,81.85,28.8,15.7,4,22,
"=A786+IF(H787=H786,I787-I786,I787)/86400000","=IF(H787=H786,I787-I786,I787)",,,current,785,True,2682537910,59611590,True,True,True,True,True,1011,0.0,0.0,29.72,81.92,28.8,15.7,4,22,
"=A787+IF(H788=H787,I788-I787,I788)/86400000","=IF(H788=H787,I788-I787,I788)",,,current,786,True,2682537910,59912575,True,True,True,True,True,1011,0.0,0.0,29.82,81.92,28.8,15.7,4,23,
"=A788+IF(H789=H788,I789-I788,I789)/86400000","=IF(H789=H788,I789-I788,I789)",,,current,787,True,2682537910,60213560,True,True,True,True,True,1011,0.0,0.0,29.94,81.97,28.8,15.7,4,25,
"=A789+IF(H790=H789,I790-I789,I790)/86400000","=IF(H790=H789,I790-I789,I790)",,,current,788,True,2682537910,60514550,True,True,True,True,True,1011,0.0,0.0,30.07,82.07,28.8,15.7,4,27,
"=A790+IF(H791=H790,I791-I790,I791)/86400000","=IF(H791=H790,I791-I790,I791)",,,current,789,True,2682537910,60815539,True,True,True,True,True,1011,0.0,0.0,30.22,82.12,28.8,15.7,5,30,
"=A791+IF(H792=H791,I792-I791,I792)/86400000","=IF(H792=H791,I792-I791,I792)",,,current,790,True,2682537910,61116566,True,True,True,True,True,1011,0.0,0.0,30.37,82.23,28.8,15.7,5,32,
"=A792+IF(H793=H792,I793-I792,I793)/86400000","=IF(H793=H792,I793-I792,I793)",,,current,791,True,2682537910,61417534,True,True,True,True,True,1010,0.0,0.0,30.54,82.27,28.8,15.7,6,35,
"=A793+IF(H794=H793,I794-I793,I794)/86400000","=IF(H794=H793,I794-I793,I794)",,,current,792,True,2682537910,61718504,True,True,True,True,True,1010,0.0,0.0,30.69,82.31,28.8,15.7,7,38,
"=A794+IF(H795=H794,I795-I794,I795)/86400000","=IF(H795=H794,I795-I794,I795)",,,current,793,True,2682537910,62019478,True,True,True,True,True,1010,0.0,0.0,30.83,82.35,28.9,15.7,8,43,
"=A795+IF(H796=H795,I796-I795,I796)/86400000","=IF(H796=H795,I796-I795,I796)",,,current,794,True,2682537910,62320454,True,True,True,True,True,1010,0.0,0.0,31.04,82.47,28.9,15.7,9,48,
"=A796+IF(H797=H796,I797-I796,I797)/86400000","=IF(H797=H796,I797-I796,I797)",,,current,795,True,2682537910,62621430,True,True,True,True,True,1010,0.007,0.198,31.23,82.5,28.9,15.7,9,53,
"=A797+IF(H798=H797,I798-I797,I798)/86400000","=IF(H798=H797,I798-I797,I798)",,,current,796,True,2682537910,62922407,True,True,True,True,True,1010,0.01,0.264,31.44,82.55,28.9,15.7,11,60,
"=A798+IF(H799=H798,I799-I798,I799)/86400000","=IF(H799=H798,I799-I798,I799)",,,current,797,True,2682537910,63223389,True,True,True,True,True,1010,0.0,0.0,31.76,82.63,28.9,15.7,12,68,
"=A799+IF(H800=H799,I800-I799,I800)/86400000","=IF(H800=H799,I800-I799,I800)",,,current,798,True,2682537910,63524370,True,True,True,True,True,1009,0.007,0.198,32.05,82.72,28.9,15.7,14,77,
"=A800+IF(H801=H800,I801-I800,I801)/86400000","=IF(H801=H800,I801-I800,I801)",,,current,799,True,2682537910,63825352,True,True,True,True,True,1010,0.0,0.0,32.3,82.77,29.0,15.7,16,91,
"=A801+IF(H802=H801,I802-I801,I802)/86400000","=IF(H802=H801,I802-I801,I802)",,,current,800,True,2682537910,64126335,True,True,True,True,True,1011,0.0,0.0,32.53,82.82,28.9,15.7,19,103,
"=A802+IF(H803=H802,I803-I802,I803)/86400000","=IF(H803=H802,I803-I802,I803)",,,current,801,True,2682537910,64427322,True,True,True,True,True,1011,0.009,0.231,32.88,82.9,28.9,15.7,26,110,
"=A803+IF(H804=H803,I804-I803,I804)/86400000","=IF(H804=H803,I804-I803,I804)",,,current,802,True,2682537910,64728322,True,True,True,True,True,1010,0.0,0.0,33.24,82.97,28.9,15.7,58,868,
"=A804+IF(H805=H804,I805-I804,I805)/86400000","=IF(H805=H804,I805-I804,I805)",,,current,803,True,2682537910,65029297,True,True,True,True,True,1011,0.0,0.0,34.56,82.89,29.0,15.7,112,882,
"=A805+IF(H806=H805,I806-I805,I806)/86400000","=IF(H806=H805,I806-I805,I806)",,,current,804,True,2682537910,65330275,True,True,True,True,True,1011,0.0,0.0,38.4,83.28,29.1,15.8,139,903,
"=A806+IF(H807=H806,I807-I806,I807)/86400000","=IF(H807=H806,I807-I806,I807)",,,current,805,True,2682537910,65631255,True,True,True,True,True,1011,0.0,0.0,41.57,83.64,29.3,15.9,155,912,
"=A807+IF(H808=H807,I808-I807,I808)/86400000","=IF(H808=H807,I808-I807,I808)",,,current,806,True,2682537910,65932267,True,True,True,True,True,1011,0.0,0.0,43.33,83.81,29.5,15.9,167,919,
"=A808+IF(H809=H808,I809-I808,I809)/86400000","=IF(H809=H808,I809-I808,I809)",,,current,807,True,2682537910,66233223,True,True,True,True,True,1012,0.0,0.0,44.21,83.49,29.6,15.9,176,932,
"=A809+IF(H810=H809,I810-I809,I810)/86400000","=IF(H810=H809,I810-I809,I810)",,,current,808,True,2682537910,66534182,True,True,True,True,True,1012,0.0,0.0,45.46,83.09,29.8,15.9,181,949,
"=A810+IF(H811=H810,I811-I810,I811)/86400000","=IF(H811=H810,I811-I810,I811)",,,current,809,True,2682537910,66835142,True,True,True,True,True,1012,0.0,0.0,46.22,82.58,29.9,15.9,182,954,
"=A811+IF(H812=H811,I812-I811,I812)/86400000","=IF(H812=H811,I812-I811,I812)",,,current,810,True,2682537910,67136102,True,True,True,True,True,1011,0.0,0.0,46.72,82.04,30.0,15.9,183,960,
"=A812+IF(H813=H812,I813-I812,I813)/86400000","=IF(H813=H812,I813-I812,I813)",,,current,811,True,2682537910,67437067,True,True,True,True,True,1011,0.0,0.0,46.88,81.37,30.1,15.8,185,975,
"=A813+IF(H814=H813,I814-I813,I814)/86400000","=IF(H814=H813,I814-I813,I814)",,,current,812,True,2682537910,67738034,True,True,True,True,True,1011,0.0,0.0,47.14,80.7,30.2,15.8,186,989,
"=A814+IF(H815=H814,I815-I814,I815)/86400000","=IF(H815=H814,I815-I814,I815)",,,current,813,True,2682537910,68039002,True,True,True,True,True,1011,0.0,0.0,47.8,79.95,30.3,15.8,186,997,
"=A815+IF(H816=H815,I816-I815,I816)/86400000","=IF(H816=H815,I816-I815,I816)",,,current,814,True,2682537910,68339969,True,True,True,True,True,1011,0.0,0.0,48.23,79.27,30.4,15.8,186,1007,
"=A816+IF(H817=H816,I817-I816,I817)/86400000","=IF(H817=H816,I817-I816,I817)",,,current,815,True,2682537910,68640941,True,True,True,True,True,1011,0.0,0.0,48.4,78.5,30.5,15.8,184,1014,
"=A817+IF(H818=H817,I818-I817,I818)/86400000","=IF(H818=H817,I818-I817,I818)",,,current,816,True,2682537910,68941915,True,True,True,True,True,1011,0.0,0.0,48.9,77.8,30.6,15.8,182,1018,
"=A818+IF(H819=H818,I819-I818,I819)/86400000","=IF(H819=H818,I819-I818,I819)",,,current,817,True,2682537910,69242890,True,True,True,True,True,1011,0.0,0.0,48.79,77.05,30.7,15.8,180,1024,
"=A819+IF(H820=H819,I820-I819,I820)/86400000","=IF(H820=H819,I820-I819,I820)",,,current,818,True,2682537910,69543866,True,True,True,True,True,1010,0.0,0.0,48.04,76.28,30.8,15.8,178,1032,
"=A820+IF(H821=H820,I821-I820,I821)/86400000","=IF(H821=H820,I821-I820,I821)",,,current,819,True,2682537910,69844843,True,True,True,True,True,1011,0.0,0.0,47.21,75.54,30.8,15.8,174,205,
"=A821+IF(H822=H821,I822-I821,I822)/86400000","=IF(H822=H821,I822-I821,I822)",,,current,820,True,2682537910,70145823,True,True,True,True,True,1010,0.0,0.0,47.59,74.87,30.9,15.8,170,132,
"=A822+IF(H823=H822,I823-I822,I823)/86400000","=IF(H823=H822,I823-I822,I823)",,,current,821,True,2682537910,70446804,True,True,True,True,True,1011,0.0,0.0,48.26,74.23,31.0,15.8,163,130,
"=A823+IF(H824=H823,I824-I823,I824)/86400000","=IF(H824=H823,I824-I823,I824)",,,current,822,True,2682537910,70747821,True,True,True,True,True,1010,0.0,0.0,48.59,73.67,31.1,15.7,157,129,
"=A824+IF(H825=H824,I825-I824,I825)/86400000","=IF(H825=H824,I825-I824,I825)",,,current,823,True,2682537910,71048782,True,True,True,True,True,1010,0.0,0.0,48.86,73.02,31.1,15.7,150,129,
"=A825+IF(H826=H825,I826-I825,I826)/86400000","=IF(H826=H825,I826-I825,I826)",,,current,824,True,2682537910,71349745,True,True,True,True,True,1010,0.0,0.0,49.02,72.33,31.2,15.7,144,205,
"=A826+IF(H827=H826,I827-I826,I827)/86400000","=IF(H827=H826,I827-I826,I827)",,,current,825,True,2682537910,71650709,True,True,True,True,True,1010,0.02,0.527,49.11,71.63,31.2,15.7,137,128,
"=A827+IF(H828=H827,I828-I827,I828)/86400000","=IF(H828=H827,I828-I827,I828)",,,current,826,True,2682537910,71951676,True,True,True,True,True,1010,0.0,0.0,48.91,71.01,31.3,15.7,130,128,
"=A828+IF(H829=H828,I829-I828,I829)/86400000","=IF(H829=H828,I829-I828,I829)",,,current,827,True,2682537910,72252642,True,True,True,True,True,1010,0.0,0.0,47.91,70.33,31.3,15.7,119,295,
"=A829+IF(H830=H829,I830-I829,I830)/86400000","=IF(H830=H829,I830-I829,I830)",,,current,828,True,2682537910,72553610,True,True,True,True,True,1009,0.0,0.0,45.76,69.5,31.4,15.6,112,127,
"=A830+IF(H831=H830,I831-I830,I831)/86400000","=IF(H831=H830,I831-I830,I831)",,,current,829,True,2682537910,72854580,True,True,True,True,True,1009,0.0,0.0,44.84,68.81,31.4,15.6,109,128,
"=A831+IF(H832=H831,I832-I831,I832)/86400000","=IF(H832=H831,I832-I831,I832)",,,current,830,True,2682537910,73155552,True,True,True,True,True,1009,0.0,0.0,43.95,68.29,31.5,15.6,104,439,
"=A832+IF(H833=H832,I833-I832,I833)/86400000","=IF(H833=H832,I833-I832,I833)",,,current,831,True,2682537910,73456527,True,True,True,True,True,1009,0.0,0.0,43.38,67.81,31.5,15.6,97,338,
"=A833+IF(H834=H833,I834-I833,I834)/86400000","=IF(H834=H833,I834-I833,I834)",,,current,832,True,2682537910,73757503,True,True,True,True,True,1009,0.059,1.582,43.32,67.34,31.6,15.6,90,401,
"=A834+IF(H835=H834,I835-I834,I835)/86400000","=IF(H835=H834,I835-I834,I835)",,,current,833,True,2682537910,74058483,True,True,True,True,True,1009,0.0,0.0,42.76,66.97,31.6,15.6,89,156,
"=A835+IF(H836=H835,I836-I835,I836)/86400000","=IF(H836=H835,I836-I835,I836)",,,current,834,True,2682537910,74359461,True,True,True,True,True,1009,0.0,0.0,42.61,66.66,31.7,15.5,90,165,
"=A836+IF(H837=H836,I837-I836,I837)/86400000","=IF(H837=H836,I837-I836,I837)",,,current,835,True,2682537910,74660443,True,True,True,True,True,1009,0.0,0.0,42.4,66.38,31.7,15.5,88,387,
"=A837+IF(H838=H837,I838-I837,I838)/86400000","=IF(H838=H837,I838-I837,I838)",,,current,836,True,2682537910,74961427,True,True,True,True,True,1009,0.0,0.0,42.36,66.07,31.7,15.5,84,246,
"=A838+IF(H839=H838,I839-I838,I839)/86400000","=IF(H839=H838,I839-I838,I839)",,,current,837,True,2682537910,75262411,True,True,True,True,True,1009,0.0,0.0,42.15,65.81,31.7,15.5,82,189,
"=A839+IF(H840=H839,I840-I839,I840)/86400000","=IF(H840=H839,I840-I839,I840)",,,current,838,True,2682537910,75563432,True,True,True,True,True,1009,0.0,0.0,42.18,65.52,31.7,15.5,78,183,
"=A840+IF(H841=H840,I841-I840,I841)/86400000","=IF(H841=H840,I841-I840,I841)",,,current,839,True,2682537910,75864393,True,True,True,True,True,1009,0.0,0.0,41.21,65.14,31.8,15.5,23,101,
"=A841+IF(H842=H841,I842-I841,I842)/86400000","=IF(H842=H841,I842-I841,I842)",,,current,840,True,2682537910,76165357,True,True,True,True,True,1009,0.0,0.0,40.42,64.69,31.8,15.4,23,99,
"=A842+IF(H843=H842,I843-I842,I843)/86400000","=IF(H843=H842,I843-I842,I843)",,,current,841,True,2682537910,76466322,True,True,True,True,True,1009,0.0,0.0,39.46,64.3,31.8,15.4,19,86,
"=A843+IF(H844=H843,I844-I843,I844)/86400000","=IF(H844=H843,I844-I843,I844)",,,current,842,True,2682537910,76767290,True,True,True,True,True,1009,0.0,0.0,38.98,64.0,31.7,15.4,25,101,
"=A844+IF(H845=H844,I845-I844,I845)/86400000","=IF(H845=H844,I845-I844,I845)",,,current,843,True,2682537910,77068258,True,True,True,True,True,1009,0.0,0.0,39.34,63.82,31.8,15.4,30,118,
"=A845+IF(H846=H845,I846-I845,I846)/86400000","=IF(H846=H845,I846-I845,I846)",,,current,844,True,2682537910,77369230,True,True,True,True,True,1009,0.076,2.044,39.71,63.79,31.8,15.4,53,180,
"=A846+IF(H847=H846,I847-I846,I847)/86400000","=IF(H847=H846,I847-I846,I847)",,,current,845,True,2682537910,77670199,True,True,True,True,True,1009,0.0,0.0,39.33,63.61,31.7,15.4,48,143,
"=A847+IF(H848=H847,I848-I847,I848)/86400000","=IF(H848=H847,I848-I847,I848)",,,current,846,True,2682537910,77971172,True,True,True,True,True,1009,0.074,2.011,39.61,63.44,31.7,15.3,59,173,
"=A848+IF(H849=H848,I849-I848,I849)/86400000","=IF(H849=H848,I849-I848,I849)",,,current,847,True,2682537910,78272148,True,True,True,True,True,1009,0.0,0.0,40.19,63.39,31.8,15.3,55,169,
"=A849+IF(H850=H849,I850-I849,I850)/86400000","=IF(H850=H849,I850-I849,I850)",,,current,848,True,2682537910,78573127,True,True,True,True,True,1009,0.0,0.0,40.64,63.35,31.8,15.3,54,172,
"=A850+IF(H851=H850,I851-I850,I851)/86400000","=IF(H851=H850,I851-I850,I851)",,,current,849,True,2682537910,78874104,True,True,True,True,True,1009,0.077,2.077,40.55,63.25,31.8,15.3,57,182,
"=A851+IF(H852=H851,I852-I851,I852)/86400000","=IF(H852=H851,I852-I851,I852)",,,current,850,True,2682537910,79175083,True,True,True,True,True,1008,0.0,0.0,40.59,63.03,31.8,15.3,52,162,
"=A852+IF(H853=H852,I853-I852,I853)/86400000","=IF(H853=H852,I853-I852,I853)",,,current,851,True,2682537910,79476066,True,True,True,True,True,1009,0.0,0.0,40.65,62.92,31.9,15.3,50,159,
"=A853+IF(H854=H853,I854-I853,I854)/86400000","=IF(H854=H853,I854-I853,I854)",,,current,852,True,2682537910,79777051,True,True,True,True,True,1008,0.0,0.0,40.3,62.65,31.9,15.3,52,159,
"=A854+IF(H855=H854,I855-I854,I855)/86400000","=IF(H855=H854,I855-I854,I855)",,,current,853,True,2682537910,80078036,True,True,True,True,True,1008,0.0,0.0,39.82,62.46,31.8,15.3,17,80,
"=A855+IF(H856=H855,I856-I855,I856)/86400000","=IF(H856=H855,I856-I855,I856)",,,current,854,True,2682537910,80379056,True,True,True,True,True,1008,0.0,0.0,38.78,62.01,31.8,15.3,16,73,
"=A856+IF(H857=H856,I857-I856,I857)/86400000","=IF(H857=H856,I857-I856,I857)",,,current,855,True,2682537910,80680022,True,True,True,True,True,1008,0.0,0.0,38.44,61.78,31.8,15.2,16,75,
"=A857+IF(H858=H857,I858-I857,I858)/86400000","=IF(H858=H857,I858-I857,I858)",,,current,856,True,2682537910,80980988,True,True,True,True,True,1008,0.0,0.0,38.19,61.48,31.8,15.2,19,87,
"=A858+IF(H859=H858,I859-I858,I859)/86400000","=IF(H859=H858,I859-I858,I859)",,,current,857,True,2682537910,81281955,True,True,True,True,True,1008,0.0,0.0,38.51,61.4,31.8,15.2,45,182,
"=A859+IF(H860=H859,I860-I859,I860)/86400000","=IF(H860=H859,I860-I859,I860)",,,current,858,True,2682537910,81582925,True,True,True,True,True,1008,0.0,0.0,39.24,61.48,31.8,15.2,44,661,
"=A860+IF(H861=H860,I861-I860,I861)/86400000","=IF(H861=H860,I861-I860,I861)",,,current,859,True,2682537910,81883900,True,True,True,True,True,1008,0.0,0.0,39.6,61.47,31.8,15.2,42,141,
"=A861+IF(H862=H861,I862-I861,I862)/86400000","=IF(H862=H861,I862-I861,I862)",,,current,860,True,2682537910,82184873,True,True,True,True,True,1008,0.0,0.0,39.86,61.37,31.9,15.2,47,157,
"=A862+IF(H863=H862,I863-I862,I863)/86400000","=IF(H863=H862,I863-I862,I863)",,,current,861,True,2682537910,82485847,True,True,True,True,True,1008,0.004,0.099,40.33,61.36,32.0,15.2,50,169,
"=A863+IF(H864=H863,I864-I863,I864)/86400000","=IF(H864=H863,I864-I863,I864)",,,current,862,True,2682537910,82786825,True,True,True,True,True,1008,0.0,0.0,40.59,61.24,32.0,15.2,48,177,
"=A864+IF(H865=H864,I865-I864,I865)/86400000","=IF(H865=H864,I865-I864,I865)",,,current,863,True,2682537910,83087804,True,True,True,True,True,1008,0.0,0.0,40.77,61.15,32.1,15.2,33,117,
"=A865+IF(H866=H865,I866-I865,I866)/86400000","=IF(H866=H865,I866-I865,I866)",,,current,864,True,2682537910,83388782,True,True,True,True,True,1008,0.0,0.0,40.16,60.88,32.1,15.2,24,88,
"=A866+IF(H867=H866,I867-I866,I867)/86400000","=IF(H867=H866,I867-I866,I867)",,,current,865,True,2682537910,83689763,True,True,True,True,True,1008,0.0,0.0,39.31,60.51,32.1,15.2,14,63,
"=A867+IF(H868=H867,I868-I867,I868)/86400000","=IF(H868=H867,I868-I867,I868)",,,current,866,True,2682537910,83990746,True,True,True,True,True,1008,0.0,0.0,38.58,60.06,32.1,15.1,15,66,
"=A868+IF(H869=H868,I869-I868,I869)/86400000","=IF(H869=H868,I869-I868,I869)",,,current,867,True,2682537910,84291735,True,True,True,True,True,1008,0.0,0.0,38.46,59.77,32.1,15.1,46,166,
"=A869+IF(H870=H869,I870-I869,I870)/86400000","=IF(H870=H869,I870-I869,I870)",,,current,868,True,2682537910,84592719,True,True,True,True,True,1008,0.0,0.0,39.04,59.74,32.1,15.1,44,153,
"=A870+IF(H871=H870,I871-I870,I871)/86400000","=IF(H871=H870,I871-I870,I871)",,,current,869,True,2682537910,84893707,True,True,True,True,True,1008,0.0,0.0,38.47,59.58,32.1,15.1,9,41,
"=A871+IF(H872=H871,I872-I871,I872)/86400000","=IF(H872=H871,I872-I871,I872)",,,current,870,True,2682537910,85194734,True,True,True,True,True,1008,0.0,0.0,37.75,59.3,32.1,15.1,9,37,
"=A872+IF(H873=H872,I873-I872,I873)/86400000","=IF(H873=H872,I873-I872,I873)",,,current,871,True,2682537910,85495698,True,True,True,True,True,1008,0.0,0.0,37.27,58.99,32.0,15.1,12,50,
"=A873+IF(H874=H873,I874-I873,I874)/86400000","=IF(H874=H873,I874-I873,I874)",,,current,872,True,2682537910,85796666,True,True,True,True,True,1008,0.0,0.0,37.07,58.87,32.0,15.1,12,48,
"=A874+IF(H875=H874,I875-I874,I875)/86400000","=IF(H875=H874,I875-I874,I875)",,,current,873,True,2682537910,86097638,True,True,True,True,True,1007,0.0,0.0,36.93,58.72,32.0,15.0,10,42,
"=A875+IF(H876=H875,I876-I875,I876)/86400000","=IF(H876=H875,I876-I875,I876)",,,current,874,True,2682537910,86398612,True,True,True,True,True,1008,0.0,0.0,36.76,58.59,32.0,15.0,8,33,
"=A876+IF(H877=H876,I877-I876,I877)/86400000","=IF(H877=H876,I877-I876,I877)",,,current,875,True,2682537910,86699585,True,True,True,True,True,1008,0.0,0.0,36.4,58.45,32.0,15.0,5,23,
"=A877+IF(H878=H877,I878-I877,I878)/86400000","=IF(H878=H877,I878-I877,I878)",,,current,876,True,2682537910,87000563,True,True,True,True,True,1008,0.0,0.0,36.06,58.26,32.0,15.0,4,17,
"=A878+IF(H879=H878,I879-I878,I879)/86400000","=IF(H879=H878,I879-I878,I879)",,,current,877,True,2682537910,87301543,True,True,True,True,True,1008,0.0,0.0,35.84,58.12,31.9,15.0,3,14,
"=A879+IF(H880=H879,I880-I879,I880)/86400000","=IF(H880=H879,I880-I879,I880)",,,current,878,True,2682537910,87602525,True,True,True,True,True,1008,0.0,0.0,35.51,58.0,31.9,15.0,3,12,
"=A880+IF(H881=H880,I881-I880,I881)/86400000","=IF(H881=H880,I881-I880,I881)",,,current,879,True,2682537910,87903509,True,True,True,True,True,1007,0.0,0.0,35.32,57.91,31.9,15.0,2,10,
"=A881+IF(H882=H881,I882-I881,I882)/86400000","=IF(H882=H881,I882-I881,I882)",,,current,880,True,2682537910,88204493,True,True,True,True,True,1007,0.0,0.0,35.21,57.83,31.9,14.9,2,9,
"=A882+IF(H883=H882,I883-I882,I883)/86400000","=IF(H883=H882,I883-I882,I883)",,,current,881,True,2682537910,88505480,True,True,True,True,True,1008,0.0,0.0,34.89,57.76,31.9,15.0,1,6,
"=A883+IF(H884=H883,I884-I883,I884)/86400000","=IF(H884=H883,I884-I883,I884)",,,current,882,True,2682537910,88806470,True,True,True,True,True,1008,0.0,0.0,34.53,57.64,31.8,15.0,1,5,
"=A884+IF(H885=H884,I885-I884,I885)/86400000","=IF(H885=H884,I885-I884,I885)",,,current,883,True,2682537910,89107470,True,True,True,True,True,1007,0.0,0.0,34.18,57.61,31.8,14.9,1,4,
"=A885+IF(H886=H885,I886-I885,I886)/86400000","=IF(H886=H885,I886-I885,I886)",,,current,884,True,2682537910,89408447,True,True,True,True,True,1008,0.0,0.0,33.93,57.56,31.8,14.9,1,4,
"=A886+IF(H887=H886,I887-I886,I887)/86400000","=IF(H887=H886,I887-I886,I887)",,,current,885,True,2682537910,89709427,True,True,True,True,True,1009,0.0,0.0,33.63,57.55,31.7,14.9,1,4,
"=A887+IF(H888=H887,I888-I887,I888)/86400000","=IF(H888=H887,I888-I887,I888)",,,current,886,True,2682537910,90010441,True,True,True,True,True,1008,0.0,0.0,33.42,57.57,31.6,14.8,1,4,
"=A888+IF(H889=H888,I889-I888,I889)/86400000","=IF(H889=H888,I889-I888,I889)",,,current,887,True,2682537910,90311398,True,True,True,True,True,1009,0.0,0.0,33.01,57.48,31.6,14.8,1,5,
"=A889+IF(H890=H889,I890-I889,I890)/86400000","=IF(H890=H889,I890-I889,I890)",,,current,888,True,2682537910,90612358,True,True,True,True,True,1009,0.0,0.0,32.66,57.44,31.5,14.9,1,6,
"=A890+IF(H891=H890,I891-I890,I891)/86400000","=IF(H891=H890,I891-I890,I891)",,,current,889,True,2682537910,90913316,True,True,True,True,True,1009,0.0,0.0,32.43,57.44,31.5,14.8,1,7,
"=A891+IF(H892=H891,I892-I891,I892)/86400000","=IF(H892=H891,I892-I891,I892)",,,current,890,True,2682537910,91214276,True,True,True,True,True,1008,0.0,0.0,32.21,57.45,31.4,14.8,2,8,
"=A892+IF(H893=H892,I893-I892,I893)/86400000","=IF(H893=H892,I893-I892,I893)",,,current,891,True,2682537910,91515241,True,True,True,True,True,1008,0.0,0.0,31.97,57.42,31.4,14.8,2,8,
"=A893+IF(H894=H893,I894-I893,I894)/86400000","=IF(H894=H893,I894-I893,I894)",,,current,892,True,2682537910,91816207,True,True,True,True,True,1008,0.0,0.0,31.82,57.34,31.4,14.8,2,8,
"=A894+IF(H895=H894,I895-I894,I895)/86400000","=IF(H895=H894,I895-I894,I895)",,,current,893,True,2682537910,92117174,True,True,True,True,True,1007,0.088,2.374,31.73,57.45,31.3,14.8,2,9,
"=A895+IF(H896=H895,I896-I895,I896)/86400000","=IF(H896=H895,I896-I895,I896)",,,current,894,True,2682537910,92418143,True,True,True,True,True,1008,0.0,0.0,31.71,57.52,31.3,14.8,2,9,
"=A896+IF(H897=H896,I897-I896,I897)/86400000","=IF(H897=H896,I897-I896,I897)",,,current,895,True,2682537910,92719116,True,True,True,True,True,1008,0.005,0.132,31.73,57.59,31.2,14.8,2,9,
"=A897+IF(H898=H897,I898-I897,I898)/86400000","=IF(H898=H897,I898-I897,I898)",,,current,896,True,2682537910,93020091,True,True,True,True,True,1008,0.0,0.0,31.77,57.68,31.2,14.8,3,13,
"=A898+IF(H899=H898,I899-I898,I899)/86400000","=IF(H899=H898,I899-I898,I899)",,,current,897,True,2682537910,93337754,True,True,True,True,True,1008,0.0,0.0,31.88,57.79,31.2,14.8,5,22,
"=A899+IF(H900=H899,I900-I899,I900)/86400000","=IF(H900=H899,I900-I899,I900)",,,current,898,True,2682537910,93638731,True,True,True,True,True,1009,0.0,0.0,32.06,57.93,31.2,14.8,5,20,
"=A900+IF(H901=H900,I901-I900,I901)/86400000","=IF(H901=H900,I901-I900,I901)",,,current,899,True,2682537910,93939709,True,True,True,True,True,1009,0.0,0.0,32.19,58.03,31.1,14.8,5,18,
"=A901+IF(H902=H901,I902-I901,I902)/86400000","=IF(H902=H901,I902-I901,I902)",,,current,900,True,2682537910,94240691,True,True,True,True,True,1009,0.0,0.0,32.31,58.16,31.1,14.8,3,11,
"=A902+IF(H903=H902,I903-I902,I903)/86400000","=IF(H903=H902,I903-I902,I903)",,,current,901,True,2682537910,94541670,True,True,True,True,True,1009,0.0,0.0,32.23,58.22,31.1,14.8,2,8,
"=A903+IF(H904=H903,I904-I903,I904)/86400000","=IF(H904=H903,I904-I903,I904)",,,current,902,True,2682537910,94842688,True,True,True,True,True,1009,0.0,0.0,32.22,58.21,31.1,14.8,2,10,
"=A904+IF(H905=H904,I905-I904,I905)/86400000","=IF(H905=H904,I905-I904,I905)",,,current,903,True,2682537910,95143646,True,True,True,True,True,1009,0.0,0.0,32.28,58.2,31.0,14.7,3,12,
"=A905+IF(H906=H905,I906-I905,I906)/86400000","=IF(H906=H905,I906-I905,I906)",,,current,904,True,2682537910,95444604,True,True,True,True,True,1008,0.0,0.0,32.29,58.42,31.0,14.8,2,10,
"=A906+IF(H907=H906,I907-I906,I907)/86400000","=IF(H907=H906,I907-I906,I907)",,,current,905,True,2682537910,95745564,True,True,True,True,True,1009,0.0,0.0,32.26,58.43,31.0,14.8,3,15,
"=A907+IF(H908=H907,I908-I907,I908)/86400000","=IF(H908=H907,I908-I907,I908)",,,current,906,True,2682537910,96046529,True,True,True,True,True,1009,0.048,1.286,32.23,58.46,30.9,14.7,3,15,
"=A908+IF(H909=H908,I909-I908,I909)/86400000","=IF(H909=H908,I909-I908,I909)",,,current,907,True,2682537910,96347495,True,True,True,True,True,1009,0.038,1.022,32.13,58.53,30.8,14.8,2,12,
"=A909+IF(H910=H909,I910-I909,I910)/86400000","=IF(H910=H909,I910-I909,I910)",,,current,908,True,2682537910,96648463,True,True,True,True,True,1009,0.143,3.857,32.11,58.56,30.7,14.8,2,9,
"=A910+IF(H911=H910,I911-I910,I911)/86400000","=IF(H911=H910,I911-I910,I911)",,,current,909,True,2682537910,96949431,True,True,True,True,True,1009,0.0,0.0,32.06,58.61,30.6,14.8,1,7,
"=A911+IF(H912=H911,I912-I911,I912)/86400000","=IF(H912=H911,I912-I911,I912)",,,current,910,True,2682537910,97250405,True,True,True,True,True,1009,0.0,0.0,32.07,58.63,30.5,14.8,1,6,
"=A912+IF(H913=H912,I913-I912,I913)/86400000","=IF(H913=H912,I913-I912,I913)",,,current,911,True,2682537910,97551381,True,True,True,True,True,1009,0.0,0.0,32.09,58.74,30.5,14.8,1,5,
"=A913+IF(H914=H913,I914-I913,I914)/86400000","=IF(H914=H913,I914-I913,I914)",,,current,912,True,2682537910,97852355,True,True,True,True,True,1008,0.0,0.0,32.06,58.83,30.6,14.7,1,4,
"=A914+IF(H915=H914,I915-I914,I915)/86400000","=IF(H915=H914,I915-I914,I915)",,,current,913,True,2682537910,98153332,True,True,True,True,True,1008,0.0,0.0,31.96,58.86,30.6,14.7,1,4,
"=A915+IF(H916=H915,I916-I915,I916)/86400000","=IF(H916=H915,I916-I915,I916)",,,current,914,True,2682537910,98454311,True,True,True,True,True,1008,0.0,0.0,31.92,58.9,30.7,14.7,1,4,
"=A916+IF(H917=H916,I917-I916,I917)/86400000","=IF(H917=H916,I917-I916,I917)",,,current,915,True,2682537910,98755294,True,True,True,True,True,1007,0.0,0.0,31.91,58.9,30.7,14.7,1,3,
"=A917+IF(H918=H917,I918-I917,I918)/86400000","=IF(H918=H917,I918-I917,I918)",,,current,916,True,2682537910,99056274,True,True,True,True,True,1008,0.0,0.0,31.92,58.97,30.7,14.7,1,4,
"=A918+IF(H919=H918,I919-I918,I919)/86400000","=IF(H919=H918,I919-I918,I919)",,,current,917,True,2682537910,99357257,True,True,True,True,True,1008,0.0,0.0,31.93,59.08,30.7,14.7,1,6,
"=A919+IF(H920=H919,I920-I919,I920)/86400000","=IF(H920=H919,I920-I919,I920)",,,current,918,True,2682537910,99658280,True,True,True,True,True,1008,0.0,0.0,31.9,59.14,30.7,14.7,1,6,
"=A920+IF(H921=H920,I921-I920,I921)/86400000","=IF(H921=H920,I921-I920,I921)",,,current,919,True,2682537910,99959240,True,True,True,True,True,1008,0.01,0.264,31.83,59.21,30.7,14.6,1,3,
"=A921+IF(H922=H921,I922-I921,I922)/86400000","=IF(H922=H921,I922-I921,I922)",,,current,920,True,2682537910,100260201,True,True,True,True,True,1008,0.0,0.0,31.74,59.2,30.7,14.7,0,2,
"=A922+IF(H923=H922,I923-I922,I923)/86400000","=IF(H923=H922,I923-I922,I923)",,,current,921,True,2682537910,100561169,True,True,True,True,True,1008,0.0,0.0,31.61,59.25,30.7,14.7,0,1,
"=A923+IF(H924=H923,I924-I923,I924)/86400000","=IF(H924=H923,I924-I923,I924)",,,current,922,True,2682537910,100862137,True,True,True,True,True,1008,0.0,0.0,31.51,59.25,30.7,14.7,0,1,
"=A924+IF(H925=H924,I925-I924,I925)/86400000","=IF(H925=H924,I925-I924,I925)",,,current,923,True,2682537910,101163105,True,True,True,True,True,1008,0.028,0.758,31.43,59.32,30.7,14.7,0,0,
"=A925+IF(H926=H925,I926-I925,I926)/86400000","=IF(H926=H925,I926-I925,I926)",,,current,924,True,2682537910,101464074,True,True,True,True,True,1008,0.0,0.0,31.37,59.39,30.7,14.7,0,0,
"=A926+IF(H927=H926,I927-I926,I927)/86400000","=IF(H927=H926,I927-I926,I927)",,,current,925,True,2682537910,101765047,True,True,True,True,True,1009,0.0,0.0,31.36,59.44,30.7,14.7,0,0,
"=A927+IF(H928=H927,I928-I927,I928)/86400000","=IF(H928=H927,I928-I927,I928)",,,current,926,True,2682537910,102066022,True,True,True,True,True,1009,0.0,0.0,31.3,59.49,30.7,14.7,0,0,
"=A928+IF(H929=H928,I929-I928,I929)/86400000","=IF(H929=H928,I929-I928,I929)",,,current,927,True,2682537910,102366997,True,True,True,True,True,1009,0.0,0.0,31.26,59.52,30.7,14.7,0,0,
"=A929+IF(H930=H929,I930-I929,I930)/86400000","=IF(H930=H929,I930-I929,I930)",,,current,928,True,2682537910,102667973,True,True,True,True,True,1009,0.0,0.0,31.24,59.64,30.6,14.7,0,0,
"=A930+IF(H931=H930,I931-I930,I931)/86400000","=IF(H931=H930,I931-I930,I931)",,,current,929,True,2682537910,102968952,True,True,True,True,True,1009,0.0,0.0,31.2,59.68,30.6,14.7,0,0,
"=A931+IF(H932=H931,I932-I931,I932)/86400000","=IF(H932=H931,I932-I931,I932)",,,current,930,True,2682537910,103269935,True,True,True,True,True,1009,0.0,0.0,31.19,59.72,30.6,14.6,0,0,
"=A932+IF(H933=H932,I933-I932,I933)/86400000","=IF(H933=H932,I933-I932,I933)",,,current,931,True,2682537910,103570918,True,True,True,True,True,1009,0.0,0.0,31.17,59.82,30.6,14.7,0,0,
"=A933+IF(H934=H933,I934-I933,I934)/86400000","=IF(H934=H933,I934-I933,I934)",,,current,932,True,2682537910,103871902,True,True,True,True,True,1009,0.0,0.0,31.12,59.9,30.6,14.7,0,0,
"=A934+IF(H935=H934,I935-I934,I935)/86400000","=IF(H935=H934,I935-I934,I935)",,,current,933,True,2682537910,104172891,True,True,True,True,True,1009,0.0,0.0,31.07,59.95,30.5,14.7,0,0,
"=A935+IF(H936=H935,I936-I935,I936)/86400000","=IF(H936=H935,I936-I935,I936)",,,current,934,True,2682537910,104473913,True,True,True,True,True,1009,0.0,0.0,31.07,59.99,30.5,14.7,0,0,
"=A936+IF(H937=H936,I937-I936,I937)/86400000","=IF(H937=H936,I937-I936,I937)",,,current,935,True,2682537910,104774874,True,True,True,True,True,1009,0.0,0.0,31.02,60.16,30.5,14.7,0,0,
"=A937+IF(H938=H937,I938-I937,I938)/86400000","=IF(H938=H937,I938-I937,I938)",,,current,936,True,2682537910,105075841,True,True,True,True,True,1009,0.0,0.0,31.0,60.16,30.5,14.7,0,0,
"=A938+IF(H939=H938,I939-I938,I939)/86400000","=IF(H939=H938,I939-I938,I939)",,,current,937,True,2682537910,105376810,True,True,True,True,True,1010,0.0,0.0,30.99,60.23,30.5,14.7,0,0,
"=A939+IF(H940=H939,I940-I939,I940)/86400000","=IF(H940=H939,I940-I939,I940)",,,current,938,True,2682537910,105677777,True,True,True,True,True,1010,0.0,0.0,30.99,60.36,30.5,14.6,0,0,
"=A940+IF(H941=H940,I941-I940,I941)/86400000","=IF(H941=H940,I941-I940,I941)",,,current,939,True,2682537910,105978746,True,True,True,True,True,1010,0.0,0.0,31.01,60.44,30.5,14.6,0,0,
"=A941+IF(H942=H941,I942-I941,I942)/86400000","=IF(H942=H941,I942-I941,I942)",,,current,940,True,2682537910,106279720,True,True,True,True,True,1010,0.0,0.0,30.98,60.52,30.4,14.7,0,0,
"=A942+IF(H943=H942,I943-I942,I943)/86400000","=IF(H943=H942,I943-I942,I943)",,,current,941,True,2682537910,106580694,True,True,True,True,True,1010,0.0,0.0,30.95,60.59,30.4,14.6,0,0,
"=A943+IF(H944=H943,I944-I943,I944)/86400000","=IF(H944=H943,I944-I943,I944)",,,current,942,True,2682537910,106881671,True,True,True,True,True,1010,0.0,0.0,30.94,60.64,30.4,14.7,0,0,
"=A944+IF(H945=H944,I945-I944,I945)/86400000","=IF(H945=H944,I945-I944,I945)",,,current,943,True,2682537910,107182649,True,True,True,True,True,1010,0.0,0.0,30.91,60.78,30.4,14.6,0,0,
"=A945+IF(H946=H945,I946-I945,I946)/86400000","=IF(H946=H945,I946-I945,I946)",,,current,944,True,2682537910,107483630,True,True,True,True,True,1010,0.0,0.0,30.92,60.83,30.4,14.6,0,0,
"=A946+IF(H947=H946,I947-I946,I947)/86400000","=IF(H947=H946,I947-I946,I947)",,,current,945,True,2682537910,107784613,True,True,True,True,True,1010,0.0,0.0,30.88,60.91,30.4,14.7,0,0,
"=A947+IF(H948=H947,I948-I947,I948)/86400000","=IF(H948=H947,I948-I947,I948)",,,current,946,True,2682537910,108085596,True,True,True,True,True,1010,0.0,0.0,30.87,60.98,30.4,14.6,0,0,
"=A948+IF(H949=H948,I949-I948,I949)/86400000","=IF(H949=H948,I949-I948,I949)",,,current,947,True,2682537910,108386580,True,True,True,True,True,1010,0.0,0.0,30.86,61.04,30.4,14.6,0,0,
"=A949+IF(H950=H949,I950-I949,I950)/86400000","=IF(H950=H949,I950-I949,I950)",,,current,948,True,2682537910,108687569,True,True,True,True,True,1010,0.0,0.0,30.86,61.14,30.4,14.7,0,0,
"=A950+IF(H951=H950,I951-I950,I951)/86400000","=IF(H951=H950,I951-I950,I951)",,,current,949,True,2682537910,108988558,True,True,True,True,True,1010,0.004,0.099,30.82,61.25,30.4,14.6,0,0,
"=A951+IF(H952=H951,I952-I951,I952)/86400000","=IF(H952=H951,I952-I951,I952)",,,current,950,True,2682537910,109289580,True,True,True,True,True,1010,0.0,0.0,30.8,61.27,30.4,14.6,0,0,
"=A952+IF(H953=H952,I953-I952,I953)/86400000","=IF(H953=H952,I953-I952,I953)",,,current,951,True,2682537910,109590550,True,True,True,True,True,1010,0.0,0.0,30.75,61.38,30.4,14.6,0,0,
"=A953+IF(H954=H953,I954-I953,I954)/86400000","=IF(H954=H953,I954-I953,I954)",,,current,952,True,2682537910,109891518,True,True,True,True,True,1010,0.0,0.0,30.71,61.44,30.4,14.7,0,0,
"=A954+IF(H955=H954,I955-I954,I955)/86400000","=IF(H955=H954,I955-I954,I955)",,,current,953,True,2682537910,110192488,True,True,True,True,True,1010,0.0,0.0,30.69,61.56,30.4,14.6,0,0,
"=A955+IF(H956=H955,I956-I955,I956)/86400000","=IF(H956=H955,I956-I955,I956)",,,current,954,True,2682537910,110493460,True,True,True,True,True,1010,0.0,0.0,30.67,61.62,30.4,14.6,0,0,
"=A956+IF(H957=H956,I957-I956,I957)/86400000","=IF(H957=H956,I957-I956,I957)",,,current,955,True,2682537910,110794438,True,True,True,True,True,1010,0.0,0.0,30.61,61.7,30.3,14.7,0,0,
"=A957+IF(H958=H957,I958-I957,I958)/86400000","=IF(H958=H957,I958-I957,I958)",,,current,956,True,2682537910,111095416,True,True,True,True,True,1010,0.0,0.0,30.62,61.78,30.3,14.6,0,0,
"=A958+IF(H959=H958,I959-I958,I959)/86400000","=IF(H959=H958,I959-I958,I959)",,,current,957,True,2682537910,111396392,True,True,True,True,True,1010,0.0,0.0,30.58,61.82,30.3,14.6,0,0,
"=A959+IF(H960=H959,I960-I959,I960)/86400000","=IF(H960=H959,I960-I959,I960)",,,current,958,True,2682537910,111697375,True,True,True,True,True,1010,0.043,1.154,30.59,61.96,30.3,14.6,0,0,
"=A960+IF(H961=H960,I961-I960,I961)/86400000","=IF(H961=H960,I961-I960,I961)",,,current,959,True,2682537910,111998358,True,True,True,True,True,1010,0.0,0.0,30.57,61.99,30.3,14.6,0,0,
"=A961+IF(H962=H961,I962-I961,I962)/86400000","=IF(H962=H961,I962-I961,I962)",,,current,960,True,2682537910,112299344,True,True,True,True,True,1010,0.0,0.0,30.61,62.1,30.3,14.6,0,0,
"=A962+IF(H963=H962,I963-I962,I963)/86400000","=IF(H963=H962,I963-I962,I963)",,,current,961,True,2682537910,112600328,True,True,True,True,True,1010,0.011,0.297,30.63,62.19,30.3,14.6,0,0,
"=A963+IF(H964=H963,I964-I963,I964)/86400000","=IF(H964=H963,I964-I963,I964)",,,current,962,True,2682537910,112901317,True,True,True,True,True,1010,0.0,0.0,30.65,62.32,30.3,14.6,0,0,
"=A964+IF(H965=H964,I965-I964,I965)/86400000","=IF(H965=H964,I965-I964,I965)",,,current,963,True,2682537910,113202324,True,True,True,True,True,1010,0.0,0.0,30.67,62.4,30.3,14.6,0,0,
"=A965+IF(H966=H965,I966-I965,I966)/86400000","=IF(H966=H965,I966-I965,I966)",,,current,964,True,2682537910,113503300,True,True,True,True,True,1010,0.0,0.0,30.68,62.49,30.3,14.6,0,0,
"=A966+IF(H967=H966,I967-I966,I967)/86400000","=IF(H967=H966,I967-I966,I967)",,,current,965,True,2682537910,113804278,True,True,True,True,True,1010,0.0,0.0,30.68,62.55,30.3,14.6,0,0,
"=A967+IF(H968=H967,I968-I967,I968)/86400000","=IF(H968=H967,I968-I967,I968)",,,current,966,True,2682537910,114105295,True,True,True,True,True,1010,0.0,0.0,30.68,62.6,30.2,14.6,0,0,
"=A968+IF(H969=H968,I969-I968,I969)/86400000","=IF(H969=H968,I969-I968,I969)",,,current,967,True,2682537910,114406252,True,True,True,True,True,1009,0.0,0.0,30.65,62.7,30.2,14.6,0,0,
"=A969+IF(H970=H969,I970-I969,I970)/86400000","=IF(H970=H969,I970-I969,I970)",,,current,968,True,2682537910,114707210,True,True,True,True,True,1010,0.0,0.0,30.64,62.82,30.2,14.6,0,0,
"=A970+IF(H971=H970,I971-I970,I971)/86400000","=IF(H971=H970,I971-I970,I971)",,,current,969,True,2682537910,115008171,True,True,True,True,True,1010,0.0,0.0,30.63,62.89,30.2,14.6,0,0,
"=A971+IF(H972=H971,I972-I971,I972)/86400000","=IF(H972=H971,I972-I971,I972)",,,current,970,True,2682537910,115309135,True,True,True,True,True,1010,0.0,0.0,30.62,62.94,30.2,14.6,0,0,
"=A972+IF(H973=H972,I973-I972,I973)/86400000","=IF(H973=H972,I973-I972,I973)",,,current,971,True,2682537910,115610097,True,True,True,True,True,1010,0.0,0.0,30.56,63.03,30.2,14.6,0,0,
"=A973+IF(H974=H973,I974-I973,I974)/86400000","=IF(H974=H973,I974-I973,I974)",,,current,972,True,2682537910,115911064,True,True,True,True,True,1010,0.0,0.0,30.51,63.09,30.2,14.6,0,0,
"=A974+IF(H975=H974,I975-I974,I975)/86400000","=IF(H975=H974,I975-I974,I975)",,,current,973,True,2682537910,116212032,True,True,True,True,True,1010,0.0,0.0,30.47,63.1,30.2,14.6,0,0,
"=A975+IF(H976=H975,I976-I975,I976)/86400000","=IF(H976=H975,I976-I975,I976)",,,current,974,True,2682537910,116513002,True,True,True,True,True,1009,0.0,0.0,30.39,63.22,30.2,14.6,0,0,
"=A976+IF(H977=H976,I977-I976,I977)/86400000","=IF(H977=H976,I977-I976,I977)",,,current,975,True,2682537910,116813972,True,True,True,True,True,1010,0.0,0.0,30.35,63.28,30.1,14.5,0,0,
"=A977+IF(H978=H977,I978-I977,I978)/86400000","=IF(H978=H977,I978-I977,I978)",,,current,976,True,2682537910,117114945,True,True,True,True,True,1010,0.0,0.0,30.32,63.37,30.1,14.6,0,0,
"=A978+IF(H979=H978,I979-I978,I979)/86400000","=IF(H979=H978,I979-I978,I979)",,,current,977,True,2682537910,117415920,True,True,True,True,True,1010,0.0,0.0,30.29,63.36,30.1,14.6,0,0,
"=A979+IF(H980=H979,I980-I979,I980)/86400000","=IF(H980=H979,I980-I979,I980)",,,current,978,True,2682537910,117716900,True,True,True,True,True,1010,0.0,0.0,30.29,63.44,30.1,14.6,0,0,
"=A980+IF(H981=H980,I981-I980,I981)/86400000","=IF(H981=H980,I981-I980,I981)",,,current,979,True,2682537910,118017876,True,True,True,True,True,1010,0.0,0.0,30.29,63.51,30.0,14.6,0,0,
"=A981+IF(H982=H981,I982-I981,I982)/86400000","=IF(H982=H981,I982-I981,I982)",,,current,980,True,2682537910,118318856,True,True,True,True,True,1010,0.0,0.0,30.27,63.57,30.0,14.6,0,0,
"=A982+IF(H983=H982,I983-I982,I983)/86400000","=IF(H983=H982,I983-I982,I983)",,,current,981,True,2682537910,118619837,True,True,True,True,True,1010,0.0,0.0,30.3,63.66,30.0,14.6,0,0,
"=A983+IF(H984=H983,I984-I983,I984)/86400000","=IF(H984=H983,I984-I983,I984)",,,current,982,True,2682537910,118920857,True,True,True,True,True,1010,0.0,0.0,30.26,63.76,30.0,14.5,0,0,
"=A984+IF(H985=H984,I985-I984,I985)/86400000","=IF(H985=H984,I985-I984,I985)",,,current,983,True,2682537910,119221816,True,True,True,True,True,1010,0.0,0.0,30.23,63.8,30.0,14.6,0,0,
"=A985+IF(H986=H985,I986-I985,I986)/86400000","=IF(H986=H985,I986-I985,I986)",,,current,984,True,2682537910,119522776,True,True,True,True,True,1010,0.0,0.0,30.22,63.86,30.0,14.5,0,0,
"=A986+IF(H987=H986,I987-I986,I987)/86400000","=IF(H987=H986,I987-I986,I987)",,,current,985,True,2682537910,119823741,True,True,True,True,True,1010,0.0,0.0,30.22,63.91,30.0,14.6,0,0,
"=A987+IF(H988=H987,I988-I987,I988)/86400000","=IF(H988=H987,I988-I987,I988)",,,current,986,True,2682537910,120124707,True,True,True,True,True,1010,0.0,0.0,30.22,63.99,30.0,14.6,0,0,
"=A988+IF(H989=H988,I989-I988,I989)/86400000","=IF(H989=H988,I989-I988,I989)",,,current,987,True,2682537910,120425672,True,True,True,True,True,1010,0.0,0.0,30.25,64.06,30.0,14.6,0,0,
"=A989+IF(H990=H989,I990-I989,I990)/86400000","=IF(H990=H989,I990-I989,I990)",,,current,988,True,2682537910,120726642,True,True,True,True,True,1010,0.0,0.0,30.24,64.09,30.0,14.6,0,0,
"=A990+IF(H991=H990,I991-I990,I991)/86400000","=IF(H991=H990,I991-I990,I991)",,,current,989,True,2682537910,121027611,True,True,True,True,True,1010,0.0,0.0,30.25,64.15,30.0,14.6,0,0,
"=A991+IF(H992=H991,I992-I991,I992)/86400000","=IF(H992=H991,I992-I991,I992)",,,current,990,True,2682537910,121328583,True,True,True,True,True,1009,0.0,0.0,30.24,64.24,30.0,14.6,0,0,
"=A992+IF(H993=H992,I993-I992,I993)/86400000","=IF(H993=H992,I993-I992,I993)",,,current,991,True,2682537910,121629556,True,True,True,True,True,1010,0.0,0.0,30.17,64.35,30.0,14.6,0,0,
"=A993+IF(H994=H993,I994-I993,I994)/86400000","=IF(H994=H993,I994-I993,I994)",,,current,992,True,2682537910,121930532,True,True,True,True,True,1010,0.0,0.0,30.15,64.35,30.0,14.5,0,0,
"=A994+IF(H995=H994,I995-I994,I995)/86400000","=IF(H995=H994,I995-I994,I995)",,,current,993,True,2682537910,122231509,True,True,True,True,True,1010,0.0,0.0,30.12,64.41,29.9,14.6,0,0,
"=A995+IF(H996=H995,I996-I995,I996)/86400000","=IF(H996=H995,I996-I995,I996)",,,current,994,True,2682537910,122532488,True,True,True,True,True,1010,0.0,0.0,30.11,64.46,29.9,14.6,0,0,
"=A996+IF(H997=H996,I997-I996,I997)/86400000","=IF(H997=H996,I997-I996,I997)",,,current,995,True,2682537910,122833468,True,True,True,True,True,1010,0.0,0.0,30.07,64.49,29.9,14.6,0,0,
"=A997+IF(H998=H997,I998-I997,I998)/86400000","=IF(H998=H997,I998-I997,I998)",,,current,996,True,2682537910,123134451,True,True,True,True,True,1010,0.0,0.0,30.04,64.57,29.9,14.5,0,0,
"=A998+IF(H999=H998,I999-I998,I999)/86400000","=IF(H999=H998,I999-I998,I999)",,,current,997,True,2682537910,123435436,True,True,True,True,True,1010,0.0,0.0,30.01,64.59,29.9,14.5,0,0,
"=A999+IF(H1000=H999,I1000-I999,I1000)/86400000","=IF(H1000=H999,I1000-I999,I1000)",,,current,998,True,2682537910,123736456,True,True,True,True,True,1010,0.0,0.0,29.99,64.66,29.9,14.6,0,0,
"=A1000+IF(H1001=H1000,I1001-I1000,I1001)/86400000","=IF(H1001=H1000,I1001-I1000,I1001)",,,current,999,True,2682537910,124037417,True,True,True,True,True,1010,0.0,0.0,29.98,64.65,29.9,14.5,0,0,
"=A1001+IF(H1002=H1001,I1002-I1001,I1002)/86400000","=IF(H1002=H1001,I1002-I1001,I1002)",,,current,1000,True,2682537910,124338380,True,True,True,True,True,1010,0.0,0.0,29.97,64.76,29.9,14.5,0,0,
"=A1002+IF(H1003=H1002,I1003-I1002,I1003)/86400000","=IF(H1003=H1002,I1003-I1002,I1003)",,,current,1001,True,2682537910,124639347,True,True,True,True,True,1010,0.0,0.0,29.93,64.78,29.9,14.6,0,0,
"=A1003+IF(H1004=H1003,I1004-I1003,I1004)/86400000","=IF(H1004=H1003,I1004-I1003,I1004)",,,current,1002,True,2682537910,124940315,True,True,True,True,True,1010,0.0,0.0,29.91,64.83,29.9,14.5,0,0,
"=A1004+IF(H1005=H1004,I1005-I1004,I1005)/86400000","=IF(H1005=H1004,I1005-I1004,I1005)",,,current,1003,True,2682537910,125241283,True,True,True,True,True,1010,0.0,0.0,29.85,64.83,29.9,14.5,0,0,
"=A1005+IF(H1006=H1005,I1006-I1005,I1006)/86400000","=IF(H1006=H1005,I1006-I1005,I1006)",,,current,1004,True,2682537910,125542253,True,True,True,True,True,1010,0.05,1.352,29.82,64.88,29.8,14.5,0,0,
"=A1006+IF(H1007=H1006,I1007-I1006,I1007)/86400000","=IF(H1007=H1006,I1007-I1006,I1007)",,,current,1005,True,2682537910,125843227,True,True,True,True,True,1010,0.0,0.0,29.76,64.96,29.8,14.5,0,0,
"=A1007+IF(H1008=H1007,I1008-I1007,I1008)/86400000","=IF(H1008=H1007,I1008-I1007,I1008)",,,current,1006,True,2682537910,126144202,True,True,True,True,True,1010,0.0,0.0,29.73,65.02,29.8,14.5,0,0,
"=A1008+IF(H1009=H1008,I1009-I1008,I1009)/86400000","=IF(H1009=H1008,I1009-I1008,I1009)",,,current,1007,True,2682537910,126445179,True,True,True,True,True,1010,0.0,0.0,29.68,65.03,29.8,14.5,0,0,
"=A1009+IF(H1010=H1009,I1010-I1009,I1010)/86400000","=IF(H1010=H1009,I1010-I1009,I1010)",,,current,1008,True,2682537910,126746158,True,True,True,True,True,1010,0.0,0.0,29.67,65.07,29.8,14.5,0,0,
"=A1010+IF(H1011=H1010,I1011-I1010,I1011)/86400000","=IF(H1011=H1010,I1011-I1010,I1011)",,,current,1009,True,2682537910,127047138,True,True,True,True,True,1010,0.0,0.0,29.66,65.14,29.8,14.5,0,0,
"=A1011+IF(H1012=H1011,I1012-I1011,I1012)/86400000","=IF(H1012=H1011,I1012-I1011,I1012)",,,current,1010,True,2682537910,127348121,True,True,True,True,True,1010,0.0,0.0,29.65,65.25,29.8,14.5,0,0,
"=A1012+IF(H1013=H1012,I1013-I1012,I1013)/86400000","=IF(H1013=H1012,I1013-I1012,I1013)",,,current,1011,True,2682537910,127649104,True,True,True,True,True,1010,0.0,0.0,29.64,65.23,29.8,14.4,0,0,
"=A1013+IF(H1014=H1013,I1014-I1013,I1014)/86400000","=IF(H1014=H1013,I1014-I1013,I1014)",,,current,1012,True,2682537910,127950088,True,True,True,True,True,1010,0.0,0.0,29.63,65.36,29.8,14.5,0,0,
"=A1014+IF(H1015=H1014,I1015-I1014,I1015)/86400000","=IF(H1015=H1014,I1015-I1014,I1015)",,,current,1013,True,2682537910,128251078,True,True,True,True,True,1010,0.0,0.0,29.59,65.37,29.8,14.5,0,0,
"=A1015+IF(H1016=H1015,I1016-I1015,I1016)/86400000","=IF(H1016=H1015,I1016-I1015,I1016)",,,current,1014,True,2682537910,128552100,True,True,True,True,True,1010,0.0,0.0,29.59,65.42,29.8,14.5,0,0,
"=A1016+IF(H1017=H1016,I1017-I1016,I1017)/86400000","=IF(H1017=H1016,I1017-I1016,I1017)",,,current,1015,True,2682537910,128853063,True,True,True,True,True,1010,0.0,0.0,29.54,65.51,29.7,14.5,0,0,
"=A1017+IF(H1018=H1017,I1018-I1017,I1018)/86400000","=IF(H1018=H1017,I1018-I1017,I1018)",,,current,1016,True,2682537910,129154029,True,True,True,True,True,1010,0.0,0.0,29.5,65.54,29.7,14.5,0,0,
"=A1018+IF(H1019=H1018,I1019-I1018,I1019)/86400000","=IF(H1019=H1018,I1019-I1018,I1019)",,,current,1017,True,2682537910,129454998,True,True,True,True,True,1010,0.0,0.0,29.49,65.6,29.7,14.5,0,0,
"=A1019+IF(H1020=H1019,I1020-I1019,I1020)/86400000","=IF(H1020=H1019,I1020-I1019,I1020)",,,current,1018,True,2682537910,129755971,True,True,True,True,True,1009,0.0,0.0,29.48,65.69,29.7,14.5,0,0,
"=A1020+IF(H1021=H1020,I1021-I1020,I1021)/86400000","=IF(H1021=H1020,I1021-I1020,I1021)",,,current,1019,True,2682537910,130056944,True,True,True,True,True,1010,0.0,0.0,29.45,65.71,29.7,14.5,0,0,
"=A1021+IF(H1022=H1021,I1022-I1021,I1022)/86400000","=IF(H1022=H1021,I1022-I1021,I1022)",,,current,1020,True,2682537910,130357917,True,True,True,True,True,1010,0.0,0.0,29.42,65.73,29.7,14.5,0,0,
"=A1022+IF(H1023=H1022,I1023-I1022,I1023)/86400000","=IF(H1023=H1022,I1023-I1022,I1023)",,,current,1021,True,2682537910,130658893,True,True,True,True,True,1010,0.0,0.0,29.41,65.85,29.7,14.5,0,0,
"=A1023+IF(H1024=H1023,I1024-I1023,I1024)/86400000","=IF(H1024=H1023,I1024-I1023,I1024)",,,current,1022,True,2682537910,130959871,True,True,True,True,True,1010,0.0,0.0,29.38,65.87,29.7,14.5,0,0,
"=A1024+IF(H1025=H1024,I1025-I1024,I1025)/86400000","=IF(H1025=H1024,I1025-I1024,I1025)",,,current,1023,True,2682537910,131260850,True,True,True,True,True,1010,0.0,0.0,29.34,65.95,29.7,14.5,0,0,
"=A1025+IF(H1026=H1025,I1026-I1025,I1026)/86400000","=IF(H1026=H1025,I1026-I1025,I1026)",,,current,1024,True,2682537910,131561831,True,True,True,True,True,1010,0.0,0.0,29.3,66.01,29.7,14.5,0,0,
"=A1026+IF(H1027=H1026,I1027-I1026,I1027)/86400000","=IF(H1027=H1026,I1027-I1026,I1027)",,,current,1025,True,2682537910,131862816,True,True,True,True,True,1010,0.0,0.0,29.27,66.02,29.7,14.4,0,0,
"=A1027+IF(H1028=H1027,I1028-I1027,I1028)/86400000","=IF(H1028=H1027,I1028-I1027,I1028)",,,current,1026,True,2682537910,132163803,True,True,True,True,True,1010,0.0,0.0,29.26,66.13,29.7,14.5,0,0,
"=A1028+IF(H1029=H1028,I1029-I1028,I1029)/86400000","=IF(H1029=H1028,I1029-I1028,I1029)",,,current,1027,True,2682537910,132464789,True,True,True,True,True,1010,0.0,0.0,29.27,66.12,29.7,14.5,0,0,
"=A1029+IF(H1030=H1029,I1030-I1029,I1030)/86400000","=IF(H1030=H1029,I1030-I1029,I1030)",,,current,1028,True,2682537910,132765776,True,True,True,True,True,1010,0.0,0.0,29.27,66.24,29.6,14.5,0,0,
"=A1030+IF(H1031=H1030,I1031-I1030,I1031)/86400000","=IF(H1031=H1030,I1031-I1030,I1031)",,,current,1029,True,2682537910,133066766,True,True,True,True,True,1010,0.0,0.0,29.29,66.3,29.6,14.5,0,0,
"=A1031+IF(H1032=H1031,I1032-I1031,I1032)/86400000","=IF(H1032=H1031,I1032-I1031,I1032)",,,current,1030,True,2682537910,133367792,True,True,True,True,True,1010,0.0,0.0,29.27,66.39,29.6,14.5,0,0,
"=A1032+IF(H1033=H1032,I1033-I1032,I1033)/86400000","=IF(H1033=H1032,I1033-I1032,I1033)",,,current,1031,True,2682537910,133668758,True,True,True,True,True,1010,0.0,0.0,29.25,66.44,29.6,14.5,0,0,
"=A1033+IF(H1034=H1033,I1034-I1033,I1034)/86400000","=IF(H1034=H1033,I1034-I1033,I1034)",,,current,1032,True,2682537910,133969728,True,True,True,True,True,1010,0.0,0.0,29.24,66.5,29.6,14.5,0,0,
"=A1034+IF(H1035=H1034,I1035-I1034,I1035)/86400000","=IF(H1035=H1034,I1035-I1034,I1035)",,,current,1033,True,2682537910,134270702,True,True,True,True,True,1010,0.0,0.0,29.19,66.57,29.6,14.5,0,0,
"=A1035+IF(H1036=H1035,I1036-I1035,I1036)/86400000","=IF(H1036=H1035,I1036-I1035,I1036)",,,current,1034,True,2682537910,134571677,True,True,True,True,True,1010,0.0,0.0,29.2,66.66,29.6,14.5,0,0,
"=A1036+IF(H1037=H1036,I1037-I1036,I1037)/86400000","=IF(H1037=H1036,I1037-I1036,I1037)",,,current,1035,True,2682537910,134872652,True,True,True,True,True,1010,0.0,0.0,29.18,66.67,29.6,14.5,0,0,
"=A1037+IF(H1038=H1037,I1038-I1037,I1038)/86400000","=IF(H1038=H1037,I1038-I1037,I1038)",,,current,1036,True,2682537910,135173631,True,True,True,True,True,1010,0.055,1.484,29.12,66.7,29.6,14.5,0,0,
"=A1038+IF(H1039=H1038,I1039-I1038,I1039)/86400000","=IF(H1039=H1038,I1039-I1038,I1039)",,,current,1037,True,2682537910,135474610,True,True,True,True,True,1010,0.0,0.0,29.11,66.79,29.6,14.5,0,0,
"=A1039+IF(H1040=H1039,I1040-I1039,I1040)/86400000","=IF(H1040=H1039,I1040-I1039,I1040)",,,current,1038,True,2682537910,135775593,True,True,True,True,True,1010,0.0,0.0,29.08,66.81,29.6,14.5,0,0,
"=A1040+IF(H1041=H1040,I1041-I1040,I1041)/86400000","=IF(H1041=H1040,I1041-I1040,I1041)",,,current,1039,True,2682537910,136076577,True,True,True,True,True,1010,0.0,0.0,29.06,66.92,29.6,14.5,0,0,
"=A1041+IF(H1042=H1041,I1042-I1041,I1042)/86400000","=IF(H1042=H1041,I1042-I1041,I1042)",,,current,1040,True,2682537910,136377561,True,True,True,True,True,1010,0.004,0.099,29.05,66.94,29.6,14.5,0,0,
"=A1042+IF(H1043=H1042,I1043-I1042,I1043)/86400000","=IF(H1043=H1042,I1043-I1042,I1043)",,,current,1041,True,2682537910,136678546,True,True,True,True,True,1010,0.0,0.0,29.04,67.06,29.6,14.5,0,0,
"=A1043+IF(H1044=H1043,I1044-I1043,I1044)/86400000","=IF(H1044=H1043,I1044-I1043,I1044)",,,current,1042,True,2682537910,136979536,True,True,True,True,True,1010,0.0,0.0,29.02,67.08,29.5,14.5,0,0,
"=A1044+IF(H1045=H1044,I1045-I1044,I1045)/86400000","=IF(H1045=H1044,I1045-I1044,I1045)",,,current,1043,True,2682537910,137280542,True,True,True,True,True,1010,0.0,0.0,28.99,67.16,29.5,14.5,0,0,
"=A1045+IF(H1046=H1045,I1046-I1045,I1046)/86400000","=IF(H1046=H1045,I1046-I1045,I1046)",,,current,1044,True,2682537910,137581520,True,True,True,True,True,1010,0.0,0.0,28.99,67.2,29.5,14.5,0,0,
"=A1046+IF(H1047=H1046,I1047-I1046,I1047)/86400000","=IF(H1047=H1046,I1047-I1046,I1047)",,,current,1045,True,2682537910,137882500,True,True,True,True,True,1010,0.0,0.0,28.98,67.28,29.5,14.5,0,0,
"=A1047+IF(H1048=H1047,I1048-I1047,I1048)/86400000","=IF(H1048=H1047,I1048-I1047,I1048)",,,current,1046,True,2682537910,138183514,True,True,True,True,True,1010,0.0,0.0,28.95,67.35,29.5,14.5,0,0,
"=A1048+IF(H1049=H1048,I1049-I1048,I1049)/86400000","=IF(H1049=H1048,I1049-I1048,I1049)",,,current,1047,True,2682537910,138484470,True,True,True,True,True,1010,0.0,0.0,28.94,67.43,29.5,14.5,0,1,
"=A1049+IF(H1050=H1049,I1050-I1049,I1050)/86400000","=IF(H1050=H1049,I1050-I1049,I1050)",,,current,1048,True,2682537910,138785429,True,True,True,True,True,1010,0.0,0.0,28.97,67.5,29.5,14.5,1,2,
"=A1050+IF(H1051=H1050,I1051-I1050,I1051)/86400000","=IF(H1051=H1050,I1051-I1050,I1051)",,,current,1049,True,2682537910,139086392,True,True,True,True,True,1010,0.0,0.0,28.97,67.56,29.5,14.5,1,3,
"=A1051+IF(H1052=H1051,I1052-I1051,I1052)/86400000","=IF(H1052=H1051,I1052-I1051,I1052)",,,current,1050,True,2682537910,139387354,True,True,True,True,True,1010,0.0,0.0,28.98,67.64,29.5,14.5,1,4,
"=A1052+IF(H1053=H1052,I1053-I1052,I1053)/86400000","=IF(H1053=H1052,I1053-I1052,I1053)",,,current,1051,True,2682537910,139688321,True,True,True,True,True,1010,0.0,0.0,29.05,67.73,29.5,14.5,1,6,
"=A1053+IF(H1054=H1053,I1054-I1053,I1054)/86400000","=IF(H1054=H1053,I1054-I1053,I1054)",,,current,1052,True,2682537910,139989289,True,True,True,True,True,1010,0.0,0.0,29.09,67.82,29.5,14.5,1,7,
"=A1054+IF(H1055=H1054,I1055-I1054,I1055)/86400000","=IF(H1055=H1054,I1055-I1054,I1055)",,,current,1053,True,2682537910,140290257,True,True,True,True,True,1009,0.0,0.0,29.16,67.88,29.5,14.5,2,8,
"=A1055+IF(H1056=H1055,I1056-I1055,I1056)/86400000","=IF(H1056=H1055,I1056-I1055,I1056)",,,current,1054,True,2682537910,140591228,True,True,True,True,True,1011,0.0,0.0,29.23,67.99,29.5,14.5,2,10,
"=A1056+IF(H1057=H1056,I1057-I1056,I1057)/86400000","=IF(H1057=H1056,I1057-I1056,I1057)",,,current,1055,True,2682537910,140892201,True,True,True,True,True,1011,0.0,0.0,29.3,68.03,29.5,14.4,2,11,
"=A1057+IF(H1058=H1057,I1058-I1057,I1058)/86400000","=IF(H1058=H1057,I1058-I1057,I1058)",,,current,1056,True,2682537910,141193174,True,True,True,True,True,1011,0.0,0.0,29.39,68.16,29.5,14.5,2,13,
"=A1058+IF(H1059=H1058,I1059-I1058,I1059)/86400000","=IF(H1059=H1058,I1059-I1058,I1059)",,,current,1057,True,2682537910,141494152,True,True,True,True,True,1011,0.0,0.0,29.49,68.21,29.5,14.5,3,16,
"=A1059+IF(H1060=H1059,I1060-I1059,I1060)/86400000","=IF(H1060=H1059,I1060-I1059,I1060)",,,current,1058,True,2682537910,141795129,True,True,True,True,True,1011,0.0,0.0,29.6,68.33,29.5,14.5,4,18,
"=A1060+IF(H1061=H1060,I1061-I1060,I1061)/86400000","=IF(H1061=H1060,I1061-I1060,I1061)",,,current,1059,True,2682537910,142096110,True,True,True,True,True,1011,0.0,0.0,29.71,68.43,29.5,14.5,4,20,
"=A1061+IF(H1062=H1061,I1062-I1061,I1062)/86400000","=IF(H1062=H1061,I1062-I1061,I1062)",,,current,1060,True,2682537910,142397090,True,True,True,True,True,1011,0.0,0.0,29.86,68.55,29.5,14.5,4,21,
"=A1062+IF(H1063=H1062,I1063-I1062,I1063)/86400000","=IF(H1063=H1062,I1063-I1062,I1063)",,,current,1061,True,2682537910,142698073,True,True,True,True,True,1011,0.0,0.0,30.01,68.64,29.6,14.5,5,24,
"=A1063+IF(H1064=H1063,I1064-I1063,I1064)/86400000","=IF(H1064=H1063,I1064-I1063,I1064)",,,current,1062,True,2682537910,142999087,True,True,True,True,True,1011,0.0,0.0,30.13,68.79,29.6,14.5,6,29,
"=A1064+IF(H1065=H1064,I1065-I1064,I1065)/86400000","=IF(H1065=H1064,I1065-I1064,I1065)",,,current,1063,True,2682537910,143300046,True,True,True,True,True,1011,0.065,1.747,30.29,68.86,29.6,14.5,6,31,
"=A1065+IF(H1066=H1065,I1066-I1065,I1066)/86400000","=IF(H1066=H1065,I1066-I1065,I1066)",,,current,1064,True,2682537910,143601007,True,True,True,True,True,1011,0.0,0.0,30.48,68.99,29.6,14.5,7,34,
"=A1066+IF(H1067=H1066,I1067-I1066,I1067)/86400000","=IF(H1067=H1066,I1067-I1066,I1067)",,,current,1065,True,2682537910,143901970,True,True,True,True,True,1011,0.0,0.0,30.64,69.12,29.6,14.5,8,35,
"=A1067+IF(H1068=H1067,I1068-I1067,I1068)/86400000","=IF(H1068=H1067,I1068-I1067,I1068)",,,current,1066,True,2682537910,144202934,True,True,True,True,True,1011,0.0,0.0,30.81,69.25,29.6,14.5,8,37,
"=A1068+IF(H1069=H1068,I1069-I1068,I1069)/86400000","=IF(H1069=H1068,I1069-I1068,I1069)",,,current,1067,True,2682537910,144503902,True,True,True,True,True,1011,0.0,0.0,30.99,69.35,29.6,14.5,8,39,
"=A1069+IF(H1070=H1069,I1070-I1069,I1070)/86400000","=IF(H1070=H1069,I1070-I1069,I1070)",,,current,1068,True,2682537910,144804872,True,True,True,True,True,1011,0.0,0.0,31.12,69.46,29.7,14.5,7,33,
"=A1070+IF(H1071=H1070,I1071-I1070,I1071)/86400000","=IF(H1071=H1070,I1071-I1070,I1071)",,,current,1069,True,2682537910,145105844,True,True,True,True,True,1011,0.0,0.0,31.16,69.57,29.7,14.5,6,31,
"=A1071+IF(H1072=H1071,I1072-I1071,I1072)/86400000","=IF(H1072=H1071,I1072-I1071,I1072)",,,current,1070,True,2682537910,145406816,True,True,True,True,True,1011,0.0,0.0,31.16,69.61,29.7,14.5,7,35,
"=A1072+IF(H1073=H1072,I1073-I1072,I1073)/86400000","=IF(H1073=H1072,I1073-I1072,I1073)",,,current,1071,True,2682537910,145707791,True,True,True,True,True,1011,0.0,0.0,31.26,69.68,29.7,14.5,7,34,
"=A1073+IF(H1074=H1073,I1074-I1073,I1074)/86400000","=IF(H1074=H1073,I1074-I1073,I1074)",,,current,1072,True,2682537910,146008768,True,True,True,True,True,1011,0.0,0.0,31.32,69.77,29.7,14.5,6,34,
"=A1074+IF(H1075=H1074,I1075-I1074,I1075)/86400000","=IF(H1075=H1074,I1075-I1074,I1075)",,,current,1073,True,2682537910,146309745,True,True,True,True,True,1011,0.0,0.0,31.37,69.79,29.7,14.5,6,35,
"=A1075+IF(H1076=H1075,I1076-I1075,I1076)/86400000","=IF(H1076=H1075,I1076-I1075,I1076)",,,current,1074,True,2682537910,146610724,True,True,True,True,True,1011,0.0,0.0,31.42,69.83,29.8,14.5,7,38,
"=A1076+IF(H1077=H1076,I1077-I1076,I1077)/86400000","=IF(H1077=H1076,I1077-I1076,I1077)",,,current,1075,True,2682537910,146911705,True,True,True,True,True,1011,0.0,0.0,31.49,69.94,29.8,14.5,8,41,
"=A1077+IF(H1078=H1077,I1078-I1077,I1078)/86400000","=IF(H1078=H1077,I1078-I1077,I1078)",,,current,1076,True,2682537910,147212688,True,True,True,True,True,1011,0.0,0.0,31.62,70.01,29.8,14.5,8,44,
"=A1078+IF(H1079=H1078,I1079-I1078,I1079)/86400000","=IF(H1079=H1078,I1079-I1078,I1079)",,,current,1077,True,2682537910,147513672,True,True,True,True,True,1011,0.001,0.033,31.8,70.11,29.8,14.5,8,43,
"=A1079+IF(H1080=H1079,I1080-I1079,I1080)/86400000","=IF(H1080=H1079,I1080-I1079,I1080)",,,current,1078,True,2682537910,147814691,True,True,True,True,True,1011,0.0,0.0,31.91,70.21,29.8,14.5,8,45,
"=A1080+IF(H1081=H1080,I1081-I1080,I1081)/86400000","=IF(H1081=H1080,I1081-I1080,I1081)",,,current,1079,True,2682537910,148115655,True,True,True,True,True,1011,0.0,0.0,32.01,70.28,29.8,14.5,9,47,
"=A1081+IF(H1082=H1081,I1082-I1081,I1082)/86400000","=IF(H1082=H1081,I1082-I1081,I1082)",,,current,1080,True,2682537910,148416619,True,True,True,True,True,1011,0.0,0.0,32.13,70.31,29.8,14.5,9,51,
"=A1082+IF(H1083=H1082,I1083-I1082,I1083)/86400000","=IF(H1083=H1082,I1083-I1082,I1083)",,,current,1081,True,2682537910,148717585,True,True,True,True,True,1011,0.0,0.0,32.31,70.43,29.8,14.4,10,56,
"=A1083+IF(H1084=H1083,I1084-I1083,I1084)/86400000","=IF(H1084=H1083,I1084-I1083,I1084)",,,current,1082,True,2682537910,149018552,True,True,True,True,True,1011,0.013,0.363,32.47,70.56,29.7,14.5,11,61,
"=A1084+IF(H1085=H1084,I1085-I1084,I1085)/86400000","=IF(H1085=H1084,I1085-I1084,I1085)",,,current,1083,True,2682537910,149319522,True,True,True,True,True,1011,0.0,0.0,32.6,70.61,29.7,14.5,12,66,
"=A1085+IF(H1086=H1085,I1086-I1085,I1086)/86400000","=IF(H1086=H1085,I1086-I1085,I1086)",,,current,1084,True,2682537910,149620493,True,True,True,True,True,1011,0.0,0.0,32.78,70.62,29.8,14.5,13,73,
"=A1086+IF(H1087=H1086,I1087-I1086,I1087)/86400000","=IF(H1087=H1086,I1087-I1086,I1087)",,,current,1085,True,2682537910,149921467,True,True,True,True,True,1011,0.0,0.0,32.94,70.72,29.8,14.4,15,84,
"=A1087+IF(H1088=H1087,I1088-I1087,I1088)/86400000","=IF(H1088=H1087,I1088-I1087,I1088)",,,current,1086,True,2682537910,150222441,True,True,True,True,True,1011,0.0,0.0,33.11,70.73,29.8,14.4,17,95,
"=A1088+IF(H1089=H1088,I1089-I1088,I1089)/86400000","=IF(H1089=H1088,I1089-I1088,I1089)",,,current,1087,True,2682537910,150523418,True,True,True,True,True,1011,0.0,0.0,33.38,70.82,29.8,14.4,19,109,
"=A1089+IF(H1090=H1089,I1090-I1089,I1090)/86400000","=IF(H1090=H1089,I1090-I1089,I1090)",,,current,1088,True,2682537910,150824395,True,True,True,True,True,1011,0.0,0.0,33.67,70.86,29.8,14.5,27,119,
"=A1090+IF(H1091=H1090,I1091-I1090,I1091)/86400000","=IF(H1091=H1090,I1091-I1090,I1091)",,,current,1089,True,2682537910,151125376,True,True,True,True,True,1011,0.0,0.0,33.94,70.93,29.9,14.4,54,833,
"=A1091+IF(H1092=H1091,I1092-I1091,I1092)/86400000","=IF(H1092=H1091,I1092-I1091,I1092)",,,current,1090,True,2682537910,151426357,True,True,True,True,True,1011,0.0,0.0,34.84,70.91,29.9,14.5,117,858,
"=A1092+IF(H1093=H1092,I1093-I1092,I1093)/86400000","=IF(H1093=H1092,I1093-I1092,I1093)",,,current,1091,True,2682537910,151727341,True,True,True,True,True,1012,0.0,0.0,38.47,71.4,29.9,14.6,143,875,
"=A1093+IF(H1094=H1093,I1094-I1093,I1094)/86400000","=IF(H1094=H1093,I1094-I1093,I1094)",,,current,1092,True,2682537910,152028326,True,True,True,True,True,1012,0.0,0.0,41.52,71.93,30.1,14.7,154,863,
"=A1094+IF(H1095=H1094,I1095-I1094,I1095)/86400000","=IF(H1095=H1094,I1095-I1094,I1095)",,,current,1093,True,2682537910,152329314,True,True,True,True,True,1012,0.0,0.0,43.7,72.14,30.3,14.7,171,902,
"=A1095+IF(H1096=H1095,I1096-I1095,I1096)/86400000","=IF(H1096=H1095,I1096-I1095,I1096)",,,current,1094,True,2682537910,152630335,True,True,True,True,True,1012,0.0,0.0,44.34,72.01,30.5,14.7,180,910,
"=A1096+IF(H1097=H1096,I1097-I1096,I1097)/86400000","=IF(H1097=H1096,I1097-I1096,I1097)",,,current,1095,True,2682537910,152931299,True,True,True,True,True,1011,0.07,1.879,44.03,71.64,30.6,14.7,187,927,
"=A1097+IF(H1098=H1097,I1098-I1097,I1098)/86400000","=IF(H1098=H1097,I1098-I1097,I1098)",,,current,1096,True,2682537910,153232263,True,True,True,True,True,1011,0.0,0.0,43.49,71.03,30.7,14.7,186,929,
"=A1098+IF(H1099=H1098,I1099-I1098,I1099)/86400000","=IF(H1099=H1098,I1099-I1098,I1099)",,,current,1097,True,2682537910,153533232,True,True,True,True,True,1012,0.0,0.0,44.72,70.56,30.8,14.6,187,937,
"=A1099+IF(H1100=H1099,I1100-I1099,I1100)/86400000","=IF(H1100=H1099,I1100-I1099,I1100)",,,current,1098,True,2682537910,153834202,True,True,True,True,True,1012,0.0,0.0,46.48,70.28,31.0,14.7,186,932,
"=A1100+IF(H1101=H1100,I1101-I1100,I1101)/86400000","=IF(H1101=H1100,I1101-I1100,I1101)",,,current,1099,True,2682537910,154135173,True,True,True,True,True,1012,0.0,0.0,46.85,69.8,31.1,14.6,189,953,
"=A1101+IF(H1102=H1101,I1102-I1101,I1102)/86400000","=IF(H1102=H1101,I1102-I1101,I1102)",,,current,1100,True,2682537910,154436145,True,True,True,True,True,1012,0.0,0.0,47.02,69.23,31.2,14.7,186,952,
"=A1102+IF(H1103=H1102,I1103-I1102,I1103)/86400000","=IF(H1103=H1102,I1103-I1102,I1103)",,,current,1101,True,2682537910,154737122,True,True,True,True,True,1011,0.084,2.275,46.57,68.66,31.3,14.6,181,934,
"=A1103+IF(H1104=H1103,I1104-I1103,I1104)/86400000","=IF(H1104=H1103,I1104-I1103,I1104)",,,current,1102,True,2682537910,155038098,True,True,True,True,True,1011,0.0,0.0,45.52,67.91,31.4,14.5,184,963,
"=A1104+IF(H1105=H1104,I1105-I1104,I1105)/86400000","=IF(H1105=H1104,I1105-I1104,I1105)",,,current,1103,True,2682537910,155339079,True,True,True,True,True,1011,0.0,0.0,45.36,67.22,31.4,14.5,180,957,
"=A1105+IF(H1106=H1105,I1106-I1105,I1106)/86400000","=IF(H1106=H1105,I1106-I1105,I1106)",,,current,1104,True,2682537910,155640060,True,True,True,True,True,1011,0.078,2.11,46.52,66.86,31.5,14.5,175,941,
"=A1106+IF(H1107=H1106,I1107-I1106,I1107)/86400000","=IF(H1107=H1106,I1107-I1106,I1107)",,,current,1105,True,2682537910,155941042,True,True,True,True,True,1011,0.01,0.264,44.99,66.3,31.5,14.5,175,978,
"=A1107+IF(H1108=H1107,I1108-I1107,I1108)/86400000","=IF(H1108=H1107,I1108-I1107,I1108)",,,current,1106,True,2682537910,156242025,True,True,True,True,True,1011,0.0,0.0,46.07,65.85,31.6,14.5,164,286,
"=A1108+IF(H1109=H1108,I1109-I1108,I1109)/86400000","=IF(H1109=H1108,I1109-I1108,I1109)",,,current,1107,True,2682537910,156543011,True,True,True,True,True,1012,0.0,0.0,47.27,65.49,31.8,14.5,169,165,
"=A1109+IF(H1110=H1109,I1110-I1109,I1110)/86400000","=IF(H1110=H1109,I1110-I1109,I1110)",,,current,1108,True,2682537910,156843999,True,True,True,True,True,1011,0.17,4.582,45.87,65.08,31.8,14.5,162,152,
"=A1110+IF(H1111=H1110,I1111-I1110,I1111)/86400000","=IF(H1111=H1110,I1111-I1110,I1111)",,,current,1109,True,2682537910,157144990,True,True,True,True,True,1011,0.0,0.0,45.79,64.23,31.8,14.5,160,148,
"=A1111+IF(H1112=H1111,I1112-I1111,I1112)/86400000","=IF(H1112=H1111,I1112-I1111,I1112)",,,current,1110,True,2682537910,157446014,True,True,True,True,True,1011,0.044,1.187,45.47,63.88,31.9,14.4,153,142,
"=A1112+IF(H1113=H1112,I1113-I1112,I1113)/86400000","=IF(H1113=H1112,I1113-I1112,I1113)",,,current,1111,True,2682537910,157746984,True,True,True,True,True,1011,0.0,0.0,44.37,63.14,31.8,14.3,149,139,
"=A1113+IF(H1114=H1113,I1114-I1113,I1114)/86400000","=IF(H1114=H1113,I1114-I1113,I1114)",,,current,1112,True,2682537910,158047954,True,True,True,True,True,1011,0.0,0.0,45.5,62.94,31.9,14.3,132,303,
"=A1114+IF(H1115=H1114,I1115-I1114,I1115)/86400000","=IF(H1115=H1114,I1115-I1114,I1115)",,,current,1113,True,2682537910,158348927,True,True,True,True,True,1011,0.067,1.813,44.82,62.65,31.9,14.4,133,135,
"=A1115+IF(H1116=H1115,I1116-I1115,I1116)/86400000","=IF(H1116=H1115,I1116-I1115,I1116)",,,current,1114,True,2682537910,158649902,True,True,True,True,True,1011,0.0,0.0,44.11,61.98,31.9,14.3,120,157,
"=A1116+IF(H1117=H1116,I1117-I1116,I1117)/86400000","=IF(H1117=H1116,I1117-I1116,I1117)",,,current,1115,True,2682537910,158950880,True,True,True,True,True,1011,0.0,0.0,43.68,61.66,32.0,14.2,114,136,
"=A1117+IF(H1118=H1117,I1118-I1117,I1118)/86400000","=IF(H1118=H1117,I1118-I1117,I1118)",,,current,1116,True,2682537910,159251858,True,True,True,True,True,1011,0.0,0.0,42.08,61.0,31.9,14.2,109,241,
"=A1118+IF(H1119=H1118,I1119-I1118,I1119)/86400000","=IF(H1119=H1118,I1119-I1118,I1119)",,,current,1117,True,2682537910,159552838,True,True,True,True,True,1011,0.0,0.0,41.34,60.45,32.0,14.2,104,686,
"=A1119+IF(H1120=H1119,I1120-I1119,I1120)/86400000","=IF(H1120=H1119,I1120-I1119,I1120)",,,current,1118,True,2682537910,159853818,True,True,True,True,True,1011,0.0,0.0,40.94,60.17,32.0,14.2,98,639,
"=A1120+IF(H1121=H1120,I1121-I1120,I1121)/86400000","=IF(H1121=H1120,I1121-I1120,I1121)",,,current,1119,True,2682537910,160154802,True,True,True,True,True,1011,0.105,2.835,40.23,59.76,32.0,14.1,96,153,
"=A1121+IF(H1122=H1121,I1122-I1121,I1122)/86400000","=IF(H1122=H1121,I1122-I1121,I1122)",,,current,1120,True,2682537910,160455786,True,True,True,True,True,1011,0.067,1.813,39.26,59.33,31.8,14.1,90,124,
"=A1122+IF(H1123=H1122,I1123-I1122,I1123)/86400000","=IF(H1123=H1122,I1123-I1122,I1123)",,,current,1121,True,2682537910,160756774,True,True,True,True,True,1011,0.087,2.341,39.34,59.09,31.8,14.0,84,125,
"=A1123+IF(H1124=H1123,I1124-I1123,I1124)/86400000","=IF(H1124=H1123,I1124-I1123,I1124)",,,current,1122,True,2682537910,161057761,True,True,True,True,True,1011,0.103,2.769,39.14,58.95,31.9,14.0,84,261,
"=A1124+IF(H1125=H1124,I1125-I1124,I1125)/86400000","=IF(H1125=H1124,I1125-I1124,I1125)",,,current,1123,True,2682537910,161358765,True,True,True,True,True,1011,0.0,0.0,38.96,58.72,31.8,13.9,81,121,
"=A1125+IF(H1126=H1125,I1126-I1125,I1126)/86400000","=IF(H1126=H1125,I1126-I1125,I1126)",,,current,1124,True,2682537910,161659746,True,True,True,True,True,1011,0.09,2.44,39.33,58.66,31.9,13.9,79,122,
"=A1126+IF(H1127=H1126,I1127-I1126,I1127)/86400000","=IF(H1127=H1126,I1127-I1126,I1127)",,,current,1125,True,2682537910,161960725,True,True,True,True,True,1011,0.126,3.396,39.03,58.48,31.9,13.8,74,210,
"=A1127+IF(H1128=H1127,I1128-I1127,I1128)/86400000","=IF(H1128=H1127,I1128-I1127,I1128)",,,current,1126,True,2682537910,162261738,True,True,True,True,True,1011,0.189,5.11,38.58,58.22,31.8,13.8,71,118,
"=A1128+IF(H1129=H1128,I1129-I1128,I1129)/86400000","=IF(H1129=H1128,I1129-I1128,I1129)",,,current,1127,True,2682537910,162562694,True,True,True,True,True,1011,0.024,0.659,38.57,58.07,31.8,13.7,71,115,
"=A1129+IF(H1130=H1129,I1130-I1129,I1130)/86400000","=IF(H1130=H1129,I1130-I1129,I1130)",,,current,1128,True,2682537910,162863654,True,True,True,True,True,1011,0.0,0.0,38.59,58.0,31.8,13.8,67,114,
"=A1130+IF(H1131=H1130,I1131-I1130,I1131)/86400000","=IF(H1131=H1130,I1131-I1130,I1131)",,,current,1129,True,2682537910,163164613,True,True,True,True,True,1010,0.067,1.813,38.48,57.82,31.8,13.8,64,116,
"=A1131+IF(H1132=H1131,I1132-I1131,I1132)/86400000","=IF(H1132=H1131,I1132-I1131,I1132)",,,current,1130,True,2682537910,163465576,True,True,True,True,True,1011,0.133,3.593,38.41,57.7,31.8,13.7,60,190,
"=A1132+IF(H1133=H1132,I1133-I1132,I1133)/86400000","=IF(H1133=H1132,I1133-I1132,I1133)",,,current,1131,True,2682537910,163766540,True,True,True,True,True,1011,0.109,2.934,37.99,57.49,31.7,13.7,56,191,
"=A1133+IF(H1134=H1133,I1134-I1133,I1134)/86400000","=IF(H1134=H1133,I1134-I1133,I1134)",,,current,1132,True,2682537910,164067507,True,True,True,True,True,1010,0.368,9.923,38.04,57.3,31.8,13.7,53,124,
"=A1134+IF(H1135=H1134,I1135-I1134,I1135)/86400000","=IF(H1135=H1134,I1135-I1134,I1135)",,,current,1133,True,2682537910,164368475,True,True,True,True,True,1010,0.131,3.527,37.76,57.13,31.7,13.7,54,118,
"=A1135+IF(H1136=H1135,I1136-I1135,I1136)/86400000","=IF(H1136=H1135,I1136-I1135,I1136)",,,current,1134,True,2682537910,164669446,True,True,True,True,True,1010,0.007,0.198,38.01,57.1,31.7,13.7,51,115,
"=A1136+IF(H1137=H1136,I1137-I1136,I1137)/86400000","=IF(H1137=H1136,I1137-I1136,I1137)",,,current,1135,True,2682537910,164970417,True,True,True,True,True,1010,0.0,0.0,38.43,57.12,31.8,13.6,51,114,
"=A1137+IF(H1138=H1137,I1138-I1137,I1138)/86400000","=IF(H1138=H1137,I1138-I1137,I1138)",,,current,1136,True,2682537910,165271393,True,True,True,True,True,1010,0.0,0.0,38.78,57.12,31.9,13.6,49,113,
"=A1138+IF(H1139=H1138,I1139-I1138,I1139)/86400000","=IF(H1139=H1138,I1139-I1138,I1139)",,,current,1137,True,2682537910,165572366,True,True,True,True,True,1010,0.0,0.0,39.14,57.08,32.0,13.6,49,114,
"=A1139+IF(H1140=H1139,I1140-I1139,I1140)/86400000","=IF(H1140=H1139,I1140-I1139,I1140)",,,current,1138,True,2682537910,165873344,True,True,True,True,True,1010,0.0,0.0,39.34,57.05,32.1,13.6,48,115,
"=A1140+IF(H1141=H1140,I1141-I1140,I1141)/86400000","=IF(H1141=H1140,I1141-I1140,I1141)",,,current,1139,True,2682537910,166174322,True,True,True,True,True,1010,0.04,1.088,39.19,56.95,32.1,13.6,47,116,
"=A1141+IF(H1142=H1141,I1142-I1141,I1142)/86400000","=IF(H1142=H1141,I1142-I1141,I1142)",,,current,1140,True,2682537910,166475303,True,True,True,True,True,1010,0.106,2.868,38.47,56.72,32.0,13.5,45,118,
"=A1142+IF(H1143=H1142,I1143-I1142,I1143)/86400000","=IF(H1143=H1142,I1143-I1142,I1143)",,,current,1141,True,2682537910,166776283,True,True,True,True,True,1010,0.121,3.264,37.83,56.36,31.9,13.8,46,338,
"=A1143+IF(H1144=H1143,I1144-I1143,I1144)/86400000","=IF(H1144=H1143,I1144-I1143,I1144)",,,current,1142,True,2682537910,167077300,True,True,True,True,True,1010,0.109,2.934,37.96,56.29,31.9,13.7,44,166,
"=A1144+IF(H1145=H1144,I1145-I1144,I1145)/86400000","=IF(H1145=H1144,I1145-I1144,I1145)",,,current,1143,True,2682537910,167378258,True,True,True,True,True,1010,0.0,0.0,37.94,56.16,31.8,13.7,44,197,
"=A1145+IF(H1146=H1145,I1146-I1145,I1146)/86400000","=IF(H1146=H1145,I1146-I1145,I1146)",,,current,1144,True,2682537910,167679220,True,True,True,True,True,1010,0.085,2.308,38.23,56.21,31.9,13.7,44,120,
"=A1146+IF(H1147=H1146,I1147-I1146,I1147)/86400000","=IF(H1147=H1146,I1147-I1146,I1147)",,,current,1145,True,2682537910,167980182,True,True,True,True,True,1010,0.176,4.747,37.94,56.09,31.8,13.7,42,241,
"=A1147+IF(H1148=H1147,I1148-I1147,I1148)/86400000","=IF(H1148=H1147,I1148-I1147,I1148)",,,current,1146,True,2682537910,168281148,True,True,True,True,True,1010,0.077,2.077,37.87,55.95,31.8,13.6,42,114,
"=A1148+IF(H1149=H1148,I1149-I1148,I1149)/86400000","=IF(H1149=H1148,I1149-I1148,I1149)",,,current,1147,True,2682537910,168582116,True,True,True,True,True,1010,0.0,0.0,37.77,55.84,31.8,13.6,41,114,
"=A1149+IF(H1150=H1149,I1150-I1149,I1150)/86400000","=IF(H1150=H1149,I1150-I1149,I1150)",,,current,1148,True,2682537910,168883086,True,True,True,True,True,1010,0.083,2.242,37.77,55.78,31.8,13.6,40,109,
"=A1150+IF(H1151=H1150,I1151-I1150,I1151)/86400000","=IF(H1151=H1150,I1151-I1150,I1151)",,,current,1149,True,2682537910,169184056,True,True,True,True,True,1010,0.072,1.945,37.93,55.67,31.8,13.6,38,112,
"=A1151+IF(H1152=H1151,I1152-I1151,I1152)/86400000","=IF(H1152=H1151,I1152-I1151,I1152)",,,current,1150,True,2682537910,169485029,True,True,True,True,True,1010,0.065,1.747,37.4,55.52,31.8,13.7,37,121,
"=A1152+IF(H1153=H1152,I1153-I1152,I1153)/86400000","=IF(H1153=H1152,I1153-I1152,I1153)",,,current,1151,True,2682537910,169786004,True,True,True,True,True,1010,0.171,4.615,37.47,55.4,31.7,13.6,35,134,
"=A1153+IF(H1154=H1153,I1154-I1153,I1154)/86400000","=IF(H1154=H1153,I1154-I1153,I1154)",,,current,1152,True,2682537910,170086979,True,True,True,True,True,1010,0.0,0.0,37.85,55.37,31.7,13.7,36,313,
"=A1154+IF(H1155=H1154,I1155-I1154,I1155)/86400000","=IF(H1155=H1154,I1155-I1154,I1155)",,,current,1153,True,2682537910,170387957,True,True,True,True,True,1010,0.0,0.0,38.5,55.49,31.8,13.6,36,120,
"=A1155+IF(H1156=H1155,I1156-I1155,I1156)/86400000","=IF(H1156=H1155,I1156-I1155,I1156)",,,current,1154,True,2682537910,170688938,True,True,True,True,True,1010,0.0,0.0,38.89,55.46,31.9,13.7,37,112,
"=A1156+IF(H1157=H1156,I1157-I1156,I1157)/86400000","=IF(H1157=H1156,I1157-I1156,I1157)",,,current,1155,True,2682537910,170989918,True,True,True,True,True,1010,0.083,2.242,39.02,55.47,32.0,13.7,36,112,
"=A1157+IF(H1158=H1157,I1158-I1157,I1158)/86400000","=IF(H1158=H1157,I1158-I1157,I1158)",,,current,1156,True,2682537910,171290900,True,True,True,True,True,1010,0.126,3.396,38.45,55.24,31.9,13.6,36,110,
"=A1158+IF(H1159=H1158,I1159-I1158,I1159)/86400000","=IF(H1159=H1158,I1159-I1158,I1159)",,,current,1157,True,2682537910,171591888,True,True,True,True,True,1010,0.0,0.0,37.76,54.93,31.8,13.6,37,110,
"=A1159+IF(H1160=H1159,I1160-I1159,I1160)/86400000","=IF(H1160=H1159,I1160-I1159,I1160)",,,current,1158,True,2682537910,171892909,True,True,True,True,True,1010,0.0,0.0,37.79,54.78,31.7,13.6,37,110,
"=A1160+IF(H1161=H1160,I1161-I1160,I1161)/86400000","=IF(H1161=H1160,I1161-I1160,I1161)",,,current,1159,True,2682537910,172193869,True,True,True,True,True,1010,0.195,5.275,37.28,54.65,31.7,13.6,41,109,
"=A1161+IF(H1162=H1161,I1162-I1161,I1162)/86400000","=IF(H1162=H1161,I1162-I1161,I1162)",,,current,1160,True,2682537910,172494832,True,True,True,True,True,1010,0.076,2.044,37.03,54.32,31.7,13.5,39,108,
"=A1162+IF(H1163=H1162,I1163-I1162,I1163)/86400000","=IF(H1163=H1162,I1163-I1162,I1163)",,,current,1161,True,2682537910,172795796,True,True,True,True,True,1009,0.0,0.0,36.71,54.15,31.7,13.5,37,114,
"=A1163+IF(H1164=H1163,I1164-I1163,I1164)/86400000","=IF(H1164=H1163,I1164-I1163,I1164)",设备重启,bootSessionId 变化，uptime 重置,current,1162,True,2311811481,1341,True,True,True,True,True,1010,0.026,0.692,36.93,54.15,31.7,13.2,40,108,
"=A1164+IF(H1165=H1164,I1165-I1164,I1165)/86400000","=IF(H1165=H1164,I1165-I1164,I1165)",,,current,1163,True,2311811481,302321,True,True,True,True,True,1009,0.098,2.637,36.24,53.98,31.7,13.6,38,119,
"=A1165+IF(H1166=H1165,I1166-I1165,I1166)/86400000","=IF(H1166=H1165,I1166-I1165,I1166)",,,current,1164,True,2311811481,603292,True,True,True,True,True,1009,0.04,1.088,37.13,53.92,31.6,13.7,37,107,
"=A1166+IF(H1167=H1166,I1167-I1166,I1167)/86400000","=IF(H1167=H1166,I1167-I1166,I1167)",,,current,1165,True,2311811481,904262,True,True,True,True,True,1009,0.26,7.022,36.67,53.96,31.6,13.7,37,107,
"=A1167+IF(H1168=H1167,I1168-I1167,I1168)/86400000","=IF(H1168=H1167,I1168-I1167,I1168)",,,current,1166,True,2311811481,1205237,True,True,True,True,True,1010,0.0,0.0,37.3,53.82,31.6,13.6,36,109,
"=A1168+IF(H1169=H1168,I1169-I1168,I1169)/86400000","=IF(H1169=H1168,I1169-I1168,I1169)",,,current,1167,True,2311811481,1506213,True,True,True,True,True,1009,0.063,1.714,36.66,53.68,31.7,13.6,35,111,
"=A1169+IF(H1170=H1169,I1170-I1169,I1170)/86400000","=IF(H1170=H1169,I1170-I1169,I1170)",,,current,1168,True,2311811481,1807191,True,True,True,True,True,1009,0.062,1.681,36.79,53.53,31.6,13.6,36,137,
"=A1170+IF(H1171=H1170,I1171-I1170,I1171)/86400000","=IF(H1171=H1170,I1171-I1170,I1171)",,,current,1169,True,2311811481,2108169,True,True,True,True,True,1009,0.0,0.0,36.57,53.44,31.6,13.6,38,105,
"=A1171+IF(H1172=H1171,I1172-I1171,I1172)/86400000","=IF(H1172=H1171,I1172-I1171,I1172)",,,current,1170,True,2311811481,2409152,True,True,True,True,True,1009,0.0,0.0,37.16,53.4,31.6,13.6,39,109,
"=A1172+IF(H1173=H1172,I1173-I1172,I1173)/86400000","=IF(H1173=H1172,I1173-I1172,I1173)",,,current,1171,True,2311811481,2710135,True,True,True,True,True,1009,0.023,0.626,37.7,53.48,31.7,13.5,39,110,
"=A1173+IF(H1174=H1173,I1174-I1173,I1174)/86400000","=IF(H1174=H1173,I1174-I1173,I1174)",,,current,1172,True,2311811481,3011120,True,True,True,True,True,1009,0.0,0.0,37.89,53.51,31.8,13.6,38,109,
"=A1174+IF(H1175=H1174,I1175-I1174,I1175)/86400000","=IF(H1175=H1174,I1175-I1174,I1175)",,,current,1173,True,2311811481,3312106,True,True,True,True,True,1009,0.145,3.923,37.71,53.48,31.8,13.6,38,107,
"=A1175+IF(H1176=H1175,I1176-I1175,I1176)/86400000","=IF(H1176=H1175,I1176-I1175,I1176)",,,current,1174,True,2311811481,3613131,True,True,True,True,True,1009,0.0,0.0,37.07,53.2,31.8,13.5,35,102,
"=A1176+IF(H1177=H1176,I1177-I1176,I1177)/86400000","=IF(H1177=H1176,I1177-I1176,I1177)",,,current,1175,True,2311811481,3914094,True,True,True,True,True,1010,0.089,2.407,37.88,53.18,31.8,13.5,37,131,
"=A1177+IF(H1178=H1177,I1178-I1177,I1178)/86400000","=IF(H1178=H1177,I1178-I1177,I1178)",,,current,1176,True,2311811481,4215060,True,True,True,True,True,1009,0.0,0.0,38.44,53.24,31.8,13.5,33,108,
"=A1178+IF(H1179=H1178,I1179-I1178,I1179)/86400000","=IF(H1179=H1178,I1179-I1178,I1179)",,,current,1177,True,2311811481,4516029,True,True,True,True,True,1009,0.006,0.165,37.34,52.94,31.9,13.5,32,251,
"=A1179+IF(H1180=H1179,I1180-I1179,I1180)/86400000","=IF(H1180=H1179,I1180-I1179,I1180)",,,current,1178,True,2311811481,4817000,True,True,True,True,True,1009,0.125,3.363,37.25,52.86,31.9,13.5,31,243,
"=A1180+IF(H1181=H1180,I1181-I1180,I1181)/86400000","=IF(H1181=H1180,I1181-I1180,I1181)",,,current,1179,True,2311811481,5117973,True,True,True,True,True,1009,0.15,4.055,37.3,52.71,31.9,13.5,31,374,
"=A1181+IF(H1182=H1181,I1182-I1181,I1182)/86400000","=IF(H1182=H1181,I1182-I1181,I1182)",,,current,1180,True,2311811481,5418949,True,True,True,True,True,1009,0.004,0.099,36.13,52.31,31.8,13.5,31,134,
"=A1182+IF(H1183=H1182,I1183-I1182,I1183)/86400000","=IF(H1183=H1182,I1183-I1182,I1183)",,,current,1181,True,2311811481,5719923,True,True,True,True,True,1009,0.0,0.0,37.1,52.37,31.8,13.5,27,106,
"=A1183+IF(H1184=H1183,I1184-I1183,I1184)/86400000","=IF(H1184=H1183,I1184-I1183,I1184)",,,current,1182,True,2311811481,6020900,True,True,True,True,True,1009,0.046,1.253,36.94,52.43,31.9,13.5,23,191,
"=A1184+IF(H1185=H1184,I1185-I1184,I1185)/86400000","=IF(H1185=H1184,I1185-I1184,I1185)",,,current,1183,True,2311811481,6321880,True,True,True,True,True,1009,0.0,0.0,37.08,52.29,31.9,13.4,23,173,
"=A1185+IF(H1186=H1185,I1186-I1185,I1186)/86400000","=IF(H1186=H1185,I1186-I1185,I1186)",,,current,1184,True,2311811481,6622861,True,True,True,True,True,1009,0.07,1.879,36.27,52.14,32.0,13.4,22,214,
"=A1186+IF(H1187=H1186,I1187-I1186,I1187)/86400000","=IF(H1187=H1186,I1187-I1186,I1187)",,,current,1185,True,2311811481,6923841,True,True,True,True,True,1009,0.062,1.681,35.95,51.9,31.9,13.3,22,79,
"=A1187+IF(H1188=H1187,I1188-I1187,I1188)/86400000","=IF(H1188=H1187,I1188-I1187,I1188)",,,current,1186,True,2311811481,7224825,True,True,True,True,True,1009,0.0,0.0,36.79,52.0,31.9,13.4,23,77,
"=A1188+IF(H1189=H1188,I1189-I1188,I1189)/86400000","=IF(H1189=H1188,I1189-I1188,I1189)",,,current,1187,True,2311811481,7525810,True,True,True,True,True,1009,0.0,0.0,36.79,51.94,31.9,13.4,22,91,
"=A1189+IF(H1190=H1189,I1190-I1189,I1190)/86400000","=IF(H1190=H1189,I1190-I1189,I1190)",,,current,1188,True,2311811481,7826797,True,True,True,True,True,1009,0.0,0.0,36.79,52.02,31.9,13.4,19,100,
"=A1190+IF(H1191=H1190,I1191-I1190,I1191)/86400000","=IF(H1191=H1190,I1191-I1190,I1191)",,,current,1189,True,2311811481,8127785,True,True,True,True,True,1009,0.0,0.0,36.62,51.9,31.9,13.4,17,86,
"=A1191+IF(H1192=H1191,I1192-I1191,I1192)/86400000","=IF(H1192=H1191,I1192-I1191,I1192)",,,current,1190,True,2311811481,8428809,True,True,True,True,True,1009,0.0,0.0,36.36,51.78,32.0,13.4,17,66,
"=A1192+IF(H1193=H1192,I1193-I1192,I1193)/86400000","=IF(H1193=H1192,I1193-I1192,I1193)",,,current,1191,True,2311811481,8729776,True,True,True,True,True,1009,0.0,0.0,36.12,51.59,32.0,13.4,16,63,
"=A1193+IF(H1194=H1193,I1194-I1193,I1194)/86400000","=IF(H1194=H1193,I1194-I1193,I1194)",,,current,1192,True,2311811481,9030745,True,True,True,True,True,1009,0.0,0.0,35.97,51.49,32.0,13.3,16,60,
"=A1194+IF(H1195=H1194,I1195-I1194,I1195)/86400000","=IF(H1195=H1194,I1195-I1194,I1195)",,,current,1193,True,2311811481,9331717,True,True,True,True,True,1009,0.0,0.0,35.82,51.36,32.0,13.4,15,57,
"=A1195+IF(H1196=H1195,I1196-I1195,I1196)/86400000","=IF(H1196=H1195,I1196-I1195,I1196)",,,current,1194,True,2311811481,9632694,True,True,True,True,True,1009,0.0,0.0,35.91,51.32,32.0,13.4,15,54,
"=A1196+IF(H1197=H1196,I1197-I1196,I1197)/86400000","=IF(H1197=H1196,I1197-I1196,I1197)",,,current,1195,True,2311811481,9933672,True,True,True,True,True,1009,0.0,0.0,36.13,51.34,32.0,13.3,14,53,
"=A1197+IF(H1198=H1197,I1198-I1197,I1198)/86400000","=IF(H1198=H1197,I1198-I1197,I1198)",,,current,1196,True,2311811481,10234649,True,True,True,True,True,1009,0.0,0.0,35.88,51.3,32.0,13.3,12,54,
"=A1198+IF(H1199=H1198,I1199-I1198,I1199)/86400000","=IF(H1199=H1198,I1199-I1198,I1199)",,,current,1197,True,2311811481,10552319,True,True,True,True,True,1009,0.0,0.0,35.54,51.17,32.0,13.3,11,43,
"=A1199+IF(H1200=H1199,I1200-I1199,I1200)/86400000","=IF(H1200=H1199,I1200-I1199,I1200)",,,current,1198,True,2311811481,10853300,True,True,True,True,True,1009,0.0,0.0,35.31,51.01,32.0,13.3,10,39,
"=A1200+IF(H1201=H1200,I1201-I1200,I1201)/86400000","=IF(H1201=H1200,I1201-I1200,I1201)",,,current,1199,True,2311811481,11154285,True,True,True,True,True,1009,0.0,0.0,35.1,50.92,32.0,13.3,9,35,
"=A1201+IF(H1202=H1201,I1202-I1201,I1202)/86400000","=IF(H1202=H1201,I1202-I1201,I1202)",,,current,1200,True,2311811481,11455272,True,True,True,True,True,1009,0.0,0.0,34.85,50.77,32.0,13.3,8,30,
"=A1202+IF(H1203=H1202,I1203-I1202,I1203)/86400000","=IF(H1203=H1202,I1203-I1202,I1203)",,,current,1201,True,2311811481,11756257,True,True,True,True,True,1009,0.0,0.0,34.7,50.72,32.0,13.3,7,25,
"=A1203+IF(H1204=H1203,I1204-I1203,I1204)/86400000","=IF(H1204=H1203,I1204-I1203,I1204)",,,current,1202,True,2311811481,12057247,True,True,True,True,True,1009,0.004,0.099,34.51,50.63,31.9,13.3,5,20,
"=A1204+IF(H1205=H1204,I1205-I1204,I1205)/86400000","=IF(H1205=H1204,I1205-I1204,I1205)",,,current,1203,True,2311811481,12358252,True,True,True,True,True,1009,0.0,0.0,34.28,50.52,31.9,13.3,4,16,
"=A1205+IF(H1206=H1205,I1206-I1205,I1206)/86400000","=IF(H1206=H1205,I1206-I1205,I1206)",,,current,1204,True,2311811481,12659228,True,True,True,True,True,1009,0.0,0.0,34.0,50.46,31.9,13.2,3,12,
"=A1206+IF(H1207=H1206,I1207-I1206,I1207)/86400000","=IF(H1207=H1206,I1207-I1206,I1207)",,,current,1205,True,2311811481,12960207,True,True,True,True,True,1009,0.0,0.0,33.66,50.37,31.8,13.2,2,10,
"=A1207+IF(H1208=H1207,I1208-I1207,I1208)/86400000","=IF(H1208=H1207,I1208-I1207,I1208)",,,current,1206,True,2311811481,13261222,True,True,True,True,True,1009,0.0,0.0,33.49,50.28,31.8,13.2,1,5,
"=A1208+IF(H1209=H1208,I1209-I1208,I1209)/86400000","=IF(H1209=H1208,I1209-I1208,I1209)",,,current,1207,True,2311811481,13562179,True,True,True,True,True,1009,0.0,0.0,33.18,50.18,31.8,13.2,1,5,
"=A1209+IF(H1210=H1209,I1210-I1209,I1210)/86400000","=IF(H1210=H1209,I1210-I1209,I1210)",,,current,1208,True,2311811481,13863137,True,True,True,True,True,1009,0.0,0.0,33.03,50.21,31.8,13.2,1,3,
"=A1210+IF(H1211=H1210,I1211-I1210,I1211)/86400000","=IF(H1211=H1210,I1211-I1210,I1211)",,,current,1209,True,2311811481,14164100,True,True,True,True,True,1009,0.0,0.0,32.8,50.14,31.7,13.1,0,2,
"=A1211+IF(H1212=H1211,I1212-I1211,I1212)/86400000","=IF(H1212=H1211,I1212-I1211,I1212)",,,current,1210,True,2311811481,14465065,True,True,True,True,True,1009,0.0,0.0,32.65,50.11,31.7,13.2,0,1,
"=A1212+IF(H1213=H1212,I1213-I1212,I1213)/86400000","=IF(H1213=H1212,I1213-I1212,I1213)",,,current,1211,True,2311811481,14766030,True,True,True,True,True,1009,0.0,0.0,32.53,50.12,31.6,13.2,0,0,
"=A1213+IF(H1214=H1213,I1214-I1213,I1214)/86400000","=IF(H1214=H1213,I1214-I1213,I1214)",,,current,1212,True,2311811481,15066996,True,True,True,True,True,1009,0.0,0.0,32.33,50.1,31.6,13.2,0,0,
"=A1214+IF(H1215=H1214,I1215-I1214,I1215)/86400000","=IF(H1215=H1214,I1215-I1214,I1215)",,,current,1213,True,2311811481,15367964,True,True,True,True,True,1010,0.0,0.0,32.28,50.12,31.6,13.2,0,0,
"=A1215+IF(H1216=H1215,I1216-I1215,I1216)/86400000","=IF(H1216=H1215,I1216-I1215,I1216)",,,current,1214,True,2311811481,15668934,True,True,True,True,True,1010,0.043,1.154,32.14,50.19,31.5,13.2,0,0,
"=A1216+IF(H1217=H1216,I1217-I1216,I1217)/86400000","=IF(H1217=H1216,I1217-I1216,I1217)",,,current,1215,True,2311811481,15969906,True,True,True,True,True,1010,0.0,0.0,31.98,50.18,31.5,13.2,0,0,
"=A1217+IF(H1218=H1217,I1218-I1217,I1218)/86400000","=IF(H1218=H1217,I1218-I1217,I1218)",,,current,1216,True,2311811481,16270879,True,True,True,True,True,1010,0.0,0.0,32.05,50.24,31.5,13.2,0,0,
"=A1218+IF(H1219=H1218,I1219-I1218,I1219)/86400000","=IF(H1219=H1218,I1219-I1218,I1219)",,,current,1217,True,2311811481,16571854,True,True,True,True,True,1010,0.0,0.0,32.05,50.27,31.5,13.2,0,0,
"=A1219+IF(H1220=H1219,I1220-I1219,I1220)/86400000","=IF(H1220=H1219,I1220-I1219,I1220)",,,current,1218,True,2311811481,16872831,True,True,True,True,True,1010,0.005,0.132,31.97,50.42,31.4,13.1,0,0,
"=A1220+IF(H1221=H1220,I1221-I1220,I1221)/86400000","=IF(H1221=H1220,I1221-I1220,I1221)",,,current,1219,True,2311811481,17173811,True,True,True,True,True,1010,0.04,1.088,31.9,50.48,31.4,13.2,0,0,
"=A1221+IF(H1222=H1221,I1222-I1221,I1222)/86400000","=IF(H1222=H1221,I1222-I1221,I1222)",,,current,1220,True,2311811481,17474790,True,True,True,True,True,1010,0.0,0.0,31.77,50.46,31.4,13.2,0,0,
"=A1222+IF(H1223=H1222,I1223-I1222,I1223)/86400000","=IF(H1223=H1222,I1223-I1222,I1223)",,,current,1221,True,2311811481,17775772,True,True,True,True,True,1010,0.0,0.0,31.62,50.55,31.4,13.2,0,0,
"=A1223+IF(H1224=H1223,I1224-I1223,I1224)/86400000","=IF(H1224=H1223,I1224-I1223,I1224)",,,current,1222,True,2311811481,18076790,True,True,True,True,True,1010,0.0,0.0,31.58,50.64,31.3,13.2,0,0,
"=A1224+IF(H1225=H1224,I1225-I1224,I1225)/86400000","=IF(H1225=H1224,I1225-I1224,I1225)",,,current,1223,True,2311811481,18377750,True,True,True,True,True,1010,0.006,0.165,31.48,50.72,31.3,13.2,0,0,
"=A1225+IF(H1226=H1225,I1226-I1225,I1226)/86400000","=IF(H1226=H1225,I1226-I1225,I1226)",,,current,1224,True,2311811481,18695401,True,True,True,True,True,1010,0.0,0.0,31.35,50.78,31.3,13.2,0,0,
"=A1226+IF(H1227=H1226,I1227-I1226,I1227)/86400000","=IF(H1227=H1226,I1227-I1226,I1227)",,,current,1225,True,2311811481,18996363,True,True,True,True,True,1010,0.0,0.0,31.28,50.82,31.2,13.2,0,0,
"=A1227+IF(H1228=H1227,I1228-I1227,I1228)/86400000","=IF(H1228=H1227,I1228-I1227,I1228)",,,current,1226,True,2311811481,19297328,True,True,True,True,True,1010,0.021,0.56,31.25,50.97,31.2,13.1,0,0,
"=A1228+IF(H1229=H1228,I1229-I1228,I1229)/86400000","=IF(H1229=H1228,I1229-I1228,I1229)",,,current,1227,True,2311811481,19598293,True,True,True,True,True,1010,0.0,0.0,31.11,50.99,31.2,13.2,0,0,
"=A1229+IF(H1230=H1229,I1230-I1229,I1230)/86400000","=IF(H1230=H1229,I1230-I1229,I1230)",,,current,1228,True,2311811481,19899260,True,True,True,True,True,1010,0.007,0.198,31.06,51.13,31.1,13.1,0,0,
"=A1230+IF(H1231=H1230,I1231-I1230,I1231)/86400000","=IF(H1231=H1230,I1231-I1230,I1231)",,,current,1229,True,2311811481,20200231,True,True,True,True,True,1010,0.0,0.0,30.99,51.22,31.1,13.1,0,0,
"=A1231+IF(H1232=H1231,I1232-I1231,I1232)/86400000","=IF(H1232=H1231,I1232-I1231,I1232)",,,current,1230,True,2311811481,20501203,True,True,True,True,True,1010,0.0,0.0,30.9,51.29,31.1,13.1,0,0,
"=A1232+IF(H1233=H1232,I1233-I1232,I1233)/86400000","=IF(H1233=H1232,I1233-I1232,I1233)",,,current,1231,True,2311811481,20802176,True,True,True,True,True,1010,0.0,0.0,30.88,51.35,31.1,13.3,0,0,
"=A1233+IF(H1234=H1233,I1234-I1233,I1234)/86400000","=IF(H1234=H1233,I1234-I1233,I1234)",,,current,1232,True,2311811481,21103153,True,True,True,True,True,1010,0.0,0.0,30.87,51.49,31.1,12.7,0,0,
"=A1234+IF(H1235=H1234,I1235-I1234,I1235)/86400000","=IF(H1235=H1234,I1235-I1234,I1235)",,,current,1233,True,2311811481,21404129,True,True,True,True,True,1011,0.0,0.0,30.79,51.66,31.0,12.7,0,0,
"=A1235+IF(H1236=H1235,I1236-I1235,I1236)/86400000","=IF(H1236=H1235,I1236-I1235,I1236)",,,current,1234,True,2311811481,21705110,True,True,True,True,True,1011,0.0,0.0,30.68,51.72,31.0,12.6,0,0,
"=A1236+IF(H1237=H1236,I1237-I1236,I1237)/86400000","=IF(H1237=H1236,I1237-I1236,I1237)",,,current,1235,True,2311811481,22006092,True,True,True,True,True,1011,0.0,0.0,30.65,51.84,31.0,12.7,0,0,
"=A1237+IF(H1238=H1237,I1238-I1237,I1238)/86400000","=IF(H1238=H1237,I1238-I1237,I1238)",,,current,1236,True,2311811481,22307075,True,True,True,True,True,1011,0.0,0.0,30.6,52.01,31.0,12.7,0,0,
"=A1238+IF(H1239=H1238,I1239-I1238,I1239)/86400000","=IF(H1239=H1238,I1239-I1238,I1239)",,,current,1237,True,2311811481,22608059,True,True,True,True,True,1011,0.0,0.0,30.52,52.09,31.0,12.7,0,0,
"=A1239+IF(H1240=H1239,I1240-I1239,I1240)/86400000","=IF(H1240=H1239,I1240-I1239,I1240)",,,current,1238,True,2311811481,22909082,True,True,True,True,True,1011,0.0,0.0,30.49,52.26,31.0,12.7,0,0,
"=A1240+IF(H1241=H1240,I1241-I1240,I1241)/86400000","=IF(H1241=H1240,I1241-I1240,I1241)",,,current,1239,True,2311811481,23210044,True,True,True,True,True,1011,0.0,0.0,30.46,52.48,31.0,12.7,0,0,
"=A1241+IF(H1242=H1241,I1242-I1241,I1242)/86400000","=IF(H1242=H1241,I1242-I1241,I1242)",,,current,1240,True,2311811481,23511006,True,True,True,True,True,1011,0.045,1.22,30.48,52.58,30.9,12.7,0,0,
"=A1242+IF(H1243=H1242,I1243-I1242,I1243)/86400000","=IF(H1243=H1242,I1243-I1242,I1243)",,,current,1241,True,2311811481,23811973,True,True,True,True,True,1011,0.001,0.033,30.53,52.76,30.9,12.7,0,0,
"=A1243+IF(H1244=H1243,I1244-I1243,I1244)/86400000","=IF(H1244=H1243,I1244-I1243,I1244)",,,current,1242,True,2311811481,24112941,True,True,True,True,True,1011,0.0,0.0,30.53,52.87,30.9,12.7,0,0,
"=A1244+IF(H1245=H1244,I1245-I1244,I1245)/86400000","=IF(H1245=H1244,I1245-I1244,I1245)",,,current,1243,True,2311811481,24413910,True,True,True,True,True,1011,0.0,0.0,30.49,53.09,30.9,12.7,0,0,
"=A1245+IF(H1246=H1245,I1246-I1245,I1246)/86400000","=IF(H1246=H1245,I1246-I1245,I1246)",,,current,1244,True,2311811481,24714882,True,True,True,True,True,1011,0.0,0.0,30.5,53.2,30.9,12.7,0,0,
"=A1246+IF(H1247=H1246,I1247-I1246,I1247)/86400000","=IF(H1247=H1246,I1247-I1246,I1247)",,,current,1245,True,2311811481,25015855,True,True,True,True,True,1011,0.0,0.0,30.38,53.35,30.8,12.7,0,0,
"=A1247+IF(H1248=H1247,I1248-I1247,I1248)/86400000","=IF(H1248=H1247,I1248-I1247,I1248)",,,current,1246,True,2311811481,25316830,True,True,True,True,True,1011,0.0,0.0,30.38,53.5,30.8,12.7,0,0,
"=A1248+IF(H1249=H1248,I1249-I1248,I1249)/86400000","=IF(H1249=H1248,I1249-I1248,I1249)",,,current,1247,True,2311811481,25617807,True,True,True,True,True,1011,0.0,0.0,30.39,53.67,30.8,12.7,0,0,
"=A1249+IF(H1250=H1249,I1250-I1249,I1250)/86400000","=IF(H1250=H1249,I1250-I1249,I1250)",,,current,1248,True,2311811481,25918784,True,True,True,True,True,1011,0.0,0.0,30.41,53.8,30.7,12.7,0,0,
"=A1250+IF(H1251=H1250,I1251-I1250,I1251)/86400000","=IF(H1251=H1250,I1251-I1250,I1251)",,,current,1249,True,2311811481,26219764,True,True,True,True,True,1011,0.0,0.0,30.4,53.92,30.7,12.7,0,0,
"=A1251+IF(H1252=H1251,I1252-I1251,I1252)/86400000","=IF(H1252=H1251,I1252-I1251,I1252)",,,current,1250,True,2311811481,26520745,True,True,True,True,True,1011,0.0,0.0,30.34,54.0,30.7,12.7,0,0,
"=A1252+IF(H1253=H1252,I1253-I1252,I1253)/86400000","=IF(H1253=H1252,I1253-I1252,I1253)",,,current,1251,True,2311811481,26821728,True,True,True,True,True,1011,0.0,0.0,30.32,54.12,30.7,12.6,0,0,
"=A1253+IF(H1254=H1253,I1254-I1253,I1254)/86400000","=IF(H1254=H1253,I1254-I1253,I1254)",,,current,1252,True,2311811481,27122712,True,True,True,True,True,1011,0.0,0.0,30.28,54.29,30.7,12.7,0,0,
"=A1254+IF(H1255=H1254,I1255-I1254,I1255)/86400000","=IF(H1255=H1254,I1255-I1254,I1255)",,,current,1253,True,2311811481,27423700,True,True,True,True,True,1011,0.0,0.0,30.25,54.44,30.6,12.7,0,0,
"=A1255+IF(H1256=H1255,I1256-I1255,I1256)/86400000","=IF(H1256=H1255,I1256-I1255,I1256)",,,current,1254,True,2311811481,27724722,True,True,True,True,True,1011,0.0,0.0,30.21,54.53,30.6,12.6,0,0,
"=A1256+IF(H1257=H1256,I1257-I1256,I1257)/86400000","=IF(H1257=H1256,I1257-I1256,I1257)",,,current,1255,True,2311811481,28025685,True,True,True,True,True,1011,0.0,0.0,30.25,54.68,30.5,12.6,0,0,
"=A1257+IF(H1258=H1257,I1258-I1257,I1258)/86400000","=IF(H1258=H1257,I1258-I1257,I1258)",,,current,1256,True,2311811481,28326650,True,True,True,True,True,1011,0.077,2.077,30.25,54.79,30.4,12.5,0,0,
"=A1258+IF(H1259=H1258,I1259-I1258,I1259)/86400000","=IF(H1259=H1258,I1259-I1258,I1259)",,,current,1257,True,2311811481,28627620,True,True,True,True,True,1011,0.0,0.0,30.27,54.92,30.4,12.6,0,0,
"=A1259+IF(H1260=H1259,I1260-I1259,I1260)/86400000","=IF(H1260=H1259,I1260-I1259,I1260)",,,current,1258,True,2311811481,28928592,True,True,True,True,True,1011,0.0,0.0,30.21,54.98,30.4,12.6,0,0,
"=A1260+IF(H1261=H1260,I1261-I1260,I1261)/86400000","=IF(H1261=H1260,I1261-I1260,I1261)",,,current,1259,True,2311811481,29229563,True,True,True,True,True,1011,0.029,0.791,30.16,55.14,30.4,12.6,0,0,
"=A1261+IF(H1262=H1261,I1262-I1261,I1262)/86400000","=IF(H1262=H1261,I1262-I1261,I1262)",,,current,1260,True,2311811481,29530535,True,True,True,True,True,1011,0.0,0.0,30.08,55.18,30.4,12.6,0,0,
"=A1262+IF(H1263=H1262,I1263-I1262,I1263)/86400000","=IF(H1263=H1262,I1263-I1262,I1263)",,,current,1261,True,2311811481,29831510,True,True,True,True,True,1011,0.0,0.0,30.02,55.29,30.4,12.6,0,0,
"=A1263+IF(H1264=H1263,I1264-I1263,I1264)/86400000","=IF(H1264=H1263,I1264-I1263,I1264)",,,current,1262,True,2311811481,30132486,True,True,True,True,True,1011,0.0,0.0,29.97,55.3,30.3,12.6,0,0,
"=A1264+IF(H1265=H1264,I1265-I1264,I1265)/86400000","=IF(H1265=H1264,I1265-I1264,I1265)",,,current,1263,True,2311811481,30433465,True,True,True,True,True,1011,0.0,0.0,29.94,55.39,30.3,12.6,0,0,
"=A1265+IF(H1266=H1265,I1266-I1265,I1266)/86400000","=IF(H1266=H1265,I1266-I1265,I1266)",,,current,1264,True,2311811481,30734445,True,True,True,True,True,1011,0.0,0.0,29.92,55.47,30.3,12.6,0,0,
"=A1266+IF(H1267=H1266,I1267-I1266,I1267)/86400000","=IF(H1267=H1266,I1267-I1266,I1267)",,,current,1265,True,2311811481,31035429,True,True,True,True,True,1011,0.0,0.0,29.89,55.63,30.3,12.6,0,0,
"=A1267+IF(H1268=H1267,I1268-I1267,I1268)/86400000","=IF(H1268=H1267,I1268-I1267,I1268)",,,current,1266,True,2311811481,31336416,True,True,True,True,True,1011,0.0,0.0,29.84,55.69,30.2,12.6,0,0,
"=A1268+IF(H1269=H1268,I1269-I1268,I1269)/86400000","=IF(H1269=H1268,I1269-I1268,I1269)",设备重启,bootSessionId 变化，uptime 重置；土壤温湿度均为 0,current,1267,True,4109905524,1352,True,True,True,True,True,1011,0.0,0.0,29.87,55.7,0.0,0.0,0,0,
"=A1269+IF(H1270=H1269,I1270-I1269,I1270)/86400000","=IF(H1270=H1269,I1270-I1269,I1270)",,,current,1268,True,4109905524,302353,True,True,True,True,True,1011,0.0,0.0,29.78,55.76,30.2,13.4,0,0,
"=A1270+IF(H1271=H1270,I1271-I1270,I1271)/86400000","=IF(H1271=H1270,I1271-I1270,I1271)",,,current,1269,True,4109905524,603342,True,True,True,True,True,1011,0.0,0.0,29.76,55.81,30.2,13.4,0,0,
"=A1271+IF(H1272=H1271,I1272-I1271,I1272)/86400000","=IF(H1272=H1271,I1272-I1271,I1272)",,,current,1270,True,4109905524,904366,True,True,True,True,True,1011,0.0,0.0,29.73,55.86,30.2,13.3,0,0,
"=A1272+IF(H1273=H1272,I1273-I1272,I1273)/86400000","=IF(H1273=H1272,I1273-I1272,I1273)",,,current,1271,True,4109905524,1205336,True,True,True,True,True,1011,0.0,0.0,29.72,55.97,30.2,13.3,0,0,
"=A1273+IF(H1274=H1273,I1274-I1273,I1274)/86400000","=IF(H1274=H1273,I1274-I1273,I1274)",,,current,1272,True,4109905524,1506305,True,True,True,True,True,1011,0.0,0.0,29.7,56.04,30.2,13.2,0,0,
"=A1274+IF(H1275=H1274,I1275-I1274,I1275)/86400000","=IF(H1275=H1274,I1275-I1274,I1275)",,,current,1273,True,4109905524,1807277,True,True,True,True,True,1011,0.0,0.0,29.69,56.17,30.1,13.3,0,0,
"=A1275+IF(H1276=H1275,I1276-I1275,I1276)/86400000","=IF(H1276=H1275,I1276-I1275,I1276)",,,current,1274,True,4109905524,2124942,True,True,True,True,True,1011,0.0,0.0,29.66,56.2,30.1,13.2,0,0,
"=A1276+IF(H1277=H1276,I1277-I1276,I1277)/86400000","=IF(H1277=H1276,I1277-I1276,I1277)",,,current,1275,True,4109905524,2425919,True,True,True,True,True,1011,0.0,0.0,29.65,56.34,30.0,13.2,0,0,
"=A1277+IF(H1278=H1277,I1278-I1277,I1278)/86400000","=IF(H1278=H1277,I1278-I1277,I1278)",,,current,1276,True,4109905524,2726897,True,True,True,True,True,1011,0.0,0.0,29.63,56.4,30.0,13.2,0,0,
"=A1278+IF(H1279=H1278,I1279-I1278,I1279)/86400000","=IF(H1279=H1278,I1279-I1278,I1279)",,,current,1277,True,4109905524,3027878,True,True,True,True,True,1011,0.0,0.0,29.6,56.54,30.0,13.2,0,0,
"=A1279+IF(H1280=H1279,I1280-I1279,I1280)/86400000","=IF(H1280=H1279,I1280-I1279,I1280)",,,current,1278,True,4109905524,3328860,True,True,True,True,True,1011,0.0,0.0,29.59,56.6,30.0,13.2,0,0,
"=A1280+IF(H1281=H1280,I1281-I1280,I1281)/86400000","=IF(H1281=H1280,I1281-I1280,I1281)",,,current,1279,True,4109905524,3629843,True,True,True,True,True,1011,0.0,0.0,29.58,56.68,30.0,13.2,0,0,
"=A1281+IF(H1282=H1281,I1282-I1281,I1282)/86400000","=IF(H1282=H1281,I1282-I1281,I1282)",,,current,1280,True,4109905524,3930827,True,True,True,True,True,1011,0.0,0.0,29.54,56.76,30.0,13.2,0,0,
"=A1282+IF(H1283=H1282,I1283-I1282,I1283)/86400000","=IF(H1283=H1282,I1283-I1282,I1283)",,,current,1281,True,4109905524,4231813,True,True,True,True,True,1011,0.0,0.0,29.54,56.9,30.0,13.1,0,0,
"=A1283+IF(H1284=H1283,I1284-I1283,I1284)/86400000","=IF(H1284=H1283,I1284-I1283,I1284)",,,current,1282,True,4109905524,4532800,True,True,True,True,True,1011,0.0,0.0,29.51,56.93,29.9,13.1,0,0,
"=A1284+IF(H1285=H1284,I1285-I1284,I1285)/86400000","=IF(H1285=H1284,I1285-I1284,I1285)",,,current,1283,True,4109905524,4833805,True,True,True,True,True,1011,0.0,0.0,29.51,57.03,29.9,13.1,0,0,
"=A1285+IF(H1286=H1285,I1286-I1285,I1286)/86400000","=IF(H1286=H1285,I1286-I1285,I1286)",,,current,1284,True,4109905524,5134785,True,True,True,True,True,1011,0.0,0.0,29.44,57.12,29.9,13.1,0,0,
"=A1286+IF(H1287=H1286,I1287-I1286,I1287)/86400000","=IF(H1287=H1286,I1287-I1286,I1287)",,,current,1285,True,4109905524,5435764,True,True,True,True,True,1011,0.0,0.0,29.44,57.22,30.0,13.1,0,0,
"=A1287+IF(H1288=H1287,I1288-I1287,I1288)/86400000","=IF(H1288=H1287,I1288-I1287,I1288)",,,current,1286,True,4109905524,5736780,True,True,True,True,True,1011,0.0,0.0,29.39,57.3,30.0,13.0,0,0,
"=A1288+IF(H1289=H1288,I1289-I1288,I1289)/86400000","=IF(H1289=H1288,I1289-I1288,I1289)",,,current,1287,True,4109905524,6037735,True,True,True,True,True,1011,0.0,0.0,29.37,57.42,29.9,13.1,0,0,
"=A1289+IF(H1290=H1289,I1290-I1289,I1290)/86400000","=IF(H1290=H1289,I1290-I1289,I1290)",,,current,1288,True,4109905524,6338695,True,True,True,True,True,1011,0.0,0.0,29.35,57.48,29.9,13.1,0,0,
"=A1290+IF(H1291=H1290,I1291-I1290,I1291)/86400000","=IF(H1291=H1290,I1291-I1290,I1291)",,,current,1289,True,4109905524,6639655,True,True,True,True,True,1011,0.0,0.0,29.33,57.58,29.9,13.1,0,0,
"=A1291+IF(H1292=H1291,I1292-I1291,I1292)/86400000","=IF(H1292=H1291,I1292-I1291,I1292)",,,current,1290,True,4109905524,6940616,True,True,True,True,True,1011,0.0,0.0,29.3,57.62,29.9,13.1,0,0,
"=A1292+IF(H1293=H1292,I1293-I1292,I1293)/86400000","=IF(H1293=H1292,I1293-I1292,I1293)",,,current,1291,True,4109905524,7241579,True,True,True,True,True,1011,0.0,0.0,29.28,57.75,29.9,13.1,0,0,
"=A1293+IF(H1294=H1293,I1294-I1293,I1294)/86400000","=IF(H1294=H1293,I1294-I1293,I1294)",,,current,1292,True,4109905524,7542545,True,True,True,True,True,1011,0.0,0.0,29.24,57.8,29.9,13.0,0,0,
"=A1294+IF(H1295=H1294,I1295-I1294,I1295)/86400000","=IF(H1295=H1294,I1295-I1294,I1295)",,,current,1293,True,4109905524,7843512,True,True,True,True,True,1011,0.0,0.0,29.22,57.95,29.9,13.0,0,0,
"=A1295+IF(H1296=H1295,I1296-I1295,I1296)/86400000","=IF(H1296=H1295,I1296-I1295,I1296)",,,current,1294,True,4109905524,8144482,True,True,True,True,True,1011,0.0,0.0,29.17,58.08,29.9,13.1,0,0,
"=A1296+IF(H1297=H1296,I1297-I1296,I1297)/86400000","=IF(H1297=H1296,I1297-I1296,I1297)",,,current,1295,True,4109905524,8445454,True,True,True,True,True,1011,0.0,0.0,29.19,58.17,29.9,13.1,0,0,
"=A1297+IF(H1298=H1297,I1298-I1297,I1298)/86400000","=IF(H1298=H1297,I1298-I1297,I1298)",,,current,1296,True,4109905524,8746430,True,True,True,True,True,1011,0.0,0.0,29.17,58.29,29.8,13.0,0,0,
"=A1298+IF(H1299=H1298,I1299-I1298,I1299)/86400000","=IF(H1299=H1298,I1299-I1298,I1299)",,,current,1297,True,4109905524,9047405,True,True,True,True,True,1011,0.012,0.33,29.14,58.36,29.8,13.1,0,0,
"=A1299+IF(H1300=H1299,I1300-I1299,I1300)/86400000","=IF(H1300=H1299,I1300-I1299,I1300)",,,current,1298,True,4109905524,9348382,True,True,True,True,True,1011,0.0,0.0,29.12,58.51,29.8,13.0,0,0,
"=A1300+IF(H1301=H1300,I1301-I1300,I1301)/86400000","=IF(H1301=H1300,I1301-I1300,I1301)",,,current,1299,True,4109905524,9649360,True,True,True,True,True,1011,0.0,0.0,29.11,58.55,29.8,13.1,0,0,
"=A1301+IF(H1302=H1301,I1302-I1301,I1302)/86400000","=IF(H1302=H1301,I1302-I1301,I1302)",,,current,1300,True,4109905524,9950342,True,True,True,True,True,1011,0.0,0.0,29.09,58.65,29.8,13.0,0,0,
"=A1302+IF(H1303=H1302,I1303-I1302,I1303)/86400000","=IF(H1303=H1302,I1303-I1302,I1303)",,,current,1301,True,4109905524,10251326,True,True,True,True,True,1011,0.0,0.0,29.04,58.74,29.8,13.0,0,0,
"=A1303+IF(H1304=H1303,I1304-I1303,I1304)/86400000","=IF(H1304=H1303,I1304-I1303,I1304)",,,current,1302,True,4109905524,10552341,True,True,True,True,True,1010,0.0,0.0,29.03,58.85,29.8,13.0,0,0,
"=A1304+IF(H1305=H1304,I1305-I1304,I1305)/86400000","=IF(H1305=H1304,I1305-I1304,I1305)",,,current,1303,True,4109905524,10853301,True,True,True,True,True,1011,0.0,0.0,29.0,58.95,29.8,13.0,0,0,
"=A1305+IF(H1306=H1305,I1306-I1305,I1306)/86400000","=IF(H1306=H1305,I1306-I1305,I1306)",,,current,1304,True,4109905524,11154262,True,True,True,True,True,1011,0.0,0.0,28.99,59.09,29.8,13.0,0,0,
"=A1306+IF(H1307=H1306,I1307-I1306,I1307)/86400000","=IF(H1307=H1306,I1307-I1306,I1307)",,,current,1305,True,4109905524,11455226,True,True,True,True,True,1011,0.0,0.0,28.98,59.15,29.7,13.0,0,0,
"=A1307+IF(H1308=H1307,I1308-I1307,I1308)/86400000","=IF(H1308=H1307,I1308-I1307,I1308)",,,current,1306,True,4109905524,11756192,True,True,True,True,True,1011,0.0,0.0,28.98,59.26,29.7,13.0,0,0,
"=A1308+IF(H1309=H1308,I1309-I1308,I1309)/86400000","=IF(H1309=H1308,I1309-I1308,I1309)",,,current,1307,True,4109905524,12057158,True,True,True,True,True,1011,0.0,0.0,28.96,59.43,29.7,13.0,0,0,
"=A1309+IF(H1310=H1309,I1310-I1309,I1310)/86400000","=IF(H1310=H1309,I1310-I1309,I1310)",,,current,1308,True,4109905524,12358128,True,True,True,True,True,1011,0.0,0.0,28.93,59.52,29.7,13.0,0,0,
"=A1310+IF(H1311=H1310,I1311-I1310,I1311)/86400000","=IF(H1311=H1310,I1311-I1310,I1311)",,,current,1309,True,4109905524,12659100,True,True,True,True,True,1011,0.0,0.0,28.92,59.63,29.7,13.0,0,0,
"=A1311+IF(H1312=H1311,I1312-I1311,I1312)/86400000","=IF(H1312=H1311,I1312-I1311,I1312)",,,current,1310,True,4109905524,12960071,True,True,True,True,True,1011,0.0,0.0,28.9,59.73,29.7,13.0,0,0,
"=A1312+IF(H1313=H1312,I1313-I1312,I1313)/86400000","=IF(H1313=H1312,I1313-I1312,I1313)",,,current,1311,True,4109905524,13261045,True,True,True,True,True,1011,0.0,0.0,28.88,59.84,29.7,13.0,0,0,
"=A1313+IF(H1314=H1313,I1314-I1313,I1314)/86400000","=IF(H1314=H1313,I1314-I1313,I1314)",,,current,1312,True,4109905524,13562021,True,True,True,True,True,1011,0.0,0.0,28.88,59.97,29.6,13.0,0,0,
"=A1314+IF(H1315=H1314,I1315-I1314,I1315)/86400000","=IF(H1315=H1314,I1315-I1314,I1315)",,,current,1313,True,4109905524,13862999,True,True,True,True,True,1011,0.0,0.0,28.9,60.07,29.6,13.0,0,0,
"=A1315+IF(H1316=H1315,I1316-I1315,I1316)/86400000","=IF(H1316=H1315,I1316-I1315,I1316)",,,current,1314,True,4109905524,14163978,True,True,True,True,True,1011,0.0,0.0,28.87,60.18,29.6,13.0,0,0,
"=A1316+IF(H1317=H1316,I1317-I1316,I1317)/86400000","=IF(H1317=H1316,I1317-I1316,I1317)",,,current,1315,True,4109905524,14464958,True,True,True,True,True,1011,0.0,0.0,28.86,60.22,29.6,13.0,0,0,
"=A1317+IF(H1318=H1317,I1318-I1317,I1318)/86400000","=IF(H1318=H1317,I1318-I1317,I1318)",,,current,1316,True,4109905524,14765940,True,True,True,True,True,1011,0.0,0.0,28.85,60.41,29.6,13.0,0,0,
"=A1318+IF(H1319=H1318,I1319-I1318,I1319)/86400000","=IF(H1319=H1318,I1319-I1318,I1319)",,,current,1317,True,4109905524,15066924,True,True,True,True,True,1011,0.0,0.0,28.85,60.47,29.6,13.0,0,0,
"=A1319+IF(H1320=H1319,I1320-I1319,I1320)/86400000","=IF(H1320=H1319,I1320-I1319,I1320)",,,current,1318,True,4109905524,15367944,True,True,True,True,True,1011,0.0,0.0,28.84,60.6,29.6,13.0,0,0,
"=A1320+IF(H1321=H1320,I1321-I1320,I1321)/86400000","=IF(H1321=H1320,I1321-I1320,I1321)",,,current,1319,True,4109905524,15668904,True,True,True,True,True,1011,0.0,0.0,28.82,60.69,29.6,13.0,0,0,
"=A1321+IF(H1322=H1321,I1322-I1321,I1322)/86400000","=IF(H1322=H1321,I1322-I1321,I1322)",,,current,1320,True,4109905524,15969868,True,True,True,True,True,1011,0.0,0.0,28.8,60.82,29.6,13.0,0,0,
"=A1322+IF(H1323=H1322,I1323-I1322,I1323)/86400000","=IF(H1323=H1322,I1323-I1322,I1323)",,,current,1321,True,4109905524,16270834,True,True,True,True,True,1011,0.0,0.0,28.77,60.92,29.6,13.0,0,0,
"=A1323+IF(H1324=H1323,I1324-I1323,I1324)/86400000","=IF(H1324=H1323,I1324-I1323,I1324)",,,current,1322,True,4109905524,16571802,True,True,True,True,True,1011,0.0,0.0,28.77,60.99,29.6,13.0,0,0,
"=A1324+IF(H1325=H1324,I1325-I1324,I1325)/86400000","=IF(H1325=H1324,I1325-I1324,I1325)",,,current,1323,True,4109905524,16872770,True,True,True,True,True,1010,0.0,0.0,28.76,61.09,29.6,13.0,0,0,
"=A1325+IF(H1326=H1325,I1326-I1325,I1326)/86400000","=IF(H1326=H1325,I1326-I1325,I1326)",,,current,1324,True,4109905524,17173742,True,True,True,True,True,1011,0.0,0.0,28.74,61.19,29.6,12.9,0,0,
"=A1326+IF(H1327=H1326,I1327-I1326,I1327)/86400000","=IF(H1327=H1326,I1327-I1326,I1327)",,,current,1325,True,4109905524,17474715,True,True,True,True,True,1011,0.0,0.0,28.73,61.29,29.6,13.0,0,0,
"=A1327+IF(H1328=H1327,I1328-I1327,I1328)/86400000","=IF(H1328=H1327,I1328-I1327,I1328)",,,current,1326,True,4109905524,17775691,True,True,True,True,True,1011,0.0,0.0,28.72,61.41,29.5,13.0,0,0,
"=A1328+IF(H1329=H1328,I1329-I1328,I1329)/86400000","=IF(H1329=H1328,I1329-I1328,I1329)",,,current,1327,True,4109905524,18076668,True,True,True,True,True,1011,0.0,0.0,28.71,61.55,29.5,13.0,0,0,
"=A1329+IF(H1330=H1329,I1330-I1329,I1330)/86400000","=IF(H1330=H1329,I1330-I1329,I1330)",,,current,1328,True,4109905524,18377647,True,True,True,True,True,1011,0.133,3.593,28.71,61.6,29.5,13.0,0,0,
"=A1330+IF(H1331=H1330,I1331-I1330,I1331)/86400000","=IF(H1331=H1330,I1331-I1330,I1331)",,,current,1329,True,4109905524,18678628,True,True,True,True,True,1011,0.0,0.0,28.7,61.7,29.5,13.0,0,0,
"=A1331+IF(H1332=H1331,I1332-I1331,I1332)/86400000","=IF(H1332=H1331,I1332-I1331,I1332)",,,current,1330,True,4109905524,18979608,True,True,True,True,True,1011,0.0,0.0,28.68,61.77,29.5,13.0,0,0,
"=A1332+IF(H1333=H1332,I1333-I1332,I1333)/86400000","=IF(H1333=H1332,I1333-I1332,I1333)",,,current,1331,True,4109905524,19280590,True,True,True,True,True,1011,0.0,0.0,28.67,61.89,29.5,13.0,0,0,
"=A1333+IF(H1334=H1333,I1334-I1333,I1334)/86400000","=IF(H1334=H1333,I1334-I1333,I1334)",,,current,1332,True,4109905524,19581575,True,True,True,True,True,1011,0.0,0.0,28.63,61.99,29.5,13.0,0,0,
"=A1334+IF(H1335=H1334,I1335-I1334,I1335)/86400000","=IF(H1335=H1334,I1335-I1334,I1335)",,,current,1333,True,4109905524,19882562,True,True,True,True,True,1011,0.0,0.0,28.62,62.07,29.5,13.0,0,0,
"=A1335+IF(H1336=H1335,I1336-I1335,I1336)/86400000","=IF(H1336=H1335,I1336-I1335,I1336)",,,current,1334,True,4109905524,20183586,True,True,True,True,True,1011,0.0,0.0,28.55,62.15,29.5,13.0,0,1,
"=A1336+IF(H1337=H1336,I1337-I1336,I1337)/86400000","=IF(H1337=H1336,I1337-I1336,I1337)",,,current,1335,True,4109905524,20484550,True,True,True,True,True,1011,0.0,0.0,28.52,62.25,29.5,13.0,0,1,
"=A1337+IF(H1338=H1337,I1338-I1337,I1338)/86400000","=IF(H1338=H1337,I1338-I1337,I1338)",,,current,1336,True,4109905524,20785518,True,True,True,True,True,1011,0.0,0.0,28.5,62.34,29.5,13.0,0,1,
"=A1338+IF(H1339=H1338,I1339-I1338,I1339)/86400000","=IF(H1339=H1338,I1339-I1338,I1339)",,,current,1337,True,4109905524,21086486,True,True,True,True,True,1011,0.0,0.0,28.51,62.44,29.5,12.9,0,2,
"=A1339+IF(H1340=H1339,I1340-I1339,I1340)/86400000","=IF(H1340=H1339,I1340-I1339,I1340)",,,current,1338,True,4109905524,21387456,True,True,True,True,True,1011,0.0,0.0,28.52,62.56,29.5,12.9,0,3,
"=A1340+IF(H1341=H1340,I1341-I1340,I1341)/86400000","=IF(H1341=H1340,I1341-I1340,I1341)",,,current,1339,True,4109905524,21688427,True,True,True,True,True,1011,0.0,0.0,28.51,62.63,29.5,13.0,1,3,
"=A1341+IF(H1342=H1341,I1342-I1341,I1342)/86400000","=IF(H1342=H1341,I1342-I1341,I1342)",,,current,1340,True,4109905524,21989401,True,True,True,True,True,1011,0.0,0.0,28.52,62.71,29.5,13.0,1,5,
"=A1342+IF(H1343=H1342,I1343-I1342,I1343)/86400000","=IF(H1343=H1342,I1343-I1342,I1343)",,,current,1341,True,4109905524,22290376,True,True,True,True,True,1011,0.0,0.0,28.51,62.83,29.5,12.9,1,5,
"=A1343+IF(H1344=H1343,I1344-I1343,I1344)/86400000","=IF(H1344=H1343,I1344-I1343,I1344)",,,current,1342,True,4109905524,22591353,True,True,True,True,True,1011,0.0,0.0,28.53,62.91,29.5,13.0,1,6,
"=A1344+IF(H1345=H1344,I1345-I1344,I1345)/86400000","=IF(H1345=H1344,I1345-I1344,I1345)",,,current,1343,True,4109905524,22892333,True,True,True,True,True,1011,0.0,0.0,28.54,63.08,29.5,13.0,1,5,
"=A1345+IF(H1346=H1345,I1346-I1345,I1346)/86400000","=IF(H1346=H1345,I1346-I1345,I1346)",,,current,1344,True,4109905524,23193314,True,True,True,True,True,1011,0.005,0.132,28.58,63.13,29.5,13.0,1,7,
"=A1346+IF(H1347=H1346,I1347-I1346,I1347)/86400000","=IF(H1347=H1346,I1347-I1346,I1347)",,,current,1345,True,4109905524,23494299,True,True,True,True,True,1011,0.0,0.0,28.6,63.23,29.5,13.0,2,9,
"=A1347+IF(H1348=H1347,I1348-I1347,I1348)/86400000","=IF(H1348=H1347,I1348-I1347,I1348)",,,current,1346,True,4109905524,23795282,True,True,True,True,True,1011,0.0,0.0,28.63,63.36,29.5,13.0,2,10,
"=A1348+IF(H1349=H1348,I1349-I1348,I1349)/86400000","=IF(H1349=H1348,I1349-I1348,I1349)",,,current,1347,True,4109905524,24096267,True,True,True,True,True,1011,0.0,0.0,28.64,63.46,29.5,13.0,2,10,
"=A1349+IF(H1350=H1349,I1350-I1349,I1350)/86400000","=IF(H1350=H1349,I1350-I1349,I1350)",,,current,1348,True,4109905524,24397254,True,True,True,True,True,1011,0.0,0.0,28.66,63.55,29.5,12.9,2,10,
"=A1350+IF(H1351=H1350,I1351-I1350,I1351)/86400000","=IF(H1351=H1350,I1351-I1350,I1351)",,,current,1349,True,4109905524,24698246,True,True,True,True,True,1011,0.0,0.0,28.69,63.68,29.5,13.0,2,12,
"=A1351+IF(H1352=H1351,I1352-I1351,I1352)/86400000","=IF(H1352=H1351,I1352-I1351,I1352)",,,current,1350,True,4109905524,24999270,True,True,True,True,True,1011,0.0,0.0,28.74,63.75,29.5,13.0,3,16,
"=A1352+IF(H1353=H1352,I1353-I1352,I1353)/86400000","=IF(H1353=H1352,I1353-I1352,I1353)",,,current,1351,True,4109905524,25300234,True,True,True,True,True,1011,0.092,2.473,28.81,63.89,29.4,13.0,3,16,
"=A1353+IF(H1354=H1353,I1354-I1353,I1354)/86400000","=IF(H1354=H1353,I1354-I1353,I1354)",,,current,1352,True,4109905524,25601202,True,True,True,True,True,1011,0.0,0.0,28.92,64.02,29.4,13.0,4,20,
"=A1354+IF(H1355=H1354,I1355-I1354,I1355)/86400000","=IF(H1355=H1354,I1355-I1354,I1355)",,,current,1353,True,4109905524,25902176,True,True,True,True,True,1011,0.0,0.0,29.01,64.14,29.4,13.0,4,22,
"=A1355+IF(H1356=H1355,I1356-I1355,I1356)/86400000","=IF(H1356=H1355,I1356-I1355,I1356)",,,current,1354,True,4109905524,26203150,True,True,True,True,True,1011,0.0,0.0,29.09,64.24,29.5,13.0,4,24,
"=A1356+IF(H1357=H1356,I1357-I1356,I1357)/86400000","=IF(H1357=H1356,I1357-I1356,I1357)",,,current,1355,True,4109905524,26504125,True,True,True,True,True,1011,0.0,0.0,29.19,64.37,29.4,13.0,4,22,
"=A1357+IF(H1358=H1357,I1358-I1357,I1358)/86400000","=IF(H1358=H1357,I1358-I1357,I1358)",,,current,1356,True,4109905524,26805106,True,True,True,True,True,1011,0.0,0.0,29.22,64.52,29.4,13.0,4,20,
"=A1358+IF(H1359=H1358,I1359-I1358,I1359)/86400000","=IF(H1359=H1358,I1359-I1358,I1359)",,,current,1357,True,4109905524,27106087,True,True,True,True,True,1011,0.0,0.0,29.25,64.56,29.4,13.0,5,25,
"=A1359+IF(H1360=H1359,I1360-I1359,I1360)/86400000","=IF(H1360=H1359,I1360-I1359,I1360)",,,current,1358,True,4109905524,27407069,True,True,True,True,True,1011,0.0,0.0,29.31,64.71,29.4,13.0,5,27,
"=A1360+IF(H1361=H1360,I1361-I1360,I1361)/86400000","=IF(H1361=H1360,I1361-I1360,I1361)",,,current,1359,True,4109905524,27708052,True,True,True,True,True,1011,0.0,0.0,29.39,64.81,29.4,13.0,6,34,
"=A1361+IF(H1362=H1361,I1362-I1361,I1362)/86400000","=IF(H1362=H1361,I1362-I1361,I1362)",,,current,1360,True,4109905524,28009040,True,True,True,True,True,1011,0.0,0.0,29.54,64.9,29.4,13.0,7,39,
"=A1362+IF(H1363=H1362,I1363-I1362,I1363)/86400000","=IF(H1363=H1362,I1363-I1362,I1363)",,,current,1361,True,4109905524,28310026,True,True,True,True,True,1011,0.026,0.692,29.65,65.04,29.5,12.9,9,44,
"=A1363+IF(H1364=H1363,I1364-I1363,I1364)/86400000","=IF(H1364=H1363,I1364-I1363,I1364)",,,current,1362,True,4109905524,28611012,True,True,True,True,True,1011,0.0,0.0,29.84,65.27,29.5,12.9,10,51,
"=A1364+IF(H1365=H1364,I1365-I1364,I1365)/86400000","=IF(H1365=H1364,I1365-I1364,I1365)",,,current,1363,True,4109905524,28912017,True,True,True,True,True,1011,0.0,0.0,30.02,65.33,29.5,13.0,9,49,
"=A1365+IF(H1366=H1365,I1366-I1365,I1366)/86400000","=IF(H1366=H1365,I1366-I1365,I1366)",,,current,1364,True,4109905524,29212996,True,True,True,True,True,1010,0.0,0.0,30.18,65.48,29.5,13.0,9,50,
"=A1366+IF(H1367=H1366,I1367-I1366,I1367)/86400000","=IF(H1367=H1366,I1367-I1366,I1367)",,,current,1365,True,4109905524,29513975,True,True,True,True,True,1011,0.0,0.0,30.29,65.58,29.5,13.0,9,48,
"=A1367+IF(H1368=H1367,I1368-I1367,I1368)/86400000","=IF(H1368=H1367,I1368-I1367,I1368)",,,current,1366,True,4109905524,29814989,True,True,True,True,True,1011,0.0,0.0,30.34,65.71,29.5,13.0,10,55,
"=A1368+IF(H1369=H1368,I1369-I1368,I1369)/86400000","=IF(H1369=H1368,I1369-I1368,I1369)",,,current,1367,True,4109905524,30115948,True,True,True,True,True,1011,0.0,0.0,30.48,65.82,29.5,13.0,12,68,
"=A1369+IF(H1370=H1369,I1370-I1369,I1370)/86400000","=IF(H1370=H1369,I1370-I1369,I1370)",,,current,1368,True,4109905524,30416908,True,True,True,True,True,1011,0.0,0.0,30.62,65.94,29.5,13.0,12,61,
"=A1370+IF(H1371=H1370,I1371-I1370,I1371)/86400000","=IF(H1371=H1370,I1371-I1370,I1371)",,,current,1369,True,4109905524,30717869,True,True,True,True,True,1011,0.0,0.0,30.73,66.01,29.5,13.0,12,64,
"=A1371+IF(H1372=H1371,I1372-I1371,I1372)/86400000","=IF(H1372=H1371,I1372-I1371,I1372)",,,current,1370,True,4109905524,31018831,True,True,True,True,True,1012,0.0,0.0,30.82,66.1,29.6,13.0,14,71,
"=A1372+IF(H1373=H1372,I1373-I1372,I1373)/86400000","=IF(H1373=H1372,I1373-I1372,I1373)",,,current,1371,True,4109905524,31319797,True,True,True,True,True,1011,0.0,0.0,31.0,66.17,29.6,13.0,14,73,
"=A1373+IF(H1374=H1373,I1374-I1373,I1374)/86400000","=IF(H1374=H1373,I1374-I1373,I1374)",,,current,1372,True,4109905524,31620762,True,True,True,True,True,1012,0.0,0.0,31.27,66.3,29.6,12.9,15,80,
"=A1374+IF(H1375=H1374,I1375-I1374,I1375)/86400000","=IF(H1375=H1374,I1375-I1374,I1375)",,,current,1373,True,4109905524,31921729,True,True,True,True,True,1011,0.0,0.0,31.45,66.48,29.6,13.0,17,87,
"=A1375+IF(H1376=H1375,I1376-I1375,I1376)/86400000","=IF(H1376=H1375,I1376-I1375,I1376)",,,current,1374,True,4109905524,32222701,True,True,True,True,True,1011,0.0,0.0,31.58,66.48,29.6,13.0,19,103,
"=A1376+IF(H1377=H1376,I1377-I1376,I1377)/86400000","=IF(H1377=H1376,I1377-I1376,I1377)",,,current,1375,True,4109905524,32523674,True,True,True,True,True,1011,0.0,0.0,31.8,66.59,29.6,13.0,23,118,
"=A1377+IF(H1378=H1377,I1378-I1377,I1378)/86400000","=IF(H1378=H1377,I1378-I1377,I1378)",,,current,1376,True,4109905524,32824647,True,True,True,True,True,1011,0.0,0.0,32.14,66.76,29.7,13.0,30,122,
"=A1378+IF(H1379=H1378,I1379-I1378,I1379)/86400000","=IF(H1379=H1378,I1379-I1378,I1379)",,,current,1377,True,4109905524,33125622,True,True,True,True,True,1012,0.0,0.0,32.44,66.87,29.7,12.9,58,896,
"=A1379+IF(H1380=H1379,I1380-I1379,I1380)/86400000","=IF(H1380=H1379,I1380-I1379,I1380)",,,current,1378,True,4109905524,33426599,True,True,True,True,True,1012,0.0,0.0,33.32,66.98,29.7,13.0,119,898,
"=A1380+IF(H1381=H1380,I1381-I1380,I1381)/86400000","=IF(H1381=H1380,I1381-I1380,I1381)",,,current,1379,True,4109905524,33727579,True,True,True,True,True,1012,0.0,0.0,37.16,67.67,29.9,13.1,148,900,
"=A1381+IF(H1382=H1381,I1382-I1381,I1382)/86400000","=IF(H1382=H1381,I1382-I1381,I1382)",,,current,1380,True,4109905524,34028560,True,True,True,True,True,1011,0.0,0.0,39.52,68.42,30.3,13.2,160,891,
"=A1382+IF(H1383=H1382,I1383-I1382,I1383)/86400000","=IF(H1383=H1382,I1383-I1382,I1383)",,,current,1381,True,4109905524,34329540,True,True,True,True,True,1012,0.0,0.0,41.46,68.76,30.7,13.3,181,968,
"=A1383+IF(H1384=H1383,I1384-I1383,I1384)/86400000","=IF(H1384=H1383,I1384-I1383,I1384)",,,current,1382,True,4109905524,34630555,True,True,True,True,True,1012,0.0,0.0,42.86,68.92,31.2,13.3,183,953,
"=A1384+IF(H1385=H1384,I1385-I1384,I1385)/86400000","=IF(H1385=H1384,I1385-I1384,I1385)",,,current,1383,True,4109905524,34931514,True,True,True,True,True,1012,0.0,0.0,43.69,68.88,31.5,13.2,161,830,
"=A1385+IF(H1386=H1385,I1386-I1385,I1386)/86400000","=IF(H1386=H1385,I1386-I1385,I1386)",,,current,1384,True,4109905524,35232475,True,True,True,True,True,1012,0.0,0.0,44.21,68.56,31.6,13.2,181,913,
"=A1386+IF(H1387=H1386,I1387-I1386,I1387)/86400000","=IF(H1387=H1386,I1387-I1386,I1387)",,,current,1385,True,4109905524,35533437,True,True,True,True,True,1011,0.0,0.0,44.27,68.28,31.6,13.2,174,889,
"=A1387+IF(H1388=H1387,I1388-I1387,I1388)/86400000","=IF(H1388=H1387,I1388-I1387,I1388)",,,current,1386,True,4109905524,35834402,True,True,True,True,True,1012,0.0,0.0,44.69,67.99,31.7,13.2,134,710,
"=A1388+IF(H1389=H1388,I1389-I1388,I1389)/86400000","=IF(H1389=H1388,I1389-I1388,I1389)",,,current,1387,True,4109905524,36135365,True,True,True,True,True,1012,0.0,0.0,44.27,67.53,31.7,13.2,167,870,
"=A1389+IF(H1390=H1389,I1390-I1389,I1390)/86400000","=IF(H1390=H1389,I1390-I1389,I1390)",,,current,1388,True,4109905524,36436333,True,True,True,True,True,1012,0.0,0.0,45.01,67.13,31.7,13.1,197,1027,
"=A1390+IF(H1391=H1390,I1391-I1390,I1391)/86400000","=IF(H1391=H1390,I1391-I1390,I1391)",,,current,1389,True,4109905524,36737302,True,True,True,True,True,1012,0.0,0.0,45.79,66.88,31.8,13.2,185,979,
"=A1391+IF(H1392=H1391,I1392-I1391,I1392)/86400000","=IF(H1392=H1391,I1392-I1391,I1392)",,,current,1390,True,4109905524,37038274,True,True,True,True,True,1012,0.023,0.626,45.86,66.47,31.8,13.2,182,995,
"=A1392+IF(H1393=H1392,I1393-I1392,I1393)/86400000","=IF(H1393=H1392,I1393-I1392,I1393)",,,current,1391,True,4109905524,37339247,True,True,True,True,True,1012,0.0,0.0,46.01,65.94,31.8,13.2,183,1027,
"=A1393+IF(H1394=H1393,I1394-I1393,I1394)/86400000","=IF(H1394=H1393,I1394-I1393,I1394)",,,current,1392,True,4109905524,37640221,True,True,True,True,True,1012,0.0,0.0,46.87,65.54,32.0,13.2,172,991,
"=A1394+IF(H1395=H1394,I1395-I1394,I1395)/86400000","=IF(H1395=H1394,I1395-I1394,I1395)",,,current,1393,True,4109905524,37941198,True,True,True,True,True,1012,0.0,0.0,47.31,65.12,32.0,13.1,177,1033,
"=A1395+IF(H1396=H1395,I1396-I1395,I1396)/86400000","=IF(H1396=H1395,I1396-I1395,I1396)",,,current,1394,True,4109905524,38242178,True,True,True,True,True,1012,0.02,0.527,47.23,64.68,32.1,13.1,175,1026,
"=A1396+IF(H1397=H1396,I1397-I1396,I1397)/86400000","=IF(H1397=H1396,I1397-I1396,I1397)",,,current,1395,True,4109905524,38543158,True,True,True,True,True,1012,0.0,0.0,46.95,64.06,32.1,13.1,160,155,
"=A1397+IF(H1398=H1397,I1398-I1397,I1398)/86400000","=IF(H1398=H1397,I1398-I1397,I1398)",,,current,1396,True,4109905524,38844140,True,True,True,True,True,1012,0.0,0.0,46.42,63.55,32.2,13.0,151,354,
"=A1398+IF(H1399=H1398,I1399-I1398,I1399)/86400000","=IF(H1399=H1398,I1399-I1398,I1399)",,,current,1397,True,4109905524,39145125,True,True,True,True,True,1012,0.0,0.0,46.49,62.97,32.2,13.1,154,173,
"=A1399+IF(H1400=H1399,I1400-I1399,I1400)/86400000","=IF(H1400=H1399,I1400-I1399,I1400)",,,current,1398,True,4109905524,39446145,True,True,True,True,True,1012,0.022,0.593,46.67,62.61,32.3,13.1,130,172,
"=A1400+IF(H1401=H1400,I1401-I1400,I1401)/86400000","=IF(H1401=H1400,I1401-I1400,I1401)",,,current,1399,True,4109905524,39747105,True,True,True,True,True,1012,0.0,0.0,46.3,62.03,32.3,13.1,128,161,
"=A1401+IF(H1402=H1401,I1402-I1401,I1402)/86400000","=IF(H1402=H1401,I1402-I1401,I1402)",,,current,1400,True,4109905524,40048069,True,True,True,True,True,1011,0.013,0.363,45.67,61.56,32.3,13.0,120,169,
"=A1402+IF(H1403=H1402,I1403-I1402,I1403)/86400000","=IF(H1403=H1402,I1403-I1402,I1403)",,,current,1401,True,4109905524,40349036,True,True,True,True,True,1011,0.0,0.0,45.04,61.07,32.3,13.0,24,97,
"=A1403+IF(H1404=H1403,I1404-I1403,I1404)/86400000","=IF(H1404=H1403,I1404-I1403,I1404)",,,current,1402,True,4109905524,40650002,True,True,True,True,True,1011,0.0,0.0,43.43,60.34,32.4,13.0,111,208,
"=A1404+IF(H1405=H1404,I1405-I1404,I1405)/86400000","=IF(H1405=H1404,I1405-I1404,I1405)",,,current,1403,True,4109905524,40950971,True,True,True,True,True,1011,0.0,0.0,42.94,59.88,32.4,12.9,112,224,
"=A1405+IF(H1406=H1405,I1406-I1405,I1406)/86400000","=IF(H1406=H1405,I1406-I1405,I1406)",,,current,1404,True,4109905524,41251942,True,True,True,True,True,1011,0.0,0.0,41.83,59.39,32.4,12.9,102,187,
"=A1406+IF(H1407=H1406,I1407-I1406,I1407)/86400000","=IF(H1407=H1406,I1407-I1406,I1407)",,,current,1405,True,4109905524,41552917,True,True,True,True,True,1011,0.0,0.0,41.26,58.93,32.5,12.8,104,505,
"=A1407+IF(H1408=H1407,I1408-I1407,I1408)/86400000","=IF(H1408=H1407,I1408-I1407,I1408)",,,current,1406,True,4109905524,41853890,True,True,True,True,True,1011,0.011,0.297,40.93,58.6,32.5,12.8,98,355,
"=A1408+IF(H1409=H1408,I1409-I1408,I1409)/86400000","=IF(H1409=H1408,I1409-I1408,I1409)",,,current,1407,True,4109905524,42154863,True,True,True,True,True,1011,0.0,0.0,40.62,58.31,32.5,12.7,95,207,
"=A1409+IF(H1410=H1409,I1410-I1409,I1410)/86400000","=IF(H1410=H1409,I1410-I1409,I1410)",,,current,1408,True,4109905524,42455842,True,True,True,True,True,1011,0.0,0.0,40.47,58.07,32.6,12.7,95,227,
"=A1410+IF(H1411=H1410,I1411-I1410,I1411)/86400000","=IF(H1411=H1410,I1411-I1410,I1411)",,,current,1409,True,4109905524,42756824,True,True,True,True,True,1011,0.0,0.0,40.54,58.01,32.6,12.7,56,162,
"=A1411+IF(H1412=H1411,I1412-I1411,I1412)/86400000","=IF(H1412=H1411,I1412-I1411,I1412)",,,current,1410,True,4109905524,43057803,True,True,True,True,True,1011,0.0,0.0,40.06,57.8,32.7,12.7,36,150,
"=A1412+IF(H1413=H1412,I1413-I1412,I1413)/86400000","=IF(H1413=H1412,I1413-I1412,I1413)",,,current,1411,True,4109905524,43358784,True,True,True,True,True,1011,0.0,0.0,40.24,57.59,32.7,12.7,84,188,
"=A1413+IF(H1414=H1413,I1414-I1413,I1414)/86400000","=IF(H1414=H1413,I1414-I1413,I1414)",,,current,1412,True,4109905524,43659769,True,True,True,True,True,1011,0.0,0.0,40.37,57.52,32.7,12.7,38,133,
"=A1414+IF(H1415=H1414,I1415-I1414,I1415)/86400000","=IF(H1415=H1414,I1415-I1414,I1415)",,,current,1413,True,4109905524,43960756,True,True,True,True,True,1011,0.0,0.0,39.98,57.37,32.7,12.7,83,305,
"=A1415+IF(H1416=H1415,I1416-I1415,I1416)/86400000","=IF(H1416=H1415,I1416-I1415,I1416)",,,current,1414,True,4109905524,44261776,True,True,True,True,True,1011,0.0,0.0,40.05,57.22,32.7,12.7,37,152,
"=A1416+IF(H1417=H1416,I1417-I1416,I1417)/86400000","=IF(H1417=H1416,I1417-I1416,I1417)",,,current,1415,True,4109905524,44562739,True,True,True,True,True,1011,0.0,0.0,39.93,57.11,32.7,12.7,33,143,
"=A1417+IF(H1418=H1417,I1418-I1417,I1418)/86400000","=IF(H1418=H1417,I1418-I1417,I1418)",,,current,1416,True,4109905524,44863705,True,True,True,True,True,1011,0.0,0.0,39.99,56.94,32.8,12.6,20,90,
"=A1418+IF(H1419=H1418,I1419-I1418,I1419)/86400000","=IF(H1419=H1418,I1419-I1418,I1419)",,,current,1417,True,4109905524,45164670,True,True,True,True,True,1011,0.0,0.0,39.56,56.76,32.8,12.6,71,184,
"=A1419+IF(H1420=H1419,I1420-I1419,I1420)/86400000","=IF(H1420=H1419,I1420-I1419,I1420)",,,current,1418,True,4109905524,45465639,True,True,True,True,True,1011,0.0,0.0,39.23,56.58,32.8,12.6,74,211,
"=A1420+IF(H1421=H1420,I1421-I1420,I1421)/86400000","=IF(H1421=H1420,I1421-I1420,I1421)",,,current,1419,True,4109905524,45766610,True,True,True,True,True,1010,0.0,0.0,39.02,56.41,32.8,12.6,23,99,
"=A1421+IF(H1422=H1421,I1422-I1421,I1422)/86400000","=IF(H1422=H1421,I1422-I1421,I1422)",,,current,1420,True,4109905524,46067585,True,True,True,True,True,1010,0.0,0.0,38.53,56.2,32.8,12.6,25,112,
"=A1422+IF(H1423=H1422,I1423-I1422,I1423)/86400000","=IF(H1423=H1422,I1423-I1422,I1423)",,,current,1421,True,4109905524,46368558,True,True,True,True,True,1010,0.0,0.0,38.55,56.15,32.8,12.6,26,115,
"=A1423+IF(H1424=H1423,I1424-I1423,I1424)/86400000","=IF(H1424=H1423,I1424-I1423,I1424)",,,current,1422,True,4109905524,46669532,True,True,True,True,True,1010,0.009,0.231,38.36,56.0,32.8,12.6,66,199,
"=A1424+IF(H1425=H1424,I1425-I1424,I1425)/86400000","=IF(H1425=H1424,I1425-I1424,I1425)",,,current,1423,True,4109905524,46970511,True,True,True,True,True,1010,0.0,0.0,38.63,56.06,32.8,12.6,19,89,
"=A1425+IF(H1426=H1425,I1426-I1425,I1426)/86400000","=IF(H1426=H1425,I1426-I1425,I1426)",,,current,1424,True,4109905524,47271492,True,True,True,True,True,1010,0.133,3.593,38.1,55.92,32.7,12.5,23,96,
"=A1426+IF(H1427=H1426,I1427-I1426,I1427)/86400000","=IF(H1427=H1426,I1427-I1426,I1427)",,,current,1425,True,4109905524,47572472,True,True,True,True,True,1010,0.0,0.0,37.34,55.61,32.7,12.5,23,108,
"=A1427+IF(H1428=H1427,I1428-I1427,I1428)/86400000","=IF(H1428=H1427,I1428-I1427,I1428)",,,current,1426,True,4109905524,47873453,True,True,True,True,True,1010,0.0,0.0,37.24,55.44,32.6,12.5,50,164,
"=A1428+IF(H1429=H1428,I1429-I1428,I1429)/86400000","=IF(H1429=H1428,I1429-I1428,I1429)",,,current,1427,True,4109905524,48174439,True,True,True,True,True,1010,0.0,0.0,37.57,55.53,32.7,12.5,25,118,
"=A1429+IF(H1430=H1429,I1430-I1429,I1430)/86400000","=IF(H1430=H1429,I1430-I1429,I1430)",,,current,1428,True,4109905524,48475428,True,True,True,True,True,1010,0.101,2.736,38.0,55.53,32.7,12.5,30,109,
"=A1430+IF(H1431=H1430,I1431-I1430,I1431)/86400000","=IF(H1431=H1430,I1431-I1430,I1431)",,,current,1429,True,4109905524,48776416,True,True,True,True,True,1010,0.0,0.0,37.48,55.5,32.6,12.5,52,304,
"=A1431+IF(H1432=H1431,I1432-I1431,I1432)/86400000","=IF(H1432=H1431,I1432-I1431,I1432)",,,current,1430,True,4109905524,49077439,True,True,True,True,True,1010,0.123,3.33,37.46,55.46,32.7,12.5,23,104,
"=A1432+IF(H1433=H1432,I1433-I1432,I1433)/86400000","=IF(H1433=H1432,I1433-I1432,I1433)",,,current,1431,True,4109905524,49378409,True,True,True,True,True,1010,0.0,0.0,37.45,55.41,32.7,12.5,33,132,
"=A1433+IF(H1434=H1433,I1434-I1433,I1434)/86400000","=IF(H1434=H1433,I1434-I1433,I1434)",,,current,1432,True,4109905524,49679375,True,True,True,True,True,1009,0.0,0.0,37.39,55.39,32.7,12.4,23,102,
"=A1434+IF(H1435=H1434,I1435-I1434,I1435)/86400000","=IF(H1435=H1434,I1435-I1434,I1435)",,,current,1433,True,4109905524,49980346,True,True,True,True,True,1010,0.0,0.0,37.56,55.44,32.7,12.5,30,133,
"=A1435+IF(H1436=H1435,I1436-I1435,I1436)/86400000","=IF(H1436=H1435,I1436-I1435,I1436)",,,current,1434,True,4109905524,50281320,True,True,True,True,True,1010,0.0,0.0,37.82,55.46,32.7,12.5,20,97,
"=A1436+IF(H1437=H1436,I1437-I1436,I1437)/86400000","=IF(H1437=H1436,I1437-I1436,I1437)",,,current,1435,True,4109905524,50582295,True,True,True,True,True,1010,0.006,0.165,38.01,55.52,32.7,12.5,53,190,
"=A1437+IF(H1438=H1437,I1438-I1437,I1438)/86400000","=IF(H1438=H1437,I1438-I1437,I1438)",,,current,1436,True,4109905524,50883269,True,True,True,True,True,1010,0.0,0.0,37.94,55.52,32.7,12.4,20,91,
"=A1438+IF(H1439=H1438,I1439-I1438,I1439)/86400000","=IF(H1439=H1438,I1439-I1438,I1439)",,,current,1437,True,4109905524,51184248,True,True,True,True,True,1009,0.0,0.0,37.61,55.42,32.7,12.4,20,90,
"=A1439+IF(H1440=H1439,I1440-I1439,I1440)/86400000","=IF(H1440=H1439,I1440-I1439,I1440)",,,current,1438,True,4109905524,51485229,True,True,True,True,True,1010,0.122,3.297,37.21,55.29,32.7,12.4,21,98,
"=A1440+IF(H1441=H1440,I1441-I1440,I1441)/86400000","=IF(H1441=H1440,I1441-I1440,I1441)",,,current,1439,True,4109905524,51786213,True,True,True,True,True,1010,0.0,0.0,37.18,55.28,32.7,12.4,18,87,
"=A1441+IF(H1442=H1441,I1442-I1441,I1442)/86400000","=IF(H1442=H1441,I1442-I1441,I1442)",,,current,1440,True,4109905524,52087195,True,True,True,True,True,1009,0.0,0.0,36.95,55.17,32.7,12.4,18,82,
"=A1442+IF(H1443=H1442,I1443-I1442,I1443)/86400000","=IF(H1443=H1442,I1443-I1442,I1443)",,,current,1441,True,4109905524,52388180,True,True,True,True,True,1009,0.0,0.0,36.67,55.1,32.7,12.3,17,78,
"=A1443+IF(H1444=H1443,I1444-I1443,I1444)/86400000","=IF(H1444=H1443,I1444-I1443,I1444)",,,current,1442,True,4109905524,52689170,True,True,True,True,True,1009,0.054,1.451,36.31,55.04,32.6,12.4,32,134,
"=A1444+IF(H1445=H1444,I1445-I1444,I1445)/86400000","=IF(H1445=H1444,I1445-I1444,I1445)",,,current,1443,True,4109905524,52990163,True,True,True,True,True,1009,0.282,7.615,36.1,54.99,32.5,12.3,19,94,
"=A1445+IF(H1446=H1445,I1446-I1445,I1446)/86400000","=IF(H1446=H1445,I1446-I1445,I1446)",,,current,1444,True,4109905524,53291164,True,True,True,True,True,1009,0.228,6.165,35.44,54.84,32.3,12.3,17,77,
"=A1446+IF(H1447=H1446,I1447-I1446,I1447)/86400000","=IF(H1447=H1446,I1447-I1446,I1447)",,,current,1445,True,4109905524,53592144,True,True,True,True,True,1009,0.0,0.0,35.46,54.81,32.3,12.3,37,142,
"=A1447+IF(H1448=H1447,I1448-I1447,I1448)/86400000","=IF(H1448=H1447,I1448-I1447,I1448)",,,current,1446,True,4109905524,53893159,True,True,True,True,True,1009,0.0,0.0,35.98,54.94,32.4,12.3,22,102,
"=A1448+IF(H1449=H1448,I1449-I1448,I1449)/86400000","=IF(H1449=H1448,I1449-I1448,I1449)",,,current,1447,True,4109905524,54194114,True,True,True,True,True,1009,0.145,3.923,35.92,55.04,32.4,12.2,14,66,
"=A1449+IF(H1450=H1449,I1450-I1449,I1450)/86400000","=IF(H1450=H1449,I1450-I1449,I1450)",,,current,1448,True,4109905524,54495073,True,True,True,True,True,1009,0.0,0.0,35.69,55.02,32.4,12.2,20,95,
"=A1450+IF(H1451=H1450,I1451-I1450,I1451)/86400000","=IF(H1451=H1450,I1451-I1450,I1451)",,,current,1449,True,4109905524,54796034,True,True,True,True,True,1009,0.0,0.0,35.78,55.08,32.4,12.2,32,128,
"=A1451+IF(H1452=H1451,I1452-I1451,I1452)/86400000","=IF(H1452=H1451,I1452-I1451,I1452)",,,current,1450,True,4109905524,55096994,True,True,True,True,True,1009,0.067,1.813,35.95,55.18,32.4,12.2,32,126,
"=A1452+IF(H1453=H1452,I1453-I1452,I1453)/86400000","=IF(H1453=H1452,I1453-I1452,I1453)",,,current,1451,True,4109905524,55397955,True,True,True,True,True,1009,0.0,0.0,35.84,55.2,32.5,12.2,35,137,
"=A1453+IF(H1454=H1453,I1454-I1453,I1454)/86400000","=IF(H1454=H1453,I1454-I1453,I1454)",,,current,1452,True,4109905524,55698923,True,True,True,True,True,1009,0.0,0.0,36.09,55.32,32.5,12.2,23,101,
"=A1454+IF(H1455=H1454,I1455-I1454,I1455)/86400000","=IF(H1455=H1454,I1455-I1454,I1455)",,,current,1453,True,4109905524,55999891,True,True,True,True,True,1009,0.0,0.0,36.09,55.41,32.5,12.2,19,88,
"=A1455+IF(H1456=H1455,I1456-I1455,I1456)/86400000","=IF(H1456=H1455,I1456-I1455,I1456)",,,current,1454,True,4109905524,56300857,True,True,True,True,True,1009,0.131,3.527,36.07,55.4,32.5,12.2,22,107,
"=A1456+IF(H1457=H1456,I1457-I1456,I1457)/86400000","=IF(H1457=H1456,I1457-I1456,I1457)",,,current,1455,True,4109905524,56601827,True,True,True,True,True,1009,0.0,0.0,36.02,55.49,32.4,12.2,16,76,
"=A1457+IF(H1458=H1457,I1458-I1457,I1458)/86400000","=IF(H1458=H1457,I1458-I1457,I1458)",,,current,1456,True,4109905524,56902800,True,True,True,True,True,1009,0.0,0.0,35.9,55.47,32.5,12.2,17,75,
"=A1458+IF(H1459=H1458,I1459-I1458,I1459)/86400000","=IF(H1459=H1458,I1459-I1458,I1459)",,,current,1457,True,4109905524,57203773,True,True,True,True,True,1009,0.168,4.549,35.89,55.6,32.5,12.2,17,69,
"=A1459+IF(H1460=H1459,I1460-I1459,I1460)/86400000","=IF(H1460=H1459,I1460-I1459,I1460)",,,current,1458,True,4109905524,57504748,True,True,True,True,True,1009,0.0,0.0,35.67,55.58,32.4,12.1,12,60,
"=A1460+IF(H1461=H1460,I1461-I1460,I1461)/86400000","=IF(H1461=H1460,I1461-I1460,I1461)",,,current,1459,True,4109905524,57805726,True,True,True,True,True,1009,0.0,0.0,35.43,55.47,32.4,12.2,15,72,
"=A1461+IF(H1462=H1461,I1462-I1461,I1462)/86400000","=IF(H1462=H1461,I1462-I1461,I1462)",,,current,1460,True,4109905524,58106709,True,True,True,True,True,1009,0.062,1.681,35.7,55.66,32.4,12.2,30,116,
"=A1462+IF(H1463=H1462,I1463-I1462,I1463)/86400000","=IF(H1463=H1462,I1463-I1462,I1463)",,,current,1461,True,4109905524,58407689,True,True,True,True,True,1009,0.0,0.0,35.4,55.65,32.4,12.2,9,43,
"=A1463+IF(H1464=H1463,I1464-I1463,I1464)/86400000","=IF(H1464=H1463,I1464-I1463,I1464)",,,current,1462,True,4109905524,58708701,True,True,True,True,True,1009,0.0,0.0,34.75,55.56,32.2,12.2,22,92,
"=A1464+IF(H1465=H1464,I1465-I1464,I1465)/86400000","=IF(H1465=H1464,I1465-I1464,I1465)",,,current,1463,True,4109905524,59009660,True,True,True,True,True,1009,0.0,0.0,34.83,55.6,32.2,12.1,17,73,
"=A1465+IF(H1466=H1465,I1466-I1465,I1466)/86400000","=IF(H1466=H1465,I1466-I1465,I1466)",,,current,1464,True,4109905524,59310620,True,True,True,True,True,1009,0.0,0.0,34.6,55.68,32.3,12.2,19,78,
"=A1466+IF(H1467=H1466,I1467-I1466,I1467)/86400000","=IF(H1467=H1466,I1467-I1466,I1467)",,,current,1465,True,4109905524,59611581,True,True,True,True,True,1009,0.056,1.516,35.45,55.84,32.3,12.2,35,176,
"=A1467+IF(H1468=H1467,I1468-I1467,I1468)/86400000","=IF(H1468=H1467,I1468-I1467,I1468)",,,current,1466,True,4109905524,59912544,True,True,True,True,True,1009,0.0,0.0,36.36,56.21,32.3,12.2,36,218,
"=A1468+IF(H1469=H1468,I1469-I1468,I1469)/86400000","=IF(H1469=H1468,I1469-I1468,I1469)",,,current,1467,True,4109905524,60213512,True,True,True,True,True,1009,0.0,0.0,36.46,56.47,32.4,12.2,31,118,
"=A1469+IF(H1470=H1469,I1470-I1469,I1470)/86400000","=IF(H1470=H1469,I1470-I1469,I1470)",,,current,1468,True,4109905524,60514482,True,True,True,True,True,1009,0.0,0.0,36.29,56.48,32.4,12.2,34,135,
"=A1470+IF(H1471=H1470,I1471-I1470,I1471)/86400000","=IF(H1471=H1470,I1471-I1470,I1471)",,,current,1469,True,4109905524,60815451,True,True,True,True,True,1009,0.0,0.0,35.4,56.36,32.5,12.2,19,74,
"=A1471+IF(H1472=H1471,I1472-I1471,I1472)/86400000","=IF(H1472=H1471,I1472-I1471,I1472)",,,current,1470,True,4109905524,61116423,True,True,True,True,True,1009,0.0,0.0,34.96,56.16,32.4,12.2,26,110,
"=A1472+IF(H1473=H1472,I1473-I1472,I1473)/86400000","=IF(H1473=H1472,I1473-I1472,I1473)",,,current,1471,True,4109905524,61417398,True,True,True,True,True,1009,0.0,0.0,35.01,56.33,32.4,12.2,23,98,
"=A1473+IF(H1474=H1473,I1474-I1473,I1474)/86400000","=IF(H1474=H1473,I1474-I1473,I1474)",,,current,1472,True,4109905524,61718373,True,True,True,True,True,1009,0.0,0.0,34.86,56.43,32.4,12.2,13,51,
"=A1474+IF(H1475=H1474,I1475-I1474,I1475)/86400000","=IF(H1475=H1474,I1475-I1474,I1475)",,,current,1473,True,4109905524,62019348,True,True,True,True,True,1009,0.01,0.264,34.76,56.4,32.4,12.2,15,58,
"=A1475+IF(H1476=H1475,I1476-I1475,I1476)/86400000","=IF(H1476=H1475,I1476-I1475,I1476)",,,current,1474,True,4109905524,62320326,True,True,True,True,True,1009,0.0,0.0,34.37,56.39,32.4,12.2,13,51,
"=A1476+IF(H1477=H1476,I1477-I1476,I1477)/86400000","=IF(H1477=H1476,I1477-I1476,I1477)",,,current,1475,True,4109905524,62621306,True,True,True,True,True,1008,0.0,0.0,34.39,56.53,32.4,12.1,14,56,
"=A1477+IF(H1478=H1477,I1478-I1477,I1478)/86400000","=IF(H1478=H1477,I1478-I1477,I1478)",,,current,1476,True,4109905524,62922288,True,True,True,True,True,1009,0.0,0.0,33.93,56.52,32.3,12.1,15,58,
"=A1478+IF(H1479=H1478,I1479-I1478,I1479)/86400000","=IF(H1479=H1478,I1479-I1478,I1479)",,,current,1477,True,4109905524,63223269,True,True,True,True,True,1009,0.031,0.824,34.23,56.61,32.3,12.1,14,54,
"=A1479+IF(H1480=H1479,I1480-I1479,I1480)/86400000","=IF(H1480=H1479,I1480-I1479,I1480)",,,current,1478,True,4109905524,63524288,True,True,True,True,True,1009,0.0,0.0,34.28,56.83,32.3,12.0,13,49,
"=A1480+IF(H1481=H1480,I1481-I1480,I1481)/86400000","=IF(H1481=H1480,I1481-I1480,I1481)",,,current,1479,True,4109905524,63825249,True,True,True,True,True,1009,0.0,0.0,33.98,56.87,32.3,12.1,11,42,
"=A1481+IF(H1482=H1481,I1482-I1481,I1482)/86400000","=IF(H1482=H1481,I1482-I1481,I1482)",,,current,1480,True,4109905524,64126209,True,True,True,True,True,1009,0.0,0.0,33.78,56.93,32.3,12.1,11,41,
"=A1482+IF(H1483=H1482,I1483-I1482,I1483)/86400000","=IF(H1483=H1482,I1483-I1482,I1483)",,,current,1481,True,4109905524,64427173,True,True,True,True,True,1009,0.0,0.0,33.28,56.83,32.2,12.0,9,36,
"=A1483+IF(H1484=H1483,I1484-I1483,I1484)/86400000","=IF(H1484=H1483,I1484-I1483,I1484)",,,current,1482,True,4109905524,64728141,True,True,True,True,True,1009,0.0,0.0,33.61,57.04,32.2,12.0,9,32,
"=A1484+IF(H1485=H1484,I1485-I1484,I1485)/86400000","=IF(H1485=H1484,I1485-I1484,I1485)",,,current,1483,True,4109905524,65029112,True,True,True,True,True,1009,0.07,1.879,33.49,57.22,32.2,12.0,7,27,
"=A1485+IF(H1486=H1485,I1486-I1485,I1486)/86400000","=IF(H1486=H1485,I1486-I1485,I1486)",,,current,1484,True,4109905524,65330082,True,True,True,True,True,1009,0.0,0.0,33.53,57.28,32.2,12.0,7,25,
"=A1486+IF(H1487=H1486,I1487-I1486,I1487)/86400000","=IF(H1487=H1486,I1487-I1486,I1487)",,,current,1485,True,4109905524,65647743,True,True,True,True,True,1009,0.0,0.0,33.52,57.34,32.2,12.0,6,20,
"=A1487+IF(H1488=H1487,I1488-I1487,I1488)/86400000","=IF(H1488=H1487,I1488-I1487,I1488)",,,current,1486,True,4109905524,65948719,True,True,True,True,True,1009,0.0,0.0,33.46,57.51,32.1,12.0,4,16,
"=A1488+IF(H1489=H1488,I1489-I1488,I1489)/86400000","=IF(H1489=H1488,I1489-I1488,I1489)",,,current,1487,True,4109905524,66249695,True,True,True,True,True,1009,0.0,0.0,33.29,57.61,32.1,12.0,4,15,
"=A1489+IF(H1490=H1489,I1490-I1489,I1490)/86400000","=IF(H1490=H1489,I1490-I1489,I1490)",,,current,1488,True,4109905524,66550672,True,True,True,True,True,1009,0.0,0.0,33.27,57.7,32.1,12.0,4,13,
"=A1490+IF(H1491=H1490,I1491-I1490,I1491)/86400000","=IF(H1491=H1490,I1491-I1490,I1491)",,,current,1489,True,4109905524,66851650,True,True,True,True,True,1009,0.126,3.396,32.92,57.82,32.1,12.0,3,13,
"=A1491+IF(H1492=H1491,I1492-I1491,I1492)/86400000","=IF(H1492=H1491,I1492-I1491,I1492)",,,current,1490,True,4109905524,67152634,True,True,True,True,True,1009,0.0,0.0,32.85,57.82,32.0,12.0,3,10,
"=A1492+IF(H1493=H1492,I1493-I1492,I1493)/86400000","=IF(H1493=H1492,I1493-I1492,I1493)",,,current,1491,True,4109905524,67453617,True,True,True,True,True,1009,0.0,0.0,32.95,58.0,32.0,12.0,2,9,
"=A1493+IF(H1494=H1493,I1494-I1493,I1494)/86400000","=IF(H1494=H1493,I1494-I1493,I1494)",,,current,1492,True,4109905524,67754602,True,True,True,True,True,1009,0.0,0.0,32.94,58.15,32.0,12.0,2,8,
"=A1494+IF(H1495=H1494,I1495-I1494,I1495)/86400000","=IF(H1495=H1494,I1495-I1494,I1495)",,,current,1493,True,4109905524,68055587,True,True,True,True,True,1009,0.0,0.0,32.9,58.23,32.0,12.0,2,8,
"=A1495+IF(H1496=H1495,I1496-I1495,I1496)/86400000","=IF(H1496=H1495,I1496-I1495,I1496)",,,current,1494,True,4109905524,68356611,True,True,True,True,True,1009,0.0,0.0,32.89,58.38,32.0,11.8,2,8,
"=A1496+IF(H1497=H1496,I1497-I1496,I1497)/86400000","=IF(H1497=H1496,I1497-I1496,I1497)",,,current,1495,True,4109905524,68657573,True,True,True,True,True,1009,0.0,0.0,32.9,58.53,32.0,11.9,2,9,
"=A1497+IF(H1498=H1497,I1498-I1497,I1498)/86400000","=IF(H1498=H1497,I1498-I1497,I1498)",,,current,1496,True,4109905524,68958535,True,True,True,True,True,1009,0.0,0.0,32.93,58.57,31.9,11.9,3,10,
"=A1498+IF(H1499=H1498,I1499-I1498,I1499)/86400000","=IF(H1499=H1498,I1499-I1498,I1499)",,,current,1497,True,4109905524,69259504,True,True,True,True,True,1010,0.0,0.0,32.99,58.81,31.9,11.9,3,11,
"=A1499+IF(H1500=H1499,I1500-I1499,I1500)/86400000","=IF(H1500=H1499,I1500-I1499,I1500)",,,current,1498,True,4109905524,69560473,True,True,True,True,True,1010,0.0,0.0,33.03,58.9,31.9,11.9,1,5,
"=A1500+IF(H1501=H1500,I1501-I1500,I1501)/86400000","=IF(H1501=H1500,I1501-I1500,I1501)",,,current,1499,True,4109905524,69861443,True,True,True,True,True,1009,0.0,0.0,33.0,59.02,31.9,11.9,0,1,
"=A1501+IF(H1502=H1501,I1502-I1501,I1502)/86400000","=IF(H1502=H1501,I1502-I1501,I1502)",,,current,1500,True,4109905524,70162416,True,True,True,True,True,1010,0.0,0.0,32.64,59.12,31.8,11.9,0,0,
"=A1502+IF(H1503=H1502,I1503-I1502,I1503)/86400000","=IF(H1503=H1502,I1503-I1502,I1503)",,,current,1501,True,4109905524,70463392,True,True,True,True,True,1010,0.0,0.0,31.94,58.99,31.8,11.9,0,0,
"=A1503+IF(H1504=H1503,I1504-I1503,I1504)/86400000","=IF(H1504=H1503,I1504-I1503,I1504)",,,current,1502,True,4109905524,70764369,True,True,True,True,True,1009,0.0,0.0,31.0,58.87,31.7,16.5,0,0,
"=A1504+IF(H1505=H1504,I1505-I1504,I1505)/86400000","=IF(H1505=H1504,I1505-I1504,I1505)",,,current,1503,True,4109905524,71065345,True,True,True,True,True,1009,0.0,0.0,30.01,58.71,31.5,17.2,0,0,
"=A1505+IF(H1506=H1505,I1506-I1505,I1506)/86400000","=IF(H1506=H1505,I1506-I1505,I1506)",,,current,1504,True,4109905524,71366323,True,True,True,True,True,1009,0.0,0.0,29.42,58.59,31.4,17.1,0,0,
"=A1506+IF(H1507=H1506,I1507-I1506,I1507)/86400000","=IF(H1507=H1506,I1507-I1506,I1507)",,,current,1505,True,4109905524,71667307,True,True,True,True,True,1009,0.055,1.484,29.13,58.53,31.3,17.0,0,0,
"=A1507+IF(H1508=H1507,I1508-I1507,I1508)/86400000","=IF(H1508=H1507,I1508-I1507,I1508)",,,current,1506,True,4109905524,71968290,True,True,True,True,True,1009,0.0,0.0,29.05,58.73,31.3,16.9,0,0,
"=A1508+IF(H1509=H1508,I1509-I1508,I1509)/86400000","=IF(H1509=H1508,I1509-I1508,I1509)",,,current,1507,True,4109905524,72269274,True,True,True,True,True,1010,0.0,0.0,29.0,58.9,31.2,16.8,0,0,
"=A1509+IF(H1510=H1509,I1510-I1509,I1510)/86400000","=IF(H1510=H1509,I1510-I1509,I1510)",,,current,1508,True,4109905524,72570261,True,True,True,True,True,1010,0.0,0.0,28.96,59.05,31.2,16.7,0,0,
"=A1510+IF(H1511=H1510,I1511-I1510,I1511)/86400000","=IF(H1511=H1510,I1511-I1510,I1511)",,,current,1509,True,4109905524,72871251,True,True,True,True,True,1010,0.0,0.0,28.91,59.17,31.1,16.6,0,0,
"=A1511+IF(H1512=H1511,I1512-I1511,I1512)/86400000","=IF(H1512=H1511,I1512-I1511,I1512)",,,current,1510,True,4109905524,73172275,True,True,True,True,True,1009,0.0,0.0,28.87,59.34,31.1,16.5,0,0,
"=A1512+IF(H1513=H1512,I1513-I1512,I1513)/86400000","=IF(H1513=H1512,I1513-I1512,I1513)",,,current,1511,True,4109905524,73473239,True,True,True,True,True,1010,0.045,1.22,28.75,59.55,31.0,16.5,0,0,
"=A1513+IF(H1514=H1513,I1514-I1513,I1514)/86400000","=IF(H1514=H1513,I1514-I1513,I1514)",,,current,1512,True,4109905524,73774207,True,True,True,True,True,1009,0.009,0.231,28.65,59.67,31.0,16.5,0,0,
"=A1514+IF(H1515=H1514,I1515-I1514,I1515)/86400000","=IF(H1515=H1514,I1515-I1514,I1515)",,,current,1513,True,4109905524,74075177,True,True,True,True,True,1010,0.0,0.0,28.58,59.84,30.9,16.4,0,0,
"=A1515+IF(H1516=H1515,I1516-I1515,I1516)/86400000","=IF(H1516=H1515,I1516-I1515,I1516)",,,current,1514,True,4109905524,74376147,True,True,True,True,True,1010,0.01,0.264,28.52,59.97,30.8,16.4,0,0,
"=A1516+IF(H1517=H1516,I1517-I1516,I1517)/86400000","=IF(H1517=H1516,I1517-I1516,I1517)",,,current,1515,True,4109905524,74677122,True,True,True,True,True,1010,0.0,0.0,28.54,60.2,30.8,16.4,0,0,
"=A1517+IF(H1518=H1517,I1518-I1517,I1518)/86400000","=IF(H1518=H1517,I1518-I1517,I1518)",,,current,1516,True,4109905524,74978101,True,True,True,True,True,1010,0.0,0.0,28.59,60.42,30.8,16.4,0,0,
"=A1518+IF(H1519=H1518,I1519-I1518,I1519)/86400000","=IF(H1519=H1518,I1519-I1518,I1519)",,,current,1517,True,4109905524,75279081,True,True,True,True,True,1010,0.0,0.0,28.66,60.64,30.7,16.3,0,0,
"=A1519+IF(H1520=H1519,I1520-I1519,I1520)/86400000","=IF(H1520=H1519,I1520-I1519,I1520)",,,current,1518,True,4109905524,75580058,True,True,True,True,True,1009,0.0,0.0,28.74,60.88,30.7,16.3,0,0,
"=A1520+IF(H1521=H1520,I1521-I1520,I1521)/86400000","=IF(H1521=H1520,I1521-I1520,I1521)",,,current,1519,True,4109905524,75881040,True,True,True,True,True,1009,0.0,0.0,28.83,61.08,30.7,16.3,0,0,
"=A1521+IF(H1522=H1521,I1522-I1521,I1522)/86400000","=IF(H1522=H1521,I1522-I1521,I1522)",,,current,1520,True,4109905524,76182026,True,True,True,True,True,1009,0.0,0.0,28.9,61.31,30.7,16.2,0,0,
"=A1522+IF(H1523=H1522,I1523-I1522,I1523)/86400000","=IF(H1523=H1522,I1523-I1522,I1523)",,,current,1521,True,4109905524,76483012,True,True,True,True,True,1009,0.0,0.0,28.99,61.56,30.7,16.2,0,0,
"=A1523+IF(H1524=H1523,I1524-I1523,I1524)/86400000","=IF(H1524=H1523,I1524-I1523,I1524)",,,current,1522,True,4109905524,76783999,True,True,True,True,True,1009,0.0,0.0,29.08,61.79,30.6,16.2,0,0,
"=A1524+IF(H1525=H1524,I1525-I1524,I1525)/86400000","=IF(H1525=H1524,I1525-I1524,I1525)",,,current,1523,True,4109905524,77084989,True,True,True,True,True,1009,0.0,0.0,29.12,62.03,30.6,16.2,0,0,
"=A1525+IF(H1526=H1525,I1526-I1525,I1526)/86400000","=IF(H1526=H1525,I1526-I1525,I1526)",,,current,1524,True,4109905524,77385995,True,True,True,True,True,1009,0.0,0.0,29.09,62.24,30.6,16.2,0,0,
"=A1526+IF(H1527=H1526,I1527-I1526,I1527)/86400000","=IF(H1527=H1526,I1527-I1526,I1527)",,,current,1525,True,4109905524,77686976,True,True,True,True,True,1009,0.0,0.0,29.14,62.46,30.6,16.1,0,0,
"=A1527+IF(H1528=H1527,I1528-I1527,I1528)/86400000","=IF(H1528=H1527,I1528-I1527,I1528)",,,current,1526,True,4109905524,77987989,True,True,True,True,True,1009,0.0,0.0,29.17,62.65,30.5,16.2,0,0,
"=A1528+IF(H1529=H1528,I1529-I1528,I1529)/86400000","=IF(H1529=H1528,I1529-I1528,I1529)",,,current,1527,True,4109905524,78288944,True,True,True,True,True,1009,0.002,0.066,29.23,62.85,30.5,16.1,0,0,
"=A1529+IF(H1530=H1529,I1530-I1529,I1530)/86400000","=IF(H1530=H1529,I1530-I1529,I1530)",,,current,1528,True,4109905524,78589903,True,True,True,True,True,1009,0.0,0.0,29.26,63.04,30.5,16.1,0,0,
"=A1530+IF(H1531=H1530,I1531-I1530,I1531)/86400000","=IF(H1531=H1530,I1531-I1530,I1531)",,,current,1529,True,4109905524,78890863,True,True,True,True,True,1009,0.0,0.0,29.29,63.26,30.5,16.1,0,0,
"=A1531+IF(H1532=H1531,I1532-I1531,I1532)/86400000","=IF(H1532=H1531,I1532-I1531,I1532)",,,current,1530,True,4109905524,79191826,True,True,True,True,True,1009,0.0,0.0,29.3,63.45,30.5,16.1,0,0,
"=A1532+IF(H1533=H1532,I1533-I1532,I1533)/86400000","=IF(H1533=H1532,I1533-I1532,I1533)",,,current,1531,True,4109905524,79492791,True,True,True,True,True,1009,0.0,0.0,29.37,63.63,30.5,16.1,0,0,
"=A1533+IF(H1534=H1533,I1534-I1533,I1534)/86400000","=IF(H1534=H1533,I1534-I1533,I1534)",,,current,1532,True,4109905524,79793758,True,True,True,True,True,1010,0.0,0.0,29.45,63.84,30.5,16.1,0,0,
"=A1534+IF(H1535=H1534,I1535-I1534,I1535)/86400000","=IF(H1535=H1534,I1535-I1534,I1535)",,,current,1533,True,4109905524,80094726,True,True,True,True,True,1010,0.106,2.868,29.46,64.04,30.4,17.9,0,0,
"=A1535+IF(H1536=H1535,I1536-I1535,I1536)/86400000","=IF(H1536=H1535,I1536-I1535,I1536)",,,current,1534,True,4109905524,80395696,True,True,True,True,True,1009,0.0,0.0,29.33,64.2,30.3,21.5,0,0,
"=A1536+IF(H1537=H1536,I1537-I1536,I1537)/86400000","=IF(H1537=H1536,I1537-I1536,I1537)",,,current,1535,True,4109905524,80696668,True,True,True,True,True,1009,0.0,0.0,29.18,64.36,30.2,20.5,0,0,
"=A1537+IF(H1538=H1537,I1538-I1537,I1538)/86400000","=IF(H1538=H1537,I1538-I1537,I1538)",,,current,1536,True,4109905524,80997642,True,True,True,True,True,1009,0.0,0.0,29.11,64.48,30.2,19.8,0,0,
"=A1538+IF(H1539=H1538,I1539-I1538,I1539)/86400000","=IF(H1539=H1538,I1539-I1538,I1539)",,,current,1537,True,4109905524,81298617,True,True,True,True,True,1009,0.0,0.0,29.11,64.72,30.2,19.5,0,0,
"=A1539+IF(H1540=H1539,I1540-I1539,I1540)/86400000","=IF(H1540=H1539,I1540-I1539,I1540)",,,current,1538,True,4109905524,81599593,True,True,True,True,True,1009,0.0,0.0,29.08,64.83,30.2,19.2,0,0,
"=A1540+IF(H1541=H1540,I1541-I1540,I1541)/86400000","=IF(H1541=H1540,I1541-I1540,I1541)",,,current,1539,True,4109905524,81900573,True,True,True,True,True,1010,0.0,0.0,29.14,65.13,30.2,19.0,0,0,
"=A1541+IF(H1542=H1541,I1542-I1541,I1542)/86400000","=IF(H1542=H1541,I1542-I1541,I1542)",,,current,1540,True,4109905524,82201553,True,True,True,True,True,1010,0.0,0.0,29.13,65.25,30.2,18.8,0,0,
"=A1542+IF(H1543=H1542,I1543-I1542,I1543)/86400000","=IF(H1543=H1542,I1543-I1542,I1543)",,,current,1541,True,4109905524,82502534,True,True,True,True,True,1010,0.0,0.0,29.12,65.45,30.2,18.6,0,0,
"=A1543+IF(H1544=H1543,I1544-I1543,I1544)/86400000","=IF(H1544=H1543,I1544-I1543,I1544)",,,current,1542,True,4109905524,82803552,True,True,True,True,True,1010,0.0,0.0,29.18,65.66,30.3,18.5,0,0,
"=A1544+IF(H1545=H1544,I1545-I1544,I1545)/86400000","=IF(H1545=H1544,I1545-I1544,I1545)",,,current,1543,True,4109905524,83104511,True,True,True,True,True,1010,0.0,0.0,29.2,65.85,30.2,18.4,0,0,
"=A1545+IF(H1546=H1545,I1546-I1545,I1546)/86400000","=IF(H1546=H1545,I1546-I1545,I1546)",,,current,1544,True,4109905524,83405474,True,True,True,True,True,1010,0.0,0.0,29.15,66.08,30.2,18.3,0,0,
"=A1546+IF(H1547=H1546,I1547-I1546,I1547)/86400000","=IF(H1547=H1546,I1547-I1546,I1547)",,,current,1545,True,4109905524,83706437,True,True,True,True,True,1010,0.0,0.0,29.13,66.31,30.2,18.2,0,0,
"=A1547+IF(H1548=H1547,I1548-I1547,I1548)/86400000","=IF(H1548=H1547,I1548-I1547,I1548)",,,current,1546,True,4109905524,84007404,True,True,True,True,True,1010,0.0,0.0,29.07,66.51,30.2,18.1,0,0,
"=A1548+IF(H1549=H1548,I1549-I1548,I1549)/86400000","=IF(H1549=H1548,I1549-I1548,I1549)",,,current,1547,True,4109905524,84308371,True,True,True,True,True,1010,0.0,0.0,29.07,66.62,30.2,18.0,0,0,
"=A1549+IF(H1550=H1549,I1550-I1549,I1550)/86400000","=IF(H1550=H1549,I1550-I1549,I1550)",,,current,1548,True,4109905524,84609339,True,True,True,True,True,1010,0.0,0.0,29.12,66.88,30.2,18.1,0,0,
"=A1550+IF(H1551=H1550,I1551-I1550,I1551)/86400000","=IF(H1551=H1550,I1551-I1550,I1551)",,,current,1549,True,4109905524,84910308,True,True,True,True,True,1010,0.0,0.0,29.08,67.07,30.2,18.0,0,0,
"=A1551+IF(H1552=H1551,I1552-I1551,I1552)/86400000","=IF(H1552=H1551,I1552-I1551,I1552)",,,current,1550,True,4109905524,85211281,True,True,True,True,True,1010,0.032,0.857,29.08,67.26,30.1,18.6,0,0,
"=A1552+IF(H1553=H1552,I1553-I1552,I1553)/86400000","=IF(H1553=H1552,I1553-I1552,I1553)",,,current,1551,True,4109905524,85512257,True,True,True,True,True,1010,0.0,0.0,28.96,67.42,29.9,23.5,0,0,
"=A1553+IF(H1554=H1553,I1554-I1553,I1554)/86400000","=IF(H1554=H1553,I1554-I1553,I1554)",,,current,1552,True,4109905524,85813234,True,True,True,True,True,1010,0.105,2.835,28.89,67.64,29.9,22.6,0,0,
"=A1554+IF(H1555=H1554,I1555-I1554,I1555)/86400000","=IF(H1555=H1554,I1555-I1554,I1555)",,,current,1553,True,4109905524,86114213,True,True,True,True,True,1009,0.0,0.0,28.82,67.81,29.9,21.5,0,0,
"=A1555+IF(H1556=H1555,I1556-I1555,I1556)/86400000","=IF(H1556=H1555,I1556-I1555,I1556)",,,current,1554,True,4109905524,86415192,True,True,True,True,True,1010,0.0,0.0,28.85,67.97,29.9,20.8,0,0,
"=A1556+IF(H1557=H1556,I1557-I1556,I1557)/86400000","=IF(H1557=H1556,I1557-I1556,I1557)",,,current,1555,True,4109905524,86716173,True,True,True,True,True,1010,0.0,0.0,28.81,68.22,29.9,20.6,0,0,
"=A1557+IF(H1558=H1557,I1558-I1557,I1558)/86400000","=IF(H1558=H1557,I1558-I1557,I1558)",,,current,1556,True,4109905524,87017158,True,True,True,True,True,1010,0.0,0.0,28.69,68.33,29.9,19.9,0,0,
"=A1558+IF(H1559=H1558,I1559-I1558,I1559)/86400000","=IF(H1559=H1558,I1559-I1558,I1559)",,,current,1557,True,4109905524,87318144,True,True,True,True,True,1010,0.0,0.0,28.57,68.47,29.8,19.7,0,0,
"=A1559+IF(H1560=H1559,I1560-I1559,I1560)/86400000","=IF(H1560=H1559,I1560-I1559,I1560)",,,current,1558,True,4109905524,87619165,True,True,True,True,True,1010,0.0,0.0,28.49,68.7,29.8,19.6,0,0,
"=A1560+IF(H1561=H1560,I1561-I1560,I1561)/86400000","=IF(H1561=H1560,I1561-I1560,I1561)",,,current,1559,True,4109905524,87920128,True,True,True,True,True,1010,0.0,0.0,28.44,68.82,29.8,19.5,0,0,
"=A1561+IF(H1562=H1561,I1562-I1561,I1562)/86400000","=IF(H1562=H1561,I1562-I1561,I1562)",,,current,1560,True,4109905524,88221094,True,True,True,True,True,1010,0.0,0.0,28.43,69.03,29.8,19.4,0,0,
"=A1562+IF(H1563=H1562,I1563-I1562,I1563)/86400000","=IF(H1563=H1562,I1563-I1562,I1563)",,,current,1561,True,4109905524,88522059,True,True,True,True,True,1010,0.0,0.0,28.4,69.23,29.8,19.3,0,0,
"=A1563+IF(H1564=H1563,I1564-I1563,I1564)/86400000","=IF(H1564=H1563,I1564-I1563,I1564)",,,current,1562,True,4109905524,88823026,True,True,True,True,True,1010,0.0,0.0,28.41,69.4,29.8,19.2,0,0,
"=A1564+IF(H1565=H1564,I1565-I1564,I1565)/86400000","=IF(H1565=H1564,I1565-I1564,I1565)",,,current,1563,True,4109905524,89123994,True,True,True,True,True,1010,0.0,0.0,28.42,69.58,29.8,18.6,0,0,
"=A1565+IF(H1566=H1565,I1566-I1565,I1566)/86400000","=IF(H1566=H1565,I1566-I1565,I1566)",,,current,1564,True,4109905524,89424966,True,True,True,True,True,1010,0.0,0.0,28.39,69.75,29.8,19.6,0,0,
"=A1566+IF(H1567=H1566,I1567-I1566,I1567)/86400000","=IF(H1567=H1566,I1567-I1566,I1567)",,,current,1565,True,4109905524,89725941,True,True,True,True,True,1010,0.0,0.0,28.37,69.95,29.7,19.9,0,0,
"=A1567+IF(H1568=H1567,I1568-I1567,I1568)/86400000","=IF(H1568=H1567,I1568-I1567,I1568)",,,current,1566,True,4109905524,90026916,True,True,True,True,True,1010,0.0,0.0,28.2,70.07,29.7,20.2,0,0,
"=A1568+IF(H1569=H1568,I1569-I1568,I1569)/86400000","=IF(H1569=H1568,I1569-I1568,I1569)",,,current,1567,True,4109905524,90327891,True,True,True,True,True,1010,0.0,0.0,27.84,70.14,29.7,19.9,0,0,
"=A1569+IF(H1570=H1569,I1570-I1569,I1570)/86400000","=IF(H1570=H1569,I1570-I1569,I1570)",,,current,1568,True,4109905524,90628869,True,True,True,True,True,1010,0.0,0.0,27.16,70.12,29.5,22.7,0,0,
"=A1570+IF(H1571=H1570,I1571-I1570,I1571)/86400000","=IF(H1571=H1570,I1571-I1570,I1571)",,,current,1569,True,4109905524,90929850,True,True,True,True,True,1010,0.0,0.0,26.77,70.11,29.2,24.3,0,0,
"=A1571+IF(H1572=H1571,I1572-I1571,I1572)/86400000","=IF(H1572=H1571,I1572-I1571,I1572)",,,current,1570,True,4109905524,91230832,True,True,True,True,True,1010,0.0,0.0,26.34,70.16,29.1,23.5,0,0,
"=A1572+IF(H1573=H1572,I1573-I1572,I1573)/86400000","=IF(H1573=H1572,I1573-I1572,I1573)",,,current,1571,True,4109905524,91531815,True,True,True,True,True,1010,0.034,0.923,26.18,70.18,28.4,25.1,0,0,
"=A1573+IF(H1574=H1573,I1574-I1573,I1574)/86400000","=IF(H1574=H1573,I1574-I1573,I1574)",,,current,1572,True,4109905524,91832800,True,True,True,True,True,1010,0.101,2.736,26.0,70.34,28.0,28.1,0,0,
"=A1574+IF(H1575=H1574,I1575-I1574,I1575)/86400000","=IF(H1575=H1574,I1575-I1574,I1575)",,,current,1573,True,4109905524,92133786,True,True,True,True,True,1009,0.121,3.264,25.86,70.4,28.2,25.4,0,0,
"=A1575+IF(H1576=H1575,I1576-I1575,I1576)/86400000","=IF(H1576=H1575,I1576-I1575,I1576)",,,current,1574,True,4109905524,92434807,True,True,True,True,True,1010,0.0,0.0,25.8,70.47,28.3,24.2,0,0,
"=A1576+IF(H1577=H1576,I1577-I1576,I1577)/86400000","=IF(H1577=H1576,I1577-I1576,I1577)",,,current,1575,True,4109905524,92735771,True,True,True,True,True,1010,0.0,0.0,25.74,70.65,28.3,23.4,0,0,
"=A1577+IF(H1578=H1577,I1578-I1577,I1578)/86400000","=IF(H1578=H1577,I1578-I1577,I1578)",,,current,1576,True,4109905524,93036739,True,True,True,True,True,1009,0.0,0.0,26.01,70.84,28.3,22.7,0,0,
"=A1578+IF(H1579=H1578,I1579-I1578,I1579)/86400000","=IF(H1579=H1578,I1579-I1578,I1579)",,,current,1577,True,4109905524,93337707,True,True,True,True,True,1009,0.0,0.0,26.14,71.06,28.2,22.3,0,0,
"=A1579+IF(H1580=H1579,I1580-I1579,I1580)/86400000","=IF(H1580=H1579,I1580-I1579,I1580)",,,current,1578,True,4109905524,93638678,True,True,True,True,True,1009,0.0,0.0,26.2,71.24,28.2,21.9,0,0,
"=A1580+IF(H1581=H1580,I1581-I1580,I1581)/86400000","=IF(H1581=H1580,I1581-I1580,I1581)",,,current,1579,True,4109905524,93939648,True,True,True,True,True,1009,0.0,0.0,26.26,71.41,28.3,21.7,0,0,
"=A1581+IF(H1582=H1581,I1582-I1581,I1582)/86400000","=IF(H1582=H1581,I1582-I1581,I1582)",,,current,1580,True,4109905524,94240622,True,True,True,True,True,1009,0.0,0.0,26.32,71.58,28.3,21.4,0,0,
"=A1582+IF(H1583=H1582,I1583-I1582,I1583)/86400000","=IF(H1583=H1582,I1583-I1582,I1583)",,,current,1581,True,4109905524,94541599,True,True,True,True,True,1009,0.0,0.0,26.36,71.72,28.3,21.3,0,0,
"=A1583+IF(H1584=H1583,I1584-I1583,I1584)/86400000","=IF(H1584=H1583,I1584-I1583,I1584)",,,current,1582,True,4109905524,94842576,True,True,True,True,True,1009,0.0,0.0,26.32,71.88,28.3,21.1,0,0,
"=A1584+IF(H1585=H1584,I1585-I1584,I1585)/86400000","=IF(H1585=H1584,I1585-I1584,I1585)",,,current,1583,True,4109905524,95143555,True,True,True,True,True,1009,0.0,0.0,26.26,72.05,28.3,21.0,0,0,
"=A1585+IF(H1586=H1585,I1586-I1585,I1586)/86400000","=IF(H1586=H1585,I1586-I1585,I1586)",,,current,1584,True,4109905524,95444535,True,True,True,True,True,1009,0.0,0.0,26.23,72.14,28.3,20.8,0,0,
"=A1586+IF(H1587=H1586,I1587-I1586,I1587)/86400000","=IF(H1587=H1586,I1587-I1586,I1587)",,,current,1585,True,4109905524,95745516,True,True,True,True,True,1009,0.0,0.0,26.23,72.28,28.3,20.7,0,0,
"=A1587+IF(H1588=H1587,I1588-I1587,I1588)/86400000","=IF(H1588=H1587,I1588-I1587,I1588)",,,current,1586,True,4109905524,96046502,True,True,True,True,True,1009,0.0,0.0,26.17,72.46,28.3,20.5,0,0,
"=A1588+IF(H1589=H1588,I1589-I1588,I1589)/86400000","=IF(H1589=H1588,I1589-I1588,I1589)",,,current,1587,True,4109905524,96347488,True,True,True,True,True,1009,0.0,0.0,26.2,72.56,28.3,20.5,0,0,
"=A1589+IF(H1590=H1589,I1590-I1589,I1590)/86400000","=IF(H1590=H1589,I1590-I1589,I1590)",,,current,1588,True,4109905524,96648475,True,True,True,True,True,1009,0.011,0.297,26.24,72.72,28.3,20.3,0,0,
"=A1590+IF(H1591=H1590,I1591-I1590,I1591)/86400000","=IF(H1591=H1590,I1591-I1590,I1591)",,,current,1589,True,4109905524,96949464,True,True,True,True,True,1009,0.0,0.0,26.26,72.88,28.3,20.1,0,0,
"=A1591+IF(H1592=H1591,I1592-I1591,I1592)/86400000","=IF(H1592=H1591,I1592-I1591,I1592)",,,current,1590,True,4109905524,97250489,True,True,True,True,True,1009,0.066,1.78,26.34,73.1,28.3,20.2,0,0,
"=A1592+IF(H1593=H1592,I1593-I1592,I1593)/86400000","=IF(H1593=H1592,I1593-I1592,I1593)",,,current,1591,True,4109905524,97551457,True,True,True,True,True,1009,0.0,0.0,26.37,73.21,28.3,20.0,0,0,
"=A1593+IF(H1594=H1593,I1594-I1593,I1594)/86400000","=IF(H1594=H1593,I1594-I1593,I1594)",,,current,1592,True,4109905524,97852428,True,True,True,True,True,1009,0.0,0.0,26.41,73.37,28.3,20.0,0,0,
"=A1594+IF(H1595=H1594,I1595-I1594,I1595)/86400000","=IF(H1595=H1594,I1595-I1594,I1595)",,,current,1593,True,4109905524,98153399,True,True,True,True,True,1009,0.0,0.0,26.47,73.51,28.3,19.9,0,0,
"=A1595+IF(H1596=H1595,I1596-I1595,I1596)/86400000","=IF(H1596=H1595,I1596-I1595,I1596)",,,current,1594,True,4109905524,98454375,True,True,True,True,True,1009,0.0,0.0,26.52,73.67,28.3,19.9,0,0,
"=A1596+IF(H1597=H1596,I1597-I1596,I1597)/86400000","=IF(H1597=H1596,I1597-I1596,I1597)",,,current,1595,True,4109905524,98755352,True,True,True,True,True,1009,0.0,0.0,26.6,73.82,28.3,19.9,0,0,
"=A1597+IF(H1598=H1597,I1598-I1597,I1598)/86400000","=IF(H1598=H1597,I1598-I1597,I1598)",,,current,1596,True,4109905524,99056329,True,True,True,True,True,1009,0.0,0.0,26.66,73.98,28.3,19.8,0,0,
"=A1598+IF(H1599=H1598,I1599-I1598,I1599)/86400000","=IF(H1599=H1598,I1599-I1598,I1599)",,,current,1597,True,4109905524,99357307,True,True,True,True,True,1009,0.0,0.0,26.74,74.21,28.3,19.8,0,0,
"=A1599+IF(H1600=H1599,I1600-I1599,I1600)/86400000","=IF(H1600=H1599,I1600-I1599,I1600)",,,current,1598,True,4109905524,99658289,True,True,True,True,True,1009,0.0,0.0,26.79,74.33,28.3,19.7,0,0,
"=A1600+IF(H1601=H1600,I1601-I1600,I1601)/86400000","=IF(H1601=H1600,I1601-I1600,I1601)",,,current,1599,True,4109905524,99959272,True,True,True,True,True,1009,0.038,1.022,26.82,74.44,28.3,19.7,0,0,
"=A1601+IF(H1602=H1601,I1602-I1601,I1602)/86400000","=IF(H1602=H1601,I1602-I1601,I1602)",,,current,1600,True,4109905524,100260258,True,True,True,True,True,1009,0.0,0.0,26.88,74.63,28.3,19.7,0,0,
"=A1602+IF(H1603=H1602,I1603-I1602,I1603)/86400000","=IF(H1603=H1602,I1603-I1602,I1603)",,,current,1601,True,4109905524,100561243,True,True,True,True,True,1009,0.0,0.0,26.91,74.73,28.3,19.6,0,0,
"=A1603+IF(H1604=H1603,I1604-I1603,I1604)/86400000","=IF(H1604=H1603,I1604-I1603,I1604)",,,current,1602,True,4109905524,100862231,True,True,True,True,True,1009,0.0,0.0,26.97,74.89,28.3,19.6,0,0,
"=A1604+IF(H1605=H1604,I1605-I1604,I1605)/86400000","=IF(H1605=H1604,I1605-I1604,I1605)",,,current,1603,True,4109905524,101163221,True,True,True,True,True,1009,0.0,0.0,27.02,75.12,28.3,19.6,0,0,
"=A1605+IF(H1606=H1605,I1606-I1605,I1606)/86400000","=IF(H1606=H1605,I1606-I1605,I1606)",,,current,1604,True,4109905524,101464226,True,True,True,True,True,1009,0.0,0.0,27.09,75.19,28.4,19.5,0,0,
"=A1606+IF(H1607=H1606,I1607-I1606,I1607)/86400000","=IF(H1607=H1606,I1607-I1606,I1607)",,,current,1605,True,4109905524,101765206,True,True,True,True,True,1009,0.0,0.0,27.14,75.38,28.4,19.5,0,0,
"=A1607+IF(H1608=H1607,I1608-I1607,I1608)/86400000","=IF(H1608=H1607,I1608-I1607,I1608)",,,current,1606,True,4109905524,102066223,True,True,True,True,True,1009,0.0,0.0,27.18,75.52,28.4,19.5,0,0,
"=A1608+IF(H1609=H1608,I1609-I1608,I1609)/86400000","=IF(H1609=H1608,I1609-I1608,I1609)",,,current,1607,True,4109905524,102367181,True,True,True,True,True,1009,0.0,0.0,27.2,75.67,28.4,19.5,0,0,
"=A1609+IF(H1610=H1609,I1610-I1609,I1610)/86400000","=IF(H1610=H1609,I1610-I1609,I1610)",,,current,1608,True,4109905524,102668139,True,True,True,True,True,1009,0.0,0.0,27.22,75.83,28.4,19.4,0,0,
"=A1610+IF(H1611=H1610,I1611-I1610,I1611)/86400000","=IF(H1611=H1610,I1611-I1610,I1611)",,,current,1609,True,4109905524,102969098,True,True,True,True,True,1009,0.0,0.0,27.21,75.96,28.4,19.4,0,0,
"=A1611+IF(H1612=H1611,I1612-I1611,I1612)/86400000","=IF(H1612=H1611,I1612-I1611,I1612)",,,current,1610,True,4109905524,103270061,True,True,True,True,True,1009,0.0,0.0,27.23,76.08,28.4,19.4,0,0,
"=A1612+IF(H1613=H1612,I1613-I1612,I1613)/86400000","=IF(H1613=H1612,I1613-I1612,I1613)",,,current,1611,True,4109905524,103571027,True,True,True,True,True,1009,0.0,0.0,27.21,76.2,28.4,19.4,0,0,
"=A1613+IF(H1614=H1613,I1614-I1613,I1614)/86400000","=IF(H1614=H1613,I1614-I1613,I1614)",,,current,1612,True,4109905524,103871994,True,True,True,True,True,1009,0.0,0.0,27.22,76.33,28.4,19.3,0,0,
"=A1614+IF(H1615=H1614,I1615-I1614,I1615)/86400000","=IF(H1615=H1614,I1615-I1614,I1615)",,,current,1613,True,4109905524,104172960,True,True,True,True,True,1009,0.0,0.0,27.22,76.47,28.4,19.3,0,0,
"=A1615+IF(H1616=H1615,I1616-I1615,I1616)/86400000","=IF(H1616=H1615,I1616-I1615,I1616)",,,current,1614,True,4109905524,104473931,True,True,True,True,True,1009,0.0,0.0,27.22,76.55,28.4,19.3,0,0,
"=A1616+IF(H1617=H1616,I1617-I1616,I1617)/86400000","=IF(H1617=H1616,I1617-I1616,I1617)",,,current,1615,True,4109905524,104774902,True,True,True,True,True,1009,0.0,0.0,27.23,76.69,28.4,19.3,0,0,
"=A1617+IF(H1618=H1617,I1618-I1617,I1618)/86400000","=IF(H1618=H1617,I1618-I1617,I1618)",,,current,1616,True,4109905524,105075877,True,True,True,True,True,1009,0.0,0.0,27.23,76.82,28.4,19.3,0,0,
"=A1618+IF(H1619=H1618,I1619-I1618,I1619)/86400000","=IF(H1619=H1618,I1619-I1618,I1619)",,,current,1617,True,4109905524,105376853,True,True,True,True,True,1009,0.0,0.0,27.29,76.99,28.4,19.2,0,0,
"=A1619+IF(H1620=H1619,I1620-I1619,I1620)/86400000","=IF(H1620=H1619,I1620-I1619,I1620)",,,current,1618,True,4109905524,105677831,True,True,True,True,True,1009,0.001,0.033,27.36,77.18,28.4,19.2,0,0,
"=A1620+IF(H1621=H1620,I1621-I1620,I1621)/86400000","=IF(H1621=H1620,I1621-I1620,I1621)",,,current,1619,True,4109905524,105978811,True,True,True,True,True,1009,0.0,0.0,27.37,77.23,28.4,19.2,0,0,
"=A1621+IF(H1622=H1621,I1622-I1621,I1622)/86400000","=IF(H1622=H1621,I1622-I1621,I1622)",,,current,1620,True,4109905524,106279792,True,True,True,True,True,1009,0.0,0.0,27.38,77.41,28.4,19.2,0,0,
"=A1622+IF(H1623=H1622,I1623-I1622,I1623)/86400000","=IF(H1623=H1622,I1623-I1622,I1623)",,,current,1621,True,4109905524,106580774,True,True,True,True,True,1009,0.0,0.0,27.41,77.56,28.4,19.2,0,0,
"=A1623+IF(H1624=H1623,I1624-I1623,I1624)/86400000","=IF(H1624=H1623,I1624-I1623,I1624)",,,current,1622,True,4109905524,106881793,True,True,True,True,True,1009,0.0,0.0,27.42,77.65,28.4,19.2,0,0,
"=A1624+IF(H1625=H1624,I1625-I1624,I1625)/86400000","=IF(H1625=H1624,I1625-I1624,I1625)",,,current,1623,True,4109905524,107182753,True,True,True,True,True,1009,0.0,0.0,27.45,77.76,28.4,19.2,0,1,
"=A1625+IF(H1626=H1625,I1626-I1625,I1626)/86400000","=IF(H1626=H1625,I1626-I1625,I1626)",,,current,1624,True,4109905524,107483714,True,True,True,True,True,1009,0.0,0.0,27.47,77.92,28.4,19.1,0,1,
"=A1626+IF(H1627=H1626,I1627-I1626,I1627)/86400000","=IF(H1627=H1626,I1627-I1626,I1627)",,,current,1625,True,4109905524,107784679,True,True,True,True,True,1009,0.0,0.0,27.49,77.96,28.4,19.1,0,2,
"=A1627+IF(H1628=H1627,I1628-I1627,I1628)/86400000","=IF(H1628=H1627,I1628-I1627,I1628)",,,current,1626,True,4109905524,108085645,True,True,True,True,True,1010,0.0,0.0,27.51,78.15,28.5,19.1,1,4,
"=A1628+IF(H1629=H1628,I1629-I1628,I1629)/86400000","=IF(H1629=H1628,I1629-I1628,I1629)",,,current,1627,True,4109905524,108386612,True,True,True,True,True,1009,0.016,0.429,27.55,78.26,28.5,19.1,1,3,
"=A1629+IF(H1630=H1629,I1630-I1629,I1630)/86400000","=IF(H1630=H1629,I1630-I1629,I1630)",,,current,1628,True,4109905524,108687581,True,True,True,True,True,1009,0.0,0.0,27.58,78.4,28.5,19.1,1,4,
"=A1630+IF(H1631=H1630,I1631-I1630,I1631)/86400000","=IF(H1631=H1630,I1631-I1630,I1631)",,,current,1629,True,4109905524,108988553,True,True,True,True,True,1009,0.0,0.0,27.65,78.55,28.5,19.1,1,4,
"=A1631+IF(H1632=H1631,I1632-I1631,I1632)/86400000","=IF(H1632=H1631,I1632-I1631,I1632)",,,current,1630,True,4109905524,109289525,True,True,True,True,True,1009,0.0,0.0,27.76,78.69,28.5,19.1,1,4,
"=A1632+IF(H1633=H1632,I1633-I1632,I1633)/86400000","=IF(H1633=H1632,I1633-I1632,I1633)",,,current,1631,True,4109905524,109590499,True,True,True,True,True,1009,0.0,0.0,27.82,78.84,28.5,19.0,1,4,
"=A1633+IF(H1634=H1633,I1634-I1633,I1634)/86400000","=IF(H1634=H1633,I1634-I1633,I1634)",,,current,1632,True,4109905524,109891476,True,True,True,True,True,1009,0.0,0.0,27.84,78.99,28.5,19.0,1,5,
"=A1634+IF(H1635=H1634,I1635-I1634,I1635)/86400000","=IF(H1635=H1634,I1635-I1634,I1635)",,,current,1633,True,4109905524,110192454,True,True,True,True,True,1008,0.0,0.0,27.93,79.05,28.5,19.0,1,6,
"=A1635+IF(H1636=H1635,I1636-I1635,I1636)/86400000","=IF(H1636=H1635,I1636-I1635,I1636)",,,current,1634,True,4109905524,110493433,True,True,True,True,True,1009,0.0,0.0,27.99,79.21,28.5,19.0,1,6,
"=A1636+IF(H1637=H1636,I1637-I1636,I1637)/86400000","=IF(H1637=H1636,I1637-I1636,I1637)",,,current,1635,True,4109905524,110794416,True,True,True,True,True,1009,0.001,0.033,28.04,79.37,28.5,19.0,1,7,
"=A1637+IF(H1638=H1637,I1638-I1637,I1638)/86400000","=IF(H1638=H1637,I1638-I1637,I1638)",,,current,1636,True,4109905524,111095398,True,True,True,True,True,1009,0.0,0.0,28.13,79.44,28.5,19.0,2,8,
"=A1638+IF(H1639=H1638,I1639-I1638,I1639)/86400000","=IF(H1639=H1638,I1639-I1638,I1639)",,,current,1637,True,4109905524,111396382,True,True,True,True,True,1010,0.0,0.0,28.16,79.58,28.5,19.0,2,8,
"=A1639+IF(H1640=H1639,I1640-I1639,I1640)/86400000","=IF(H1640=H1639,I1640-I1639,I1640)",,,current,1638,True,4109905524,111697400,True,True,True,True,True,1010,0.0,0.0,28.23,79.69,28.6,19.0,2,9,
"=A1640+IF(H1641=H1640,I1641-I1640,I1641)/86400000","=IF(H1641=H1640,I1641-I1640,I1641)",,,current,1639,True,4109905524,111998361,True,True,True,True,True,1010,0.0,0.0,28.28,79.81,28.5,19.0,2,11,
"=A1641+IF(H1642=H1641,I1642-I1641,I1642)/86400000","=IF(H1642=H1641,I1642-I1641,I1642)",,,current,1640,True,4109905524,112299324,True,True,True,True,True,1010,0.046,1.253,28.35,79.95,28.6,18.9,3,12,
"=A1642+IF(H1643=H1642,I1643-I1642,I1643)/86400000","=IF(H1643=H1642,I1643-I1642,I1643)",,,current,1641,True,4109905524,112600287,True,True,True,True,True,1008,0.0,0.0,28.43,80.09,28.6,18.9,3,13,
"=A1643+IF(H1644=H1643,I1644-I1643,I1644)/86400000","=IF(H1644=H1643,I1644-I1643,I1644)",,,current,1642,True,4109905524,112901255,True,True,True,True,True,1010,0.0,0.0,28.49,80.27,28.6,18.9,3,14,
"=A1644+IF(H1645=H1644,I1645-I1644,I1645)/86400000","=IF(H1645=H1644,I1645-I1644,I1645)",,,current,1643,True,4109905524,113202224,True,True,True,True,True,1010,0.0,0.0,28.57,80.38,28.6,18.9,3,16,
"=A1645+IF(H1646=H1645,I1646-I1645,I1646)/86400000","=IF(H1646=H1645,I1646-I1645,I1646)",,,current,1644,True,4109905524,113503195,True,True,True,True,True,1010,0.0,0.0,28.63,80.46,28.6,18.9,4,18,
"=A1646+IF(H1647=H1646,I1647-I1646,I1647)/86400000","=IF(H1647=H1646,I1647-I1646,I1647)",,,current,1645,True,4109905524,113804169,True,True,True,True,True,1010,0.0,0.0,28.71,80.59,28.7,18.9,4,19,
"=A1647+IF(H1648=H1647,I1648-I1647,I1648)/86400000","=IF(H1648=H1647,I1648-I1647,I1648)",,,current,1646,True,4109905524,114105146,True,True,True,True,True,1010,0.0,0.0,28.81,80.7,28.7,18.9,4,20,
"=A1648+IF(H1649=H1648,I1649-I1648,I1649)/86400000","=IF(H1649=H1648,I1649-I1648,I1649)",,,current,1647,True,4109905524,114406123,True,True,True,True,True,1010,0.0,0.0,28.88,80.89,28.7,18.9,4,21,
"=A1649+IF(H1650=H1649,I1650-I1649,I1650)/86400000","=IF(H1650=H1649,I1650-I1649,I1650)",,,current,1648,True,4109905524,114707102,True,True,True,True,True,1010,0.0,0.0,28.94,80.97,28.7,18.9,4,22,
"=A1650+IF(H1651=H1650,I1651-I1650,I1651)/86400000","=IF(H1651=H1650,I1651-I1650,I1651)",,,current,1649,True,4109905524,115008083,True,True,True,True,True,1010,0.0,0.0,29.0,81.13,28.7,18.8,5,25,
"=A1651+IF(H1652=H1651,I1652-I1651,I1652)/86400000","=IF(H1652=H1651,I1652-I1651,I1652)",,,current,1650,True,4109905524,115309064,True,True,True,True,True,1010,0.0,0.0,29.13,81.24,28.7,18.9,7,33,
"=A1652+IF(H1653=H1652,I1653-I1652,I1653)/86400000","=IF(H1653=H1652,I1653-I1652,I1653)",,,current,1651,True,4109905524,115610048,True,True,True,True,True,1010,0.004,0.099,29.3,81.41,28.8,18.9,8,39,
"=A1653+IF(H1654=H1653,I1654-I1653,I1654)/86400000","=IF(H1654=H1653,I1654-I1653,I1654)",,,current,1652,True,4109905524,115911034,True,True,True,True,True,1010,0.0,0.0,29.45,81.6,28.8,18.9,10,49,
"=A1654+IF(H1655=H1654,I1655-I1654,I1655)/86400000","=IF(H1655=H1654,I1655-I1654,I1655)",,,current,1653,True,4109905524,116212021,True,True,True,True,True,1010,0.0,0.0,29.68,81.73,28.8,18.8,12,61,
"=A1655+IF(H1656=H1655,I1656-I1655,I1656)/86400000","=IF(H1656=H1655,I1656-I1655,I1656)",,,current,1654,True,4109905524,116513042,True,True,True,True,True,1010,0.0,0.0,29.9,81.84,28.9,18.8,15,69,
"=A1656+IF(H1657=H1656,I1657-I1656,I1657)/86400000","=IF(H1657=H1656,I1657-I1656,I1657)",,,current,1655,True,4109905524,116814005,True,True,True,True,True,1010,0.0,0.0,30.14,82.03,28.9,18.8,16,74,
"=A1657+IF(H1658=H1657,I1658-I1657,I1658)/86400000","=IF(H1658=H1657,I1658-I1657,I1658)",,,current,1656,True,4109905524,117114971,True,True,True,True,True,1010,0.0,0.0,30.4,82.17,28.9,18.8,19,89,
"=A1658+IF(H1659=H1658,I1659-I1658,I1659)/86400000","=IF(H1659=H1658,I1659-I1658,I1659)",,,current,1657,True,4109905524,117415940,True,True,True,True,True,1010,0.006,0.165,30.72,82.36,29.0,18.8,19,96,
"=A1659+IF(H1660=H1659,I1660-I1659,I1660)/86400000","=IF(H1660=H1659,I1660-I1659,I1660)",,,current,1658,True,4109905524,117716909,True,True,True,True,True,1010,0.0,0.0,30.93,82.56,29.0,18.8,20,104,
"=A1660+IF(H1661=H1660,I1661-I1660,I1661)/86400000","=IF(H1661=H1660,I1661-I1660,I1661)",,,current,1659,True,4109905524,118017881,True,True,True,True,True,1010,0.0,0.0,31.11,82.72,29.1,18.8,21,108,
"=A1661+IF(H1662=H1661,I1662-I1661,I1662)/86400000","=IF(H1662=H1661,I1662-I1661,I1662)",,,current,1660,True,4109905524,118318855,True,True,True,True,True,1010,0.043,1.154,31.26,82.84,29.1,18.8,18,87,
"=A1662+IF(H1663=H1662,I1663-I1662,I1663)/86400000","=IF(H1663=H1662,I1663-I1662,I1663)",,,current,1661,True,4109905524,118619832,True,True,True,True,True,1010,0.0,0.0,31.23,82.99,29.1,18.8,20,101,
"=A1663+IF(H1664=H1663,I1664-I1663,I1664)/86400000","=IF(H1664=H1663,I1664-I1663,I1664)",,,current,1662,True,4109905524,118920810,True,True,True,True,True,1010,0.0,0.0,31.51,83.12,29.2,18.8,28,142,
"=A1664+IF(H1665=H1664,I1665-I1664,I1665)/86400000","=IF(H1665=H1664,I1665-I1664,I1665)",,,current,1663,True,4109905524,119221789,True,True,True,True,True,1010,0.0,0.0,31.78,83.24,29.2,18.7,28,137,
"=A1665+IF(H1666=H1665,I1666-I1665,I1666)/86400000","=IF(H1666=H1665,I1666-I1665,I1666)",,,current,1664,True,4109905524,119522769,True,True,True,True,True,1010,0.0,0.0,32.18,83.39,29.2,18.8,52,499,
"=A1666+IF(H1667=H1666,I1667-I1666,I1667)/86400000","=IF(H1667=H1666,I1667-I1666,I1667)",,,current,1665,True,4109905524,119823753,True,True,True,True,True,1010,0.0,0.0,32.95,83.61,29.3,18.7,61,388,
"=A1667+IF(H1668=H1667,I1668-I1667,I1668)/86400000","=IF(H1668=H1667,I1668-I1667,I1668)",,,current,1666,True,4109905524,120124737,True,True,True,True,True,1010,0.0,0.0,34.59,83.84,29.4,18.7,78,456,
"=A1668+IF(H1669=H1668,I1669-I1668,I1669)/86400000","=IF(H1669=H1668,I1669-I1668,I1669)",,,current,1667,True,4109905524,120425724,True,True,True,True,True,1010,0.0,0.0,35.15,84.14,29.5,18.7,45,257,
"=A1669+IF(H1670=H1669,I1670-I1669,I1670)/86400000","=IF(H1670=H1669,I1670-I1669,I1670)",,,current,1668,True,4109905524,120726710,True,True,True,True,True,1010,0.0,0.0,36.6,84.44,29.6,18.6,82,451,
"=A1670+IF(H1671=H1670,I1671-I1670,I1671)/86400000","=IF(H1671=H1670,I1671-I1670,I1671)",,,current,1669,True,4109905524,121027700,True,True,True,True,True,1010,0.0,0.0,35.95,84.71,29.7,18.7,34,176,
"=A1671+IF(H1672=H1671,I1672-I1671,I1672)/86400000","=IF(H1672=H1671,I1672-I1671,I1672)",,,current,1670,True,4109905524,121328725,True,True,True,True,True,1010,0.0,0.0,35.63,84.59,29.8,18.6,114,577,
"=A1672+IF(H1673=H1672,I1673-I1672,I1673)/86400000","=IF(H1673=H1672,I1673-I1672,I1673)",,,current,1671,True,4109905524,121629690,True,True,True,True,True,1011,0.0,0.0,37.28,84.64,29.8,18.6,120,602,
"=A1673+IF(H1674=H1673,I1674-I1673,I1674)/86400000","=IF(H1674=H1673,I1674-I1673,I1674)",,,current,1672,True,4109905524,121930660,True,True,True,True,True,1010,0.0,0.0,37.69,84.96,29.9,18.6,148,745,
"=A1674+IF(H1675=H1674,I1675-I1674,I1675)/86400000","=IF(H1675=H1674,I1675-I1674,I1675)",,,current,1673,True,4109905524,122231632,True,True,True,True,True,1010,0.0,0.0,39.16,85.05,30.0,18.5,112,563,
"=A1675+IF(H1676=H1675,I1676-I1675,I1676)/86400000","=IF(H1676=H1675,I1676-I1675,I1676)",,,current,1674,True,4109905524,122532604,True,True,True,True,True,1010,0.0,0.0,39.42,85.18,30.1,18.6,95,479,
"=A1676+IF(H1677=H1676,I1677-I1676,I1677)/86400000","=IF(H1677=H1676,I1677-I1676,I1677)",,,current,1675,True,4109905524,122833579,True,True,True,True,True,1011,0.0,0.0,39.18,85.06,30.1,18.6,135,685,
"=A1677+IF(H1678=H1677,I1678-I1677,I1678)/86400000","=IF(H1678=H1677,I1678-I1677,I1678)",,,current,1676,True,4109905524,123134556,True,True,True,True,True,1010,0.0,0.0,39.26,85.22,30.2,18.6,64,325,
"=A1678+IF(H1679=H1678,I1679-I1678,I1679)/86400000","=IF(H1679=H1678,I1679-I1678,I1679)",,,current,1677,True,4109905524,123435534,True,True,True,True,True,1011,0.0,0.0,40.74,85.03,30.2,18.6,163,835,
"=A1679+IF(H1680=H1679,I1680-I1679,I1680)/86400000","=IF(H1680=H1679,I1680-I1679,I1680)",,,current,1678,True,4109905524,123736517,True,True,True,True,True,1011,0.0,0.0,41.87,85.02,30.3,18.5,153,807,
"=A1680+IF(H1681=H1680,I1681-I1680,I1681)/86400000","=IF(H1681=H1680,I1681-I1680,I1681)",,,current,1679,True,4109905524,124037500,True,True,True,True,True,1011,0.0,0.0,42.78,84.98,30.3,18.5,160,860,
"=A1681+IF(H1682=H1681,I1682-I1681,I1682)/86400000","=IF(H1682=H1681,I1682-I1681,I1682)",,,current,1680,True,4109905524,124338487,True,True,True,True,True,1011,0.0,0.0,43.07,84.76,30.4,18.5,159,877,
"=A1682+IF(H1683=H1682,I1683-I1682,I1683)/86400000","=IF(H1683=H1682,I1683-I1682,I1683)",,,current,1681,True,4109905524,124639473,True,True,True,True,True,1011,0.0,0.0,44.17,84.52,30.4,18.5,154,865,
"=A1683+IF(H1684=H1683,I1684-I1683,I1684)/86400000","=IF(H1684=H1683,I1684-I1683,I1684)",,,current,1682,True,4109905524,124940461,True,True,True,True,True,1010,0.0,0.0,44.77,84.27,30.5,18.5,154,629,
"=A1684+IF(H1685=H1684,I1685-I1684,I1685)/86400000","=IF(H1685=H1684,I1685-I1684,I1685)",,,current,1683,True,4109905524,125241451,True,True,True,True,True,1010,0.0,0.0,44.75,83.94,30.5,18.4,147,214,
"=A1685+IF(H1686=H1685,I1686-I1685,I1686)/86400000","=IF(H1686=H1685,I1686-I1685,I1686)",,,current,1684,True,4109905524,125542455,True,True,True,True,True,1010,0.0,0.0,44.62,83.55,30.6,18.4,140,239,
"=A1686+IF(H1687=H1686,I1687-I1686,I1687)/86400000","=IF(H1687=H1686,I1687-I1686,I1687)",,,current,1685,True,4109905524,125843434,True,True,True,True,True,1009,0.0,0.0,44.06,83.23,30.6,18.4,88,211,
"=A1687+IF(H1688=H1687,I1688-I1687,I1688)/86400000","=IF(H1688=H1687,I1688-I1687,I1688)",,,current,1686,True,4109905524,126144451,True,True,True,True,True,1010,0.0,0.0,42.52,82.66,30.7,18.3,128,212,
"=A1688+IF(H1689=H1688,I1689-I1688,I1689)/86400000","=IF(H1689=H1688,I1689-I1688,I1689)",,,current,1687,True,4109905524,126445407,True,True,True,True,True,1010,0.0,0.0,43.32,82.19,30.8,18.3,133,249,
"=A1689+IF(H1690=H1689,I1690-I1689,I1690)/86400000","=IF(H1690=H1689,I1690-I1689,I1690)",,,current,1688,True,4109905524,126746366,True,True,True,True,True,1009,0.0,0.0,42.27,82.05,30.8,18.2,38,153,
"=A1690+IF(H1691=H1690,I1691-I1690,I1691)/86400000","=IF(H1691=H1690,I1691-I1690,I1691)",,,current,1689,True,4109905524,127047326,True,True,True,True,True,1010,0.0,0.0,40.51,81.46,30.8,18.2,135,276,
"=A1691+IF(H1692=H1691,I1692-I1691,I1692)/86400000","=IF(H1692=H1691,I1692-I1691,I1692)",,,current,1690,True,4109905524,127348290,True,True,True,True,True,1009,0.048,1.286,39.5,81.14,30.8,18.1,60,192,
"=A1692+IF(H1693=H1692,I1693-I1692,I1693)/86400000","=IF(H1693=H1692,I1693-I1692,I1693)",,,current,1691,True,4109905524,127649254,True,True,True,True,True,1009,0.098,2.637,38.22,80.81,30.8,18.1,40,163,
"=A1693+IF(H1694=H1693,I1694-I1693,I1694)/86400000","=IF(H1694=H1693,I1694-I1693,I1694)",,,current,1692,True,4109905524,127950220,True,True,True,True,True,1009,0.0,0.0,37.3,80.42,30.8,18.0,34,142,
"=A1694+IF(H1695=H1694,I1695-I1694,I1695)/86400000","=IF(H1695=H1694,I1695-I1694,I1695)",,,current,1693,True,4109905524,128251188,True,True,True,True,True,1010,0.0,0.0,37.26,80.13,30.7,18.0,79,220,
"=A1695+IF(H1696=H1695,I1696-I1695,I1696)/86400000","=IF(H1696=H1695,I1696-I1695,I1696)",,,current,1694,True,4109905524,128552157,True,True,True,True,True,1009,0.0,0.0,37.81,80.08,30.7,18.0,93,265,
"=A1696+IF(H1697=H1696,I1697-I1696,I1697)/86400000","=IF(H1697=H1696,I1697-I1696,I1697)",,,current,1695,True,4109905524,128853128,True,True,True,True,True,1009,0.0,0.0,38.14,80.0,30.8,17.9,87,337,
"=A1697+IF(H1698=H1697,I1698-I1697,I1698)/86400000","=IF(H1698=H1697,I1698-I1697,I1698)",,,current,1696,True,4109905524,129154101,True,True,True,True,True,1009,0.0,0.0,38.53,79.95,30.8,17.9,85,190,
"=A1698+IF(H1699=H1698,I1699-I1698,I1699)/86400000","=IF(H1699=H1698,I1699-I1698,I1699)",,,current,1697,True,4109905524,129455075,True,True,True,True,True,1009,0.0,0.0,38.72,79.87,30.8,17.8,82,189,
"=A1699+IF(H1700=H1699,I1700-I1699,I1700)/86400000","=IF(H1700=H1699,I1700-I1699,I1700)",,,current,1698,True,4109905524,129756051,True,True,True,True,True,1009,0.0,0.0,38.87,79.78,30.8,17.8,86,205,
"=A1700+IF(H1701=H1700,I1701-I1700,I1701)/86400000","=IF(H1701=H1700,I1701-I1700,I1701)",,,current,1699,True,4109905524,130057030,True,True,True,True,True,1009,0.0,0.0,38.44,79.61,30.9,17.7,88,220,
"=A1701+IF(H1702=H1701,I1702-I1701,I1702)/86400000","=IF(H1702=H1701,I1702-I1701,I1702)",,,current,1700,True,4109905524,130358011,True,True,True,True,True,1008,0.0,0.0,37.79,79.42,30.9,17.7,14,64,
"=A1702+IF(H1703=H1702,I1703-I1702,I1703)/86400000","=IF(H1703=H1702,I1703-I1702,I1703)",,,current,1701,True,4109905524,130658992,True,True,True,True,True,1009,0.0,0.0,36.73,79.14,30.9,17.7,22,99,
"=A1703+IF(H1704=H1703,I1704-I1703,I1704)/86400000","=IF(H1704=H1703,I1704-I1703,I1704)",,,current,1702,True,4109905524,130960007,True,True,True,True,True,1009,0.0,0.0,36.33,78.85,30.8,17.6,69,226,
"=A1704+IF(H1705=H1704,I1705-I1704,I1705)/86400000","=IF(H1705=H1704,I1705-I1704,I1705)",,,current,1703,True,4109905524,131260966,True,True,True,True,True,1009,0.0,0.0,36.44,78.8,30.8,17.6,23,104,
"=A1705+IF(H1706=H1705,I1706-I1705,I1706)/86400000","=IF(H1706=H1705,I1706-I1705,I1706)",,,current,1704,True,4109905524,131561928,True,True,True,True,True,1009,0.0,0.0,36.79,78.66,30.9,17.6,51,165,
"=A1706+IF(H1707=H1706,I1707-I1706,I1707)/86400000","=IF(H1707=H1706,I1707-I1706,I1707)",,,current,1705,True,4109905524,131862888,True,True,True,True,True,1009,0.0,0.0,37.41,78.69,30.9,17.5,68,208,
"=A1707+IF(H1708=H1707,I1708-I1707,I1708)/86400000","=IF(H1708=H1707,I1708-I1707,I1708)",,,current,1706,True,4109905524,132163851,True,True,True,True,True,1009,0.0,0.0,37.27,78.71,30.9,17.5,21,94,
"=A1708+IF(H1709=H1708,I1709-I1708,I1709)/86400000","=IF(H1709=H1708,I1709-I1708,I1709)",,,current,1707,True,4109905524,132464818,True,True,True,True,True,1008,0.0,0.0,36.45,78.53,30.9,17.5,14,62,
"=A1709+IF(H1710=H1709,I1710-I1709,I1710)/86400000","=IF(H1710=H1709,I1710-I1709,I1710)",,,current,1708,True,4109905524,132765787,True,True,True,True,True,1008,0.0,0.0,35.78,78.27,30.9,17.5,21,96,
"=A1710+IF(H1711=H1710,I1711-I1710,I1711)/86400000","=IF(H1711=H1710,I1711-I1710,I1711)",,,current,1709,True,4109905524,133066758,True,True,True,True,True,1009,0.0,0.0,35.79,78.11,30.8,17.5,26,109,
"=A1711+IF(H1712=H1711,I1712-I1711,I1712)/86400000","=IF(H1712=H1711,I1712-I1711,I1712)",,,current,1710,True,4109905524,133367730,True,True,True,True,True,1009,0.0,0.0,35.62,78.01,30.8,17.5,10,40,
"=A1712+IF(H1713=H1712,I1713-I1712,I1713)/86400000","=IF(H1713=H1712,I1713-I1712,I1713)",,,current,1711,True,4109905524,133668704,True,True,True,True,True,1008,0.006,0.165,34.05,77.84,30.8,17.9,9,51,
"=A1713+IF(H1714=H1713,I1714-I1713,I1714)/86400000","=IF(H1714=H1713,I1714-I1713,I1714)",,,current,1712,True,4109905524,133969679,True,True,True,True,True,1008,0.0,0.0,32.1,77.31,30.7,19.8,18,90,
"=A1714+IF(H1715=H1714,I1715-I1714,I1715)/86400000","=IF(H1715=H1714,I1715-I1714,I1715)",,,current,1713,True,4109905524,134270655,True,True,True,True,True,1008,0.0,0.0,31.45,76.97,30.7,19.5,30,136,
"=A1715+IF(H1716=H1715,I1716-I1715,I1716)/86400000","=IF(H1716=H1715,I1716-I1715,I1716)",,,current,1714,True,4109905524,134571636,True,True,True,True,True,1008,0.0,0.0,31.37,76.82,30.6,19.3,41,169,
"=A1716+IF(H1717=H1716,I1717-I1716,I1717)/86400000","=IF(H1717=H1716,I1717-I1716,I1717)",,,current,1715,True,4109905524,134872617,True,True,True,True,True,1008,0.0,0.0,31.24,76.81,30.6,19.2,22,106,
"=A1717+IF(H1718=H1717,I1718-I1717,I1718)/86400000","=IF(H1718=H1717,I1718-I1717,I1718)",,,current,1716,True,4109905524,135173598,True,True,True,True,True,1008,0.0,0.0,31.29,76.81,30.5,19.0,23,118,
"=A1718+IF(H1719=H1718,I1719-I1718,I1719)/86400000","=IF(H1719=H1718,I1719-I1718,I1719)",,,current,1717,True,4109905524,135474582,True,True,True,True,True,1008,0.0,0.0,31.18,76.83,30.5,18.9,19,94,
"=A1719+IF(H1720=H1719,I1720-I1719,I1720)/86400000","=IF(H1720=H1719,I1720-I1719,I1720)",,,current,1718,True,4109905524,135775602,True,True,True,True,True,1008,0.0,0.0,31.48,76.95,30.5,18.8,19,102,
"=A1720+IF(H1721=H1720,I1721-I1720,I1721)/86400000","=IF(H1721=H1720,I1721-I1720,I1721)",,,current,1719,True,4109905524,136076563,True,True,True,True,True,1008,0.0,0.0,31.5,77.03,30.5,18.7,34,139,
"=A1721+IF(H1722=H1721,I1722-I1721,I1722)/86400000","=IF(H1722=H1721,I1722-I1721,I1722)",,,current,1720,True,4109905524,136377526,True,True,True,True,True,1008,0.0,0.0,31.79,77.14,30.5,18.7,28,126,
"=A1722+IF(H1723=H1722,I1723-I1722,I1723)/86400000","=IF(H1723=H1722,I1723-I1722,I1723)",,,current,1721,True,4109905524,136678493,True,True,True,True,True,1008,0.035,0.956,32.13,77.3,30.4,18.6,42,314,
"=A1723+IF(H1724=H1723,I1724-I1723,I1724)/86400000","=IF(H1724=H1723,I1724-I1723,I1724)",,,current,1722,True,4109905524,136979462,True,True,True,True,True,1008,0.0,0.0,32.43,77.51,30.4,18.6,18,86,
"=A1724+IF(H1725=H1724,I1725-I1724,I1725)/86400000","=IF(H1725=H1724,I1725-I1724,I1725)",,,current,1723,True,4109905524,137280432,True,True,True,True,True,1008,0.0,0.0,32.13,77.45,30.4,18.5,44,168,
"=A1725+IF(H1726=H1725,I1726-I1725,I1726)/86400000","=IF(H1726=H1725,I1726-I1725,I1726)",,,current,1724,True,4109905524,137581402,True,True,True,True,True,1008,0.0,0.0,32.7,77.58,30.4,18.5,36,134,
"=A1726+IF(H1727=H1726,I1727-I1726,I1727)/86400000","=IF(H1727=H1726,I1727-I1726,I1727)",,,current,1725,True,4109905524,137882376,True,True,True,True,True,1008,0.023,0.626,33.07,77.86,30.4,18.5,33,137,
"=A1727+IF(H1728=H1727,I1728-I1727,I1728)/86400000","=IF(H1728=H1727,I1728-I1727,I1728)",,,current,1726,True,4109905524,138183350,True,True,True,True,True,1008,0.0,0.0,33.25,77.98,30.4,18.5,33,167,
"=A1728+IF(H1729=H1728,I1729-I1728,I1729)/86400000","=IF(H1729=H1728,I1729-I1728,I1729)",,,current,1727,True,4109905524,138484326,True,True,True,True,True,1008,0.0,0.0,33.6,78.07,30.4,18.5,33,130,
"=A1729+IF(H1730=H1729,I1730-I1729,I1730)/86400000","=IF(H1730=H1729,I1730-I1729,I1730)",,,current,1728,True,4109905524,138785303,True,True,True,True,True,1008,0.0,0.0,33.97,78.2,30.4,18.5,33,127,
"=A1730+IF(H1731=H1730,I1731-I1730,I1731)/86400000","=IF(H1731=H1730,I1731-I1730,I1731)",,,current,1729,True,4109905524,139086284,True,True,True,True,True,1007,0.0,0.0,34.32,78.32,30.4,18.4,30,117,
"=A1731+IF(H1732=H1731,I1732-I1731,I1732)/86400000","=IF(H1732=H1731,I1732-I1731,I1732)",,,current,1730,True,4109905524,139387265,True,True,True,True,True,1007,0.011,0.297,34.46,78.42,30.4,18.4,34,150,
"=A1732+IF(H1733=H1732,I1733-I1732,I1733)/86400000","=IF(H1733=H1732,I1733-I1732,I1733)",,,current,1731,True,4109905524,139688250,True,True,True,True,True,1007,0.0,0.0,34.87,78.51,30.5,18.4,38,153,
"=A1733+IF(H1734=H1733,I1734-I1733,I1734)/86400000","=IF(H1734=H1733,I1734-I1733,I1734)",,,current,1732,True,4109905524,139989234,True,True,True,True,True,1007,0.0,0.0,35.51,78.63,30.5,18.4,23,106,
"=A1734+IF(H1735=H1734,I1735-I1734,I1735)/86400000","=IF(H1735=H1734,I1735-I1734,I1735)",,,current,1733,True,4109905524,140290220,True,True,True,True,True,1008,0.0,0.0,35.62,78.75,30.5,18.4,41,163,
"=A1735+IF(H1736=H1735,I1736-I1735,I1736)/86400000","=IF(H1736=H1735,I1736-I1735,I1736)",,,current,1734,True,4109905524,140591242,True,True,True,True,True,1007,0.0,0.0,36.07,78.83,30.5,18.4,20,99,
"=A1736+IF(H1737=H1736,I1737-I1736,I1737)/86400000","=IF(H1737=H1736,I1737-I1736,I1737)",,,current,1735,True,4109905524,140892205,True,True,True,True,True,1007,0.0,0.0,35.44,78.8,30.6,18.4,26,107,
"=A1737+IF(H1738=H1737,I1738-I1737,I1738)/86400000","=IF(H1738=H1737,I1738-I1737,I1738)",,,current,1736,True,4109905524,141193169,True,True,True,True,True,1007,0.0,0.0,34.84,78.65,30.6,18.4,9,43,
"=A1738+IF(H1739=H1738,I1739-I1738,I1739)/86400000","=IF(H1739=H1738,I1739-I1738,I1739)",,,current,1737,True,4109905524,141494135,True,True,True,True,True,1007,0.0,0.0,34.12,78.54,30.6,18.3,7,34,
"=A1739+IF(H1740=H1739,I1740-I1739,I1740)/86400000","=IF(H1740=H1739,I1740-I1739,I1740)",,,current,1738,True,4109905524,141795105,True,True,True,True,True,1007,0.0,0.0,33.64,78.37,30.5,18.3,24,104,
"=A1740+IF(H1741=H1740,I1741-I1740,I1741)/86400000","=IF(H1741=H1740,I1741-I1740,I1741)",,,current,1739,True,4109905524,142096077,True,True,True,True,True,1008,0.061,1.648,34.54,78.37,30.5,18.3,37,147,
"=A1741+IF(H1742=H1741,I1742-I1741,I1742)/86400000","=IF(H1742=H1741,I1742-I1741,I1742)",,,current,1740,True,4109905524,142397052,True,True,True,True,True,1007,0.0,0.0,34.95,78.55,30.5,18.3,33,135,
"=A1742+IF(H1743=H1742,I1743-I1742,I1743)/86400000","=IF(H1743=H1742,I1743-I1742,I1743)",,,current,1741,True,4109905524,142698025,True,True,True,True,True,1007,0.0,0.0,35.29,78.59,30.6,18.3,39,158,
"=A1743+IF(H1744=H1743,I1744-I1743,I1744)/86400000","=IF(H1744=H1743,I1744-I1743,I1744)",,,current,1742,True,4109905524,142999002,True,True,True,True,True,1007,0.0,0.0,35.77,78.65,30.6,18.3,41,171,
"=A1744+IF(H1745=H1744,I1745-I1744,I1745)/86400000","=IF(H1745=H1744,I1745-I1744,I1745)",,,current,1743,True,4109905524,143299981,True,True,True,True,True,1007,0.0,0.0,36.17,78.73,30.6,18.3,33,141,
"=A1745+IF(H1746=H1745,I1746-I1745,I1746)/86400000","=IF(H1746=H1745,I1746-I1745,I1746)",,,current,1744,True,4109905524,143600962,True,True,True,True,True,1007,0.0,0.0,36.01,78.72,30.7,18.3,15,66,
"=A1746+IF(H1747=H1746,I1747-I1746,I1747)/86400000","=IF(H1747=H1746,I1747-I1746,I1747)",,,current,1745,True,4109905524,143901944,True,True,True,True,True,1007,0.0,0.0,35.63,78.66,30.7,18.3,25,94,
"=A1747+IF(H1748=H1747,I1748-I1747,I1748)/86400000","=IF(H1748=H1747,I1748-I1747,I1748)",,,current,1746,True,4109905524,144202929,True,True,True,True,True,1007,0.0,0.0,35.13,78.52,30.7,18.3,13,59,
"=A1748+IF(H1749=H1748,I1749-I1748,I1749)/86400000","=IF(H1749=H1748,I1749-I1748,I1749)",,,current,1747,True,4109905524,144503914,True,True,True,True,True,1007,0.0,0.0,34.67,78.35,30.6,18.2,14,69,
"=A1749+IF(H1750=H1749,I1750-I1749,I1750)/86400000","=IF(H1750=H1749,I1750-I1749,I1750)",,,current,1748,True,4109905524,144804901,True,True,True,True,True,1007,0.0,0.0,34.66,78.23,30.6,18.2,31,118,
"=A1750+IF(H1751=H1750,I1751-I1750,I1751)/86400000","=IF(H1751=H1750,I1751-I1750,I1751)",,,current,1749,True,4109905524,145105889,True,True,True,True,True,1007,0.0,0.0,35.0,78.22,30.6,18.2,13,64,
"=A1751+IF(H1752=H1751,I1752-I1751,I1752)/86400000","=IF(H1752=H1751,I1752-I1751,I1752)",,,current,1750,True,4109905524,145406915,True,True,True,True,True,1007,0.0,0.0,35.16,78.15,30.6,18.2,14,66,
"=A1752+IF(H1753=H1752,I1753-I1752,I1753)/86400000","=IF(H1753=H1752,I1753-I1752,I1753)",,,current,1751,True,4109905524,145707880,True,True,True,True,True,1007,0.055,1.484,34.83,78.12,30.6,18.2,8,41,
"=A1753+IF(H1754=H1753,I1754-I1753,I1754)/86400000","=IF(H1754=H1753,I1754-I1753,I1754)",,,current,1752,True,4109905524,146008847,True,True,True,True,True,1007,0.0,0.0,34.32,78.01,30.6,18.2,9,45,
"=A1754+IF(H1755=H1754,I1755-I1754,I1755)/86400000","=IF(H1755=H1754,I1755-I1754,I1755)",,,current,1753,True,4109905524,146309818,True,True,True,True,True,1007,0.0,0.0,34.23,77.87,30.6,18.1,32,233,
"=A1755+IF(H1756=H1755,I1756-I1755,I1756)/86400000","=IF(H1756=H1755,I1756-I1755,I1756)",,,current,1754,True,4109905524,146610793,True,True,True,True,True,1007,0.0,0.0,34.59,77.93,30.6,18.1,9,45,
"=A1756+IF(H1757=H1756,I1757-I1756,I1757)/86400000","=IF(H1757=H1756,I1757-I1756,I1757)",,,current,1755,True,4109905524,146911767,True,True,True,True,True,1007,0.0,0.0,34.2,77.84,30.5,18.1,8,35,
"=A1757+IF(H1758=H1757,I1758-I1757,I1758)/86400000","=IF(H1758=H1757,I1758-I1757,I1758)",,,current,1756,True,4109905524,147212743,True,True,True,True,True,1007,0.0,0.0,34.12,77.74,30.5,18.1,9,43,
"=A1758+IF(H1759=H1758,I1759-I1758,I1759)/86400000","=IF(H1759=H1758,I1759-I1758,I1759)",,,current,1757,True,4109905524,147513724,True,True,True,True,True,1007,0.0,0.0,34.35,77.72,30.5,18.1,19,94,
"=A1759+IF(H1760=H1759,I1760-I1759,I1760)/86400000","=IF(H1760=H1759,I1760-I1759,I1760)",,,current,1758,True,4109905524,147814708,True,True,True,True,True,1007,0.0,0.0,34.14,77.71,30.5,18.1,2,10,
"=A1760+IF(H1761=H1760,I1761-I1760,I1761)/86400000","=IF(H1761=H1760,I1761-I1760,I1761)",,,current,1759,True,4109905524,148115690,True,True,True,True,True,1007,0.0,0.0,33.54,77.6,30.4,18.1,1,7,
"=A1761+IF(H1762=H1761,I1762-I1761,I1762)/86400000","=IF(H1762=H1761,I1762-I1761,I1762)",,,current,1760,True,4109905524,148416675,True,True,True,True,True,1007,0.0,0.0,33.07,77.42,30.4,18.1,1,6,
"=A1762+IF(H1763=H1762,I1763-I1762,I1763)/86400000","=IF(H1763=H1762,I1763-I1762,I1763)",,,current,1761,True,4109905524,148717662,True,True,True,True,True,1007,0.0,0.0,32.76,77.31,30.4,18.1,1,6,
"=A1763+IF(H1764=H1763,I1764-I1763,I1764)/86400000","=IF(H1764=H1763,I1764-I1763,I1764)",,,current,1762,True,4109905524,149018650,True,True,True,True,True,1007,0.0,0.0,32.6,77.22,30.4,18.1,2,10,
"=A1764+IF(H1765=H1764,I1765-I1764,I1765)/86400000","=IF(H1765=H1764,I1765-I1764,I1765)",,,current,1763,True,4109905524,149319639,True,True,True,True,True,1007,0.0,0.0,32.56,77.15,30.3,18.1,5,28,
"=A1765+IF(H1766=H1765,I1766-I1765,I1766)/86400000","=IF(H1766=H1765,I1766-I1765,I1766)",,,current,1764,True,4109905524,149620644,True,True,True,True,True,1007,0.013,0.363,32.94,77.19,30.3,18.0,19,87,
"=A1766+IF(H1767=H1766,I1767-I1766,I1767)/86400000","=IF(H1767=H1766,I1767-I1766,I1767)",,,current,1765,True,4109905524,149921623,True,True,True,True,True,1007,0.0,0.0,33.55,77.31,30.3,18.1,15,70,
"=A1767+IF(H1768=H1767,I1768-I1767,I1768)/86400000","=IF(H1768=H1767,I1768-I1767,I1768)",,,current,1766,True,4109905524,150222637,True,True,True,True,True,1007,0.0,0.0,33.81,77.39,30.3,18.1,14,62,
"=A1768+IF(H1769=H1768,I1769-I1768,I1769)/86400000","=IF(H1769=H1768,I1769-I1768,I1769)",,,current,1767,True,4109905524,150523594,True,True,True,True,True,1007,0.0,0.0,33.87,77.42,30.3,18.1,9,44,
"=A1769+IF(H1770=H1769,I1770-I1769,I1770)/86400000","=IF(H1770=H1769,I1770-I1769,I1770)",,,current,1768,True,4109905524,150824556,True,True,True,True,True,1007,0.0,0.0,33.78,77.4,30.3,18.0,12,53,
"=A1770+IF(H1771=H1770,I1771-I1770,I1771)/86400000","=IF(H1771=H1770,I1771-I1770,I1771)",,,current,1769,True,4109905524,151125514,True,True,True,True,True,1007,0.0,0.0,33.87,77.41,30.3,18.0,12,51,
"=A1771+IF(H1772=H1771,I1772-I1771,I1772)/86400000","=IF(H1772=H1771,I1772-I1771,I1772)",,,current,1770,True,4109905524,151426477,True,True,True,True,True,1007,0.0,0.0,34.01,77.41,30.3,18.0,11,53,
"=A1772+IF(H1773=H1772,I1773-I1772,I1773)/86400000","=IF(H1773=H1772,I1773-I1772,I1773)",,,current,1771,True,4109905524,151727440,True,True,True,True,True,1007,0.0,0.0,33.69,77.37,30.3,18.0,6,34,
"=A1773+IF(H1774=H1773,I1774-I1773,I1774)/86400000","=IF(H1774=H1773,I1774-I1773,I1774)",,,current,1772,True,4109905524,152028406,True,True,True,True,True,1007,0.0,0.0,33.36,77.24,30.3,18.0,7,34,
"=A1774+IF(H1775=H1774,I1775-I1774,I1775)/86400000","=IF(H1775=H1774,I1775-I1774,I1775)",,,current,1773,True,4109905524,152329371,True,True,True,True,True,1007,0.0,0.0,33.07,77.19,30.2,18.0,5,24,
"=A1775+IF(H1776=H1775,I1776-I1775,I1776)/86400000","=IF(H1776=H1775,I1776-I1775,I1776)",,,current,1774,True,4109905524,152630341,True,True,True,True,True,1007,0.0,0.0,32.83,77.11,30.2,18.0,4,20,
"=A1776+IF(H1777=H1776,I1777-I1776,I1777)/86400000","=IF(H1777=H1776,I1777-I1776,I1777)",,,current,1775,True,4109905524,152931312,True,True,True,True,True,1007,0.0,0.0,32.57,77.01,30.2,18.0,1,5,
"=A1777+IF(H1778=H1777,I1778-I1777,I1778)/86400000","=IF(H1778=H1777,I1778-I1777,I1778)",,,current,1776,True,4109905524,153232286,True,True,True,True,True,1007,0.0,0.0,32.31,76.91,30.2,18.0,0,3,
"=A1778+IF(H1779=H1778,I1779-I1778,I1779)/86400000","=IF(H1779=H1778,I1779-I1778,I1779)",,,current,1777,True,4109905524,153533258,True,True,True,True,True,1007,0.0,0.0,32.07,76.8,30.2,18.0,0,2,
"=A1779+IF(H1780=H1779,I1780-I1779,I1780)/86400000","=IF(H1780=H1779,I1780-I1779,I1780)",,,current,1778,True,4109905524,153834233,True,True,True,True,True,1007,0.0,0.0,31.91,76.76,30.2,17.9,0,2,
"=A1780+IF(H1781=H1780,I1781-I1780,I1781)/86400000","=IF(H1781=H1780,I1781-I1780,I1781)",,,current,1779,True,4109905524,154135211,True,True,True,True,True,1007,0.0,0.0,31.75,76.67,30.1,17.9,0,2,
"=A1781+IF(H1782=H1781,I1782-I1781,I1782)/86400000","=IF(H1782=H1781,I1782-I1781,I1782)",,,current,1780,True,4109905524,154436193,True,True,True,True,True,1007,0.0,0.0,31.66,76.67,30.1,18.0,0,1,
"=A1782+IF(H1783=H1782,I1783-I1782,I1783)/86400000","=IF(H1783=H1782,I1783-I1782,I1783)",,,current,1781,True,4109905524,154737171,True,True,True,True,True,1007,0.0,0.0,31.56,76.62,30.1,17.9,0,1,
"=A1783+IF(H1784=H1783,I1784-I1783,I1784)/86400000","=IF(H1784=H1783,I1784-I1783,I1784)",,,current,1782,True,4109905524,155038188,True,True,True,True,True,1007,0.0,0.0,31.48,76.66,30.0,18.0,0,1,
"=A1784+IF(H1785=H1784,I1785-I1784,I1785)/86400000","=IF(H1785=H1784,I1785-I1784,I1785)",,,current,1783,True,4109905524,155339148,True,True,True,True,True,1007,0.0,0.0,31.4,76.59,30.0,17.9,0,1,
"=A1785+IF(H1786=H1785,I1786-I1785,I1786)/86400000","=IF(H1786=H1785,I1786-I1785,I1786)",,,current,1784,True,4109905524,155640108,True,True,True,True,True,1007,0.0,0.0,31.31,76.54,30.0,17.9,0,0,
"=A1786+IF(H1787=H1786,I1787-I1786,I1787)/86400000","=IF(H1787=H1786,I1787-I1786,I1787)",,,current,1785,True,4109905524,155941072,True,True,True,True,True,1007,0.0,0.0,31.25,76.54,30.0,17.9,0,0,
"=A1787+IF(H1788=H1787,I1788-I1787,I1788)/86400000","=IF(H1788=H1787,I1788-I1787,I1788)",,,current,1786,True,4109905524,156242037,True,True,True,True,True,1006,0.0,0.0,31.21,76.52,30.0,17.9,0,0,
"=A1788+IF(H1789=H1788,I1789-I1788,I1789)/86400000","=IF(H1789=H1788,I1789-I1788,I1789)",,,current,1787,True,4109905524,156543007,True,True,True,True,True,1007,0.0,0.0,31.18,76.51,30.0,17.9,0,0,
"=A1789+IF(H1790=H1789,I1790-I1789,I1790)/86400000","=IF(H1790=H1789,I1790-I1789,I1790)",,,current,1788,True,4109905524,156843973,True,True,True,True,True,1007,0.0,0.0,31.13,76.51,29.9,17.9,0,0,
"=A1790+IF(H1791=H1790,I1791-I1790,I1791)/86400000","=IF(H1791=H1790,I1791-I1790,I1791)",,,current,1789,True,4109905524,157144942,True,True,True,True,True,1007,0.0,0.0,31.09,76.55,29.9,17.9,0,0,
"=A1791+IF(H1792=H1791,I1792-I1791,I1792)/86400000","=IF(H1792=H1791,I1792-I1791,I1792)",,,current,1790,True,4109905524,157445915,True,True,True,True,True,1007,0.0,0.0,31.06,76.53,29.9,17.9,0,0,
"=A1792+IF(H1793=H1792,I1793-I1792,I1793)/86400000","=IF(H1793=H1792,I1793-I1792,I1793)",,,current,1791,True,4109905524,157746891,True,True,True,True,True,1008,0.0,0.0,31.03,76.55,29.9,17.9,0,0,
"=A1793+IF(H1794=H1793,I1794-I1793,I1794)/86400000","=IF(H1794=H1793,I1794-I1793,I1794)",,,current,1792,True,4109905524,158047866,True,True,True,True,True,1007,0.0,0.0,30.99,76.54,29.9,17.9,0,0,
"=A1794+IF(H1795=H1794,I1795-I1794,I1795)/86400000","=IF(H1795=H1794,I1795-I1794,I1795)",,,current,1793,True,4109905524,158348843,True,True,True,True,True,1008,0.0,0.0,30.97,76.51,29.9,17.9,0,0,
"=A1795+IF(H1796=H1795,I1796-I1795,I1796)/86400000","=IF(H1796=H1795,I1796-I1795,I1796)",,,current,1794,True,4109905524,158649821,True,True,True,True,True,1008,0.049,1.319,30.94,76.56,29.9,17.9,0,0,
"=A1796+IF(H1797=H1796,I1797-I1796,I1797)/86400000","=IF(H1797=H1796,I1797-I1796,I1797)",,,current,1795,True,4109905524,158950803,True,True,True,True,True,1008,0.0,0.0,30.93,76.58,29.9,17.9,0,0,
"=A1797+IF(H1798=H1797,I1798-I1797,I1798)/86400000","=IF(H1798=H1797,I1798-I1797,I1798)",,,current,1796,True,4109905524,159251783,True,True,True,True,True,1008,0.0,0.0,30.9,76.63,29.9,17.9,0,0,
"=A1798+IF(H1799=H1798,I1799-I1798,I1799)/86400000","=IF(H1799=H1798,I1799-I1798,I1799)",,,current,1797,True,4109905524,159552766,True,True,True,True,True,1008,0.0,0.0,30.85,76.66,29.9,17.9,0,0,
"=A1799+IF(H1800=H1799,I1800-I1799,I1800)/86400000","=IF(H1800=H1799,I1800-I1799,I1800)",,,current,1798,True,4109905524,159853787,True,True,True,True,True,1008,0.001,0.033,30.78,76.62,29.9,17.9,0,0,
"=A1800+IF(H1801=H1800,I1801-I1800,I1801)/86400000","=IF(H1801=H1800,I1801-I1800,I1801)",,,current,1799,True,4109905524,160171438,True,True,True,True,True,1008,0.0,0.0,30.75,76.65,29.9,17.8,0,0,
"=A1801+IF(H1802=H1801,I1802-I1801,I1802)/86400000","=IF(H1802=H1801,I1802-I1801,I1802)",,,current,1800,True,4109905524,160472399,True,True,True,True,True,1008,0.0,0.0,30.75,76.68,29.9,17.9,0,0,
"=A1802+IF(H1803=H1802,I1803-I1802,I1803)/86400000","=IF(H1803=H1802,I1803-I1802,I1803)",,,current,1801,True,4109905524,160773364,True,True,True,True,True,1008,0.0,0.0,30.7,76.68,29.8,17.9,0,0,
"=A1803+IF(H1804=H1803,I1804-I1803,I1804)/86400000","=IF(H1804=H1803,I1804-I1803,I1804)",,,current,1802,True,4109905524,161074331,True,True,True,True,True,1008,0.0,0.0,30.67,76.74,29.8,17.9,0,0,
"=A1804+IF(H1805=H1804,I1805-I1804,I1805)/86400000","=IF(H1805=H1804,I1805-I1804,I1805)",,,current,1803,True,4109905524,161375298,True,True,True,True,True,1008,0.0,0.0,30.64,76.8,29.8,17.9,0,0,
"=A1805+IF(H1806=H1805,I1806-I1805,I1806)/86400000","=IF(H1806=H1805,I1806-I1805,I1806)",,,current,1804,True,4109905524,161676268,True,True,True,True,True,1008,0.0,0.0,30.63,76.83,29.8,17.9,0,0,
"=A1806+IF(H1807=H1806,I1807-I1806,I1807)/86400000","=IF(H1807=H1806,I1807-I1806,I1807)",,,current,1805,True,4109905524,161977240,True,True,True,True,True,1008,0.0,0.0,30.59,76.82,29.8,17.8,0,0,
"=A1807+IF(H1808=H1807,I1808-I1807,I1808)/86400000","=IF(H1808=H1807,I1808-I1807,I1808)",,,current,1806,True,4109905524,162278217,True,True,True,True,True,1009,0.0,0.0,30.58,76.88,29.8,17.9,0,0,
"=A1808+IF(H1809=H1808,I1809-I1808,I1809)/86400000","=IF(H1809=H1808,I1809-I1808,I1809)",,,current,1807,True,4109905524,162579192,True,True,True,True,True,1009,0.0,0.0,30.56,76.94,29.8,17.9,0,0,
"=A1809+IF(H1810=H1809,I1810-I1809,I1810)/86400000","=IF(H1810=H1809,I1810-I1809,I1810)",,,current,1808,True,4109905524,162880168,True,True,True,True,True,1009,0.0,0.0,30.55,76.9,29.8,17.9,0,0,
"=A1810+IF(H1811=H1810,I1811-I1810,I1811)/86400000","=IF(H1811=H1810,I1811-I1810,I1811)",,,current,1809,True,4109905524,163181147,True,True,True,True,True,1009,0.0,0.0,30.55,76.99,29.8,17.8,0,0,
"=A1811+IF(H1812=H1811,I1812-I1811,I1812)/86400000","=IF(H1812=H1811,I1812-I1811,I1812)",,,current,1810,True,4109905524,163482130,True,True,True,True,True,1009,0.0,0.0,30.52,77.05,29.8,17.8,0,0,
"=A1812+IF(H1813=H1812,I1813-I1812,I1813)/86400000","=IF(H1813=H1812,I1813-I1812,I1813)",,,current,1811,True,4109905524,163783112,True,True,True,True,True,1009,0.0,0.0,30.5,77.05,29.7,17.8,0,0,
"=A1813+IF(H1814=H1813,I1814-I1813,I1814)/86400000","=IF(H1814=H1813,I1814-I1813,I1814)",,,current,1812,True,4109905524,164084097,True,True,True,True,True,1009,0.0,0.0,30.47,77.05,29.7,17.8,0,0,
"=A1814+IF(H1815=H1814,I1815-I1814,I1815)/86400000","=IF(H1815=H1814,I1815-I1814,I1815)",,,current,1813,True,4109905524,164385083,True,True,True,True,True,1009,0.0,0.0,30.46,77.12,29.8,17.8,0,0,
"=A1815+IF(H1816=H1815,I1816-I1815,I1816)/86400000","=IF(H1816=H1815,I1816-I1815,I1816)",,,current,1814,True,4109905524,164686103,True,True,True,True,True,1009,0.0,0.0,30.42,77.15,29.8,17.8,0,0,
"=A1816+IF(H1817=H1816,I1817-I1816,I1817)/86400000","=IF(H1817=H1816,I1817-I1816,I1817)",,,current,1815,True,4109905524,164987067,True,True,True,True,True,1009,0.0,0.0,30.41,77.27,29.7,17.8,0,0,
"=A1817+IF(H1818=H1817,I1818-I1817,I1818)/86400000","=IF(H1818=H1817,I1818-I1817,I1818)",,,current,1816,True,4109905524,165288032,True,True,True,True,True,1009,0.0,0.0,30.4,77.27,29.7,17.8,0,0,
"=A1818+IF(H1819=H1818,I1819-I1818,I1819)/86400000","=IF(H1819=H1818,I1819-I1818,I1819)",,,current,1817,True,4109905524,165589003,True,True,True,True,True,1009,0.0,0.0,30.4,77.29,29.7,17.8,0,0,
"=A1819+IF(H1820=H1819,I1820-I1819,I1820)/86400000","=IF(H1820=H1819,I1820-I1819,I1820)",,,current,1818,True,4109905524,165889971,True,True,True,True,True,1009,0.0,0.0,30.38,77.37,29.7,17.8,0,0,
"=A1820+IF(H1821=H1820,I1821-I1820,I1821)/86400000","=IF(H1821=H1820,I1821-I1820,I1821)",,,current,1819,True,4109905524,166190942,True,True,True,True,True,1009,0.0,0.0,30.35,77.36,29.7,17.8,0,0,
"=A1821+IF(H1822=H1821,I1822-I1821,I1822)/86400000","=IF(H1822=H1821,I1822-I1821,I1822)",,,current,1820,True,4109905524,166491915,True,True,True,True,True,1009,0.0,0.0,30.31,77.41,29.7,17.7,0,0,
"=A1822+IF(H1823=H1822,I1823-I1822,I1823)/86400000","=IF(H1823=H1822,I1823-I1822,I1823)",,,current,1821,True,4109905524,166792891,True,True,True,True,True,1009,0.006,0.165,30.25,77.44,29.7,17.8,0,0,
"=A1823+IF(H1824=H1823,I1824-I1823,I1824)/86400000","=IF(H1824=H1823,I1824-I1823,I1824)",,,current,1822,True,4109905524,167093866,True,True,True,True,True,1009,0.028,0.758,30.24,77.42,29.7,17.8,0,0,
"=A1824+IF(H1825=H1824,I1825-I1824,I1825)/86400000","=IF(H1825=H1824,I1825-I1824,I1825)",,,current,1823,True,4109905524,167394844,True,True,True,True,True,1009,0.115,3.099,30.26,77.51,29.6,17.7,0,0,
"=A1825+IF(H1826=H1825,I1826-I1825,I1826)/86400000","=IF(H1826=H1825,I1826-I1825,I1826)",,,current,1824,True,4109905524,167695825,True,True,True,True,True,1009,0.0,0.0,30.29,77.58,29.6,17.7,0,0,
"=A1826+IF(H1827=H1826,I1827-I1826,I1827)/86400000","=IF(H1827=H1826,I1827-I1826,I1827)",,,current,1825,True,4109905524,167996809,True,True,True,True,True,1009,0.0,0.0,30.24,77.64,29.6,17.7,0,0,
"=A1827+IF(H1828=H1827,I1828-I1827,I1828)/86400000","=IF(H1828=H1827,I1828-I1827,I1828)",,,current,1826,True,4109905524,168297791,True,True,True,True,True,1009,0.0,0.0,30.23,77.7,29.6,17.7,0,0,
"=A1828+IF(H1829=H1828,I1829-I1828,I1829)/86400000","=IF(H1829=H1828,I1829-I1828,I1829)",,,current,1827,True,4109905524,168598776,True,True,True,True,True,1009,0.0,0.0,30.2,77.72,29.6,17.7,0,0,
"=A1829+IF(H1830=H1829,I1830-I1829,I1830)/86400000","=IF(H1830=H1829,I1830-I1829,I1830)",,,current,1828,True,4109905524,168899764,True,True,True,True,True,1009,0.0,0.0,30.16,77.77,29.6,17.7,0,0,
"=A1830+IF(H1831=H1830,I1831-I1830,I1831)/86400000","=IF(H1831=H1830,I1831-I1830,I1831)",,,current,1829,True,4109905524,169200755,True,True,True,True,True,1009,0.0,0.0,30.13,77.78,29.6,17.7,0,0,
"=A1831+IF(H1832=H1831,I1832-I1831,I1832)/86400000","=IF(H1832=H1831,I1832-I1831,I1832)",,,current,1830,True,4109905524,169501776,True,True,True,True,True,1009,0.0,0.0,30.06,77.81,29.6,17.7,0,0,
